"0","library(readr)"
"0","Investment_Rate <- read_csv(""InvestmentRate.csv"") %>%"
"0","  pivot_longer(3:42,names_to = ""Year"", values_to = ""Investment_Rate_percent"")%>%"
"0","  mutate(Year = parse_integer(Year))"
"1","
[36m──[39m [1m[1mColumn specification[1m[22m [36m─────────────────────────────────────────────────────────────────────[39m
cols(
  .default = col_double(),
  ISO = [31mcol_character()[39m,
  Country = [31mcol_character()[39m
)
[36mℹ[39m Use [38;5;235m[48;5;253m[38;5;235m[48;5;253m`spec()`[48;5;253m[38;5;235m[49m[39m for the full column specifications.

"
"0","#View(Investment_Rate)"
"0",""
"0",""
"0","library(readr)"
"0","Savings_Rate <- read_csv(""SavingsRate.csv"") %>%"
"0","  pivot_longer(3:42,names_to = ""Year"", values_to = ""Savings_Rate_percent"")%>%"
"0","  mutate(Year = parse_integer(Year))"
"1","
[36m──[39m [1m[1mColumn specification[1m[22m [36m─────────────────────────────────────────────────────────────────────[39m
cols(
  .default = col_double(),
  ISO = [31mcol_character()[39m,
  Country = [31mcol_character()[39m
)
[36mℹ[39m Use [38;5;235m[48;5;253m[38;5;235m[48;5;253m`spec()`[48;5;253m[38;5;235m[49m[39m for the full column specifications.

"
"0","#View(Savings_Rate)"
"0",""
"0",""
"0","(Variables_Merge_4 <- left_join(x = Variables_Merge_3, y = Investment_Rate, by = c(""ISO"", ""Year""))%>%"
"0","  select(-9)%>%"
"0","  rename(""Country"" = ""Country.x"") %>%"
"0","  select(ISO, Country, Year, GDP_Growth_percent, Remittance_per_capita, Trade_GDP_Ratio_percent, Investment_Rate_percent, Remittance_million, Population_million))"
