ISO,Migrant remittance inflows (US$ million),1981,1982,1983,1984,1985,1986,1987,1988,1989,1990,1991,1992,1993,1994,1995,1996,1997,1998,1999,2000,2001,2002,2003,2004,2005,2006,2007,2008,2009,2010,2011,2012,2013,2014,2015,2016,2017,2018,2019,2020
AFG,Afghanistan,,,,,,,,,,,,,,,,,,,,,,,,,,,,89.50,140.70,378.21,179.12,219.42,347.17,253.37,348.62,627.71,822.73,803.55,828.57,788.92
ALB,Albania,,,,,,,,,,,,151.80,332.00,307.10,427.30,550.90,300.30,504.14,407.20,597.80,699.30,733.57,888.75,1160.67,1289.70,1359.47,1468.02,1865.60,1717.70,1586.57,1552.08,1419.77,1281.85,1421.01,1290.86,1306.01,1311.82,1458.21,1472.81,1466.00
DZA,Algeria,447.00,507.00,392.00,329.00,313.00,358.00,487.00,379.00,345.00,352.44,232.99,,,,,,,,,,,,,,170.00,189.00,99.00,103.63,150.34,196.60,202.87,214.84,209.60,2452.44,1997.39,1989.02,1791.89,1985.00,1785.84,1682.30
AGO,Angola,,,,,,,,,,,,,,,,5.14,,,,,,,,,,,,82.08,0.20,17.97,0.20,40.35,36.64,30.97,11.11,3.99,1.42,1.58,3.45,8.05
ATG,Antigua and Barbuda,,,,,,11.19,11.74,12.34,13.20,9.40,,,7.93,8.61,,8.94,9.54,18.76,18.39,17.34,23.68,14.24,16.37,17.60,18.31,19.33,20.78,21.83,20.66,20.20,20.29,20.86,21.13,32.10,31.24,26.71,24.02,24.71,24.71,24.71
ARG,Argentina,42.00,28.00,28.00,32.00,27.00,32.00,34.00,,,,,15.40,57.70,62.40,63.60,65.00,65.70,68.50,64.30,86.34,189.60,206.63,273.42,311.78,432.09,540.70,606.50,705.14,628.54,644.30,697.38,577.53,535.00,505.35,494.43,391.58,479.94,506.54,528.29,632.31
ARM,Armenia,,,,,,,,,,,,,0.20,11.12,71.35,153.73,228.99,166.65,182.65,182.16,209.24,263.89,335.86,787.52,915.23,1169.17,1644.38,1904.07,1439.81,1669.34,1798.62,1914.98,2192.19,2078.62,1491.48,1382.33,1538.66,1488.02,1527.96,1326.93
ABW,Aruba,,,,,,,,,,,1.73,1.73,2.40,3.63,1.34,1.62,1.84,1.62,0.61,1.08,1.34,1.33,0.27,1.46,0.82,1.04,5.20,6.76,9.05,4.97,5.31,4.86,6.34,7.47,8.08,52.70,56.14,36.92,34.28,34.99
AZE,Azerbaijan,,,,,,,,,,,,,,,3.00,,,6.29,54.49,57.13,104.13,163.32,155.96,203.58,623.24,790.21,1267.74,1518.33,1254.65,1410.30,1893.08,1990.18,1733.20,1846.42,1269.96,643.15,1133.37,1225.79,1275.17,1403.09
BGD,Bangladesh,381.00,527.00,642.00,501.00,503.00,576.00,748.00,764.00,758.00,778.87,769.37,911.76,1007.38,1150.88,1201.66,1344.66,1526.50,1605.79,1806.79,1967.53,2104.55,2858.06,3191.66,3583.82,4314.50,5427.52,6562.32,8940.61,10520.65,10850.21,12071.07,14119.63,13866.95,14987.53,15295.54,13574.29,13501.93,15566.24,18363.86,21749.70
BRB,Barbados,11.05,9.05,8.45,10.40,8.15,10.80,28.20,31.95,32.00,52.25,54.20,54.50,55.35,57.20,60.90,68.00,77.00,86.75,98.70,113.20,129.95,125.06,130.50,129.11,94.46,87.35,138.67,101.16,114.48,81.87,147.29,152.32,190.98,188.72,198.04,155.60,108.32,108.32,108.32,108.32
BLR,Belarus,,,,,,,,,,,,,0.40,0.40,28.50,93.30,46.50,53.90,62.00,114.20,67.20,80.60,164.10,239.40,198.60,268.20,288.30,583.30,503.80,575.30,890.60,1053.10,1213.50,1231.30,931.50,976.60,1253.80,1445.80,1418.80,1002.20
BLZ,Belize,,,,17.75,21.05,24.40,19.35,16.95,21.95,18.45,15.60,19.75,16.50,12.97,13.90,17.25,22.70,23.40,24.42,24.87,28.40,26.84,32.15,33.65,44.69,63.81,73.12,76.49,78.58,78.13,75.40,75.95,74.40,80.33,84.74,96.67,90.21,92.51,96.82,92.91
BEN,Benin,62.01,36.95,43.85,42.07,40.29,50.82,60.23,71.12,91.34,93.70,116.20,135.17,107.83,88.40,98.93,84.92,70.11,89.18,75.05,85.88,83.06,76.11,55.40,63.12,146.94,195.67,240.79,207.86,126.46,139.57,172.10,207.76,248.80,304.66,214.45,221.73,195.78,198.74,216.99,206.14
BTN,Bhutan,,,,,,,,,,,,,,,,,,,,,,,,,,2.20,2.93,3.55,4.87,8.27,10.46,18.14,11.80,14.29,19.66,34.34,43.15,58.15,56.66,83.39
BOL,Bolivia,4.70,2.70,5.00,5.80,6.00,8.00,8.60,4.50,8.50,3.80,2.90,3.20,3.20,3.30,5.40,10.70,84.90,88.40,96.00,126.87,135.28,112.90,158.17,210.56,337.04,602.97,1055.37,1134.72,1057.93,960.21,1043.00,1110.53,1201.34,1177.00,1190.96,1246.63,1408.00,1388.28,1331.61,1122.09
BIH,Bosnia and Herzegovina,,,,,,,,,,,,,,,,,,1984.05,1872.78,1580.95,1500.02,1495.73,1738.10,2053.20,2037.73,2148.94,2686.50,2717.66,2127.03,1822.30,1958.23,1845.72,1957.99,2107.14,1801.11,1846.00,2016.87,2262.88,2261.21,1811.40
BWA,Botswana,74.58,56.43,55.88,49.99,31.27,37.25,54.32,54.69,49.38,81.27,78.95,86.84,64.55,63.40,55.33,43.26,40.93,36.26,26.36,18.54,17.91,19.07,27.31,78.66,117.74,103.86,92.19,46.82,15.21,22.30,20.41,20.23,36.00,46.12,30.05,24.62,38.96,44.31,53.69,46.11
BRA,Brazil,124.00,57.00,29.00,46.00,40.00,40.00,42.00,32.00,120.00,537.00,1067.00,1737.00,1161.00,1893.00,2952.00,2059.00,1572.00,1236.00,1501.00,1349.59,1448.91,2003.79,2286.68,2812.51,2805.36,3287.16,3305.69,3642.59,2889.16,3082.80,3214.60,2784.07,2717.68,2647.91,2896.91,2739.79,2698.77,2933.49,3213.62,3566.30
BGR,Bulgaria,,,,,,,,,,,,,,,,41.50,50.60,50.68,42.53,58.24,826.20,1176.95,1718.49,1722.77,1612.91,1716.44,1693.55,1918.65,1591.79,1332.90,1483.19,1448.88,1666.96,1684.74,1494.74,1665.57,2193.59,2408.23,2342.37,954.92
BFA,Burkina Faso,153.04,110.03,113.05,90.24,126.05,192.00,173.00,187.00,155.00,,,,,,,,,,,,,,,,56.66,68.00,84.44,99.74,96.37,120.46,221.10,209.98,308.47,396.31,384.99,397.37,416.84,455.65,467.25,464.68
BDI,Burundi,,,,,,,,,,,,,,,,,,,,,,,,0.04,0.10,0.01,0.19,3.65,28.23,34.50,45.46,46.43,48.64,56.26,51.04,31.28,33.73,48.33,48.33,45.63
CPV,Cabo Verde,31.60,25.85,20.55,20.62,20.76,27.56,36.43,42.74,47.70,59.14,62.37,76.01,76.49,85.45,105.86,100.35,76.42,73.74,79.72,89.76,80.95,85.02,108.44,113.43,136.69,136.57,138.79,155.04,135.62,130.91,176.88,177.00,175.92,196.98,200.90,211.37,216.55,233.49,235.87,243.57
KHM,Cambodia,,,,,,,,,,,,9.00,9.50,11.30,11.60,11.60,11.70,72.20,82.40,102.60,112.80,123.00,128.20,147.40,163.70,183.70,185.80,187.92,142.21,557.40,610.65,855.04,1003.33,1103.12,1185.47,1199.21,1287.32,1431.30,1524.62,1271.95
CMR,Cameroon,28.70,19.02,28.00,14.83,12.22,23.74,12.78,12.32,32.57,22.99,7.34,25.01,20.34,11.40,11.24,13.41,13.56,22.61,15.41,22.16,16.85,29.60,75.58,103.57,77.02,130.06,167.56,162.67,185.11,114.97,219.54,210.41,244.13,283.34,241.71,269.00,316.80,333.55,355.55,339.67
CHL,Chile,,,1.00,1.00,1.00,0.40,0.50,0.10,1.30,0.40,,,,,,,,,,13.30,11.90,12.40,,,,,,,51.94,62.32,70.92,72.03,71.11,60.61,58.99,64.55,66.54,69.86,69.37,70.93
CHN,China,,616.00,542.00,403.00,271.00,407.00,166.00,129.00,76.00,124.00,207.00,228.00,108.00,395.00,350.00,1670.00,4586.00,344.00,530.00,758.00,1209.00,2354.00,4620.00,6640.00,23625.90,27565.19,38395.04,47742.81,41600.37,52459.65,61576.22,57986.60,59491.29,62332.34,63937.65,61000.00,63875.67,67413.59,68398.48,59506.67
COL,Colombia,160.00,87.00,72.00,78.00,110.00,416.00,625.00,458.00,467.00,495.00,881.00,640.50,467.70,968.35,815.12,753.04,773.52,805.93,1312.05,1610.10,2056.36,2479.94,3076.02,3189.71,3345.61,3899.16,4460.19,4826.85,4124.86,4030.85,4101.32,4018.67,4449.83,4165.73,4679.69,4913.25,5546.45,6360.27,6761.96,6873.55
COM,Comoros,1.22,2.37,1.84,2.14,4.23,4.76,6.80,7.38,7.89,9.94,10.10,16.00,16.03,15.23,12.21,,,,,,,,32.04,48.71,54.06,63.20,74.05,101.33,100.41,87.25,108.17,110.20,,159.82,131.87,116.75,131.60,172.62,168.68,161.40
COD,"Congo, Dem. Rep.",,,,,,,,,,,,,,,,,,,,,,,,,8.90,12.80,8.80,14.70,19.50,15.70,1127.50,855.85,1001.36,756.41,1166.57,593.48,1076.29,1822.71,2076.32,1930.98
COG,"Congo, Rep.",,,,,,0.04,0.01,4.43,,,,,,,4.24,7.82,4.57,1.94,11.67,10.35,12.12,1.18,12.39,14.95,11.38,13.20,16.70,21.63,33.95,33.10,62.14,68.35,72.04,41.54,29.78,7.70,,,,
CRI,Costa Rica,2.40,5.60,5.30,6.40,7.20,7.70,7.90,9.10,10.00,12.00,13.40,14.20,16.00,17.10,123.30,130.77,130.10,128.10,126.48,136.00,198.44,250.65,320.88,319.55,420.35,513.16,617.92,604.77,513.09,530.69,520.22,562.34,596.40,593.93,551.99,545.42,560.37,533.51,553.38,500.00
CIV,Cote d'Ivoire,30.91,28.91,27.03,24.95,24.04,35.81,42.92,42.64,35.42,,,,,,,,,,,,,,,,163.24,166.91,184.94,199.72,316.35,373.84,397.10,367.09,384.78,387.21,336.38,342.44,307.65,332.05,328.29,323.76
HRV,Croatia,,,,,,,,,,,,,230.03,375.51,544.17,649.92,593.98,601.21,528.87,1008.10,1132.78,1331.30,1565.79,1873.60,1874.47,1926.15,2228.81,2505.31,2268.83,2287.05,2524.04,2084.70,2174.20,2617.37,2520.84,3022.47,3430.48,3807.93,4032.58,3976.50
CYP,Cyprus,83.05,79.72,78.23,73.59,71.50,57.13,63.81,71.36,68.94,78.59,65.67,81.19,79.41,81.27,48.63,49.32,47.67,48.28,49.73,44.99,77.85,20.66,31.81,77.39,104.82,104.51,142.18,948.60,593.41,861.73,740.51,601.12,431.00,323.09,297.85,391.57,450.20,521.16,438.52,576.88
CZE,Czech Republic,,,,,,,,,,,,,138.07,164.01,189.10,110.47,71.08,345.84,310.63,293.97,256.46,332.66,493.72,1221.90,1340.52,1603.25,1827.05,1134.44,1196.08,1229.06,1394.31,1409.13,1737.88,2628.26,2674.83,3126.39,3585.22,3935.99,3859.94,4184.38
DJI,Djibouti,,,,,,,,,,,13.12,13.12,19.04,13.55,11.89,10.94,11.47,11.94,11.56,12.29,11.95,14.96,24.67,24.74,25.85,28.47,28.64,30.33,32.47,32.64,32.36,33.27,39.79,37.88,39.71,40.24,41.32,59.86,79.46,55.85
DMA,Dominica,8.50,7.50,9.40,10.80,11.10,7.70,11.78,16.11,13.37,9.78,0.40,0.24,9.62,10.32,10.84,11.11,11.43,12.07,12.99,13.52,14.34,14.46,14.80,20.03,21.77,22.08,22.48,22.69,22.14,22.89,22.87,23.25,23.55,50.50,55.93,44.03,44.35,49.18,49.18,49.00
DOM,Dominican Republic,183.00,190.00,195.00,205.00,242.00,225.00,273.00,289.00,301.00,314.80,329.50,346.60,758.10,797.50,839.20,962.70,1142.20,1405.80,1631.10,1838.80,1981.80,2194.30,2325.40,2501.20,2719.20,3053.80,3397.00,3605.50,3414.70,3887.00,4240.70,4262.10,4485.50,4810.40,5196.20,5508.40,6177.80,6814.20,7420.50,8331.60
ECU,Ecuador,,,,,,3.00,3.00,2.00,1.00,51.00,56.00,75.00,202.92,276.23,386.12,488.96,647.72,798.72,1089.52,1322.30,1420.56,1438.02,1633.43,1838.04,2460.00,2933.81,3341.34,3088.63,2742.44,2599.03,2680.60,2476.23,2458.80,2472.45,2387.56,2612.10,2849.07,3039.08,3242.68,3343.79
EGY,"Egypt, Arab Rep.",2180.00,2440.00,3670.00,3960.00,3210.00,2510.00,3600.00,3770.00,3290.00,4283.50,4054.00,6104.00,5664.00,3672.00,3226.00,3107.00,3697.00,3370.00,3235.30,2852.00,2911.40,2893.10,2960.90,3340.70,5017.30,5329.50,7655.80,8694.00,7149.60,12453.10,14324.30,19236.40,17833.10,19570.40,18325.40,18590.40,24737.40,25515.70,26781.40,29602.90
SLV,El Salvador,72.48,112.20,115.44,158.92,156.96,157.73,186.24,210.36,237.68,366.28,475.23,694.31,795.75,971.73,1063.90,1083.84,1199.49,1338.32,1386.00,1764.20,1924.30,1952.60,2121.30,2563.00,3028.60,3482.70,3709.05,3754.75,3402.34,3471.84,3643.95,3914.05,3966.48,4160.38,4274.62,4561.58,4996.35,5391.74,5661.16,5936.16
EST,Estonia,,,,,,,,,,,,,,2.91,1.28,1.68,1.74,2.64,2.31,4.05,11.02,19.15,42.00,154.98,254.61,392.14,381.28,416.33,340.05,357.08,438.65,460.68,564.80,543.92,457.28,486.48,505.09,570.40,543.07,506.61
SWZ,Eswatini,39.93,37.21,53.05,52.67,47.55,55.01,78.88,94.79,109.72,110.54,108.32,110.31,82.40,76.93,82.22,75.40,83.75,78.37,70.01,56.80,52.72,44.13,65.23,82.80,95.42,95.66,95.12,89.64,93.46,54.69,63.50,88.55,75.12,95.82,95.77,98.42,144.42,125.74,118.70,112.50
ETH,Ethiopia,10.48,10.19,11.01,11.50,14.20,13.57,8.55,11.30,6.47,5.22,9.76,15.02,18.38,24.63,27.36,16.01,9.23,27.31,33.73,53.16,18.31,32.99,46.47,133.74,173.52,172.15,357.84,386.70,261.60,436.14,538.34,624.36,833.03,1796.38,1086.99,772.24,393.38,436.33,531.04,504.48
FJI,Fiji,9.30,8.09,7.98,10.61,27.65,29.75,27.01,22.65,22.99,21.34,19.11,22.56,25.94,29.57,32.71,33.35,34.63,25.87,23.20,43.30,77.58,99.40,123.68,172.65,203.30,204.58,183.21,146.68,171.06,175.63,160.56,190.61,203.57,220.97,251.18,269.11,274.23,285.45,286.59,312.49
GAB,Gabon,0.18,0.06,0.29,0.09,0.13,0.23,0.30,0.13,0.16,,,,,,4.47,5.73,6.15,5.56,4.25,6.05,5.36,2.85,5.99,6.85,11.03,,14.41,20.65,13.85,38.43,21.79,22.59,16.53,29.47,18.46,18.46,18.46,18.46,18.46,17.73
GMB,"Gambia, The",,0.19,0.70,,,,,,,,,,,,,,,,,,,,54.07,60.75,59.30,63.77,55.66,64.81,79.80,115.70,91.36,106.35,109.83,137.77,135.96,207.37,228.18,203.60,275.48,297.52
GEO,Georgia,,,,,,,,,,,,,,,,,284.00,372.90,360.80,205.90,218.64,226.33,248.45,358.59,446.01,627.35,883.07,1065.02,1111.62,1183.94,1547.27,1770.12,1945.28,1986.47,1458.74,1520.79,1793.95,2034.29,2258.21,2109.70
GHA,Ghana,1.40,1.50,0.50,4.70,4.20,0.60,0.70,6.00,6.00,6.00,6.20,7.30,10.10,15.70,17.21,27.50,26.00,29.50,30.70,32.40,45.91,43.52,65.10,82.37,99.18,105.25,117.36,126.10,114.46,135.85,2134.60,2155.50,1863.99,2007.83,4982.44,2979.93,3536.41,3520.57,3396.19,3564.70
GRD,Grenada,,,,,,16.78,22.33,23.52,16.85,9.95,0.08,0.08,10.19,13.60,19.85,20.96,21.52,22.06,23.15,24.23,24.31,24.76,25.28,48.11,26.84,28.44,28.62,28.85,27.65,28.48,28.95,29.29,29.65,41.00,43.35,45.07,47.27,48.46,48.46,48.46
GTM,Guatemala,24.50,10.70,3.90,3.40,1.00,0.70,0.10,45.70,85.00,118.70,178.90,230.60,240.80,284.50,357.50,375.40,408.00,456.50,465.60,596.20,633.75,1600.19,2146.96,2627.50,3066.60,3700.10,4236.20,4425.60,4002.16,4224.68,4533.05,4965.27,5303.73,5751.44,6481.90,7362.67,8393.88,9437.67,10655.59,11402.84
GIN,Guinea,,,,,,0.07,0.07,26.71,,,,,,0.49,0.74,1.07,1.48,4.98,6.02,1.17,8.72,15.19,111.05,41.64,41.57,29.50,15.07,61.52,52.00,46.26,64.50,66.30,93.01,121.43,130.58,52.17,44.66,28.43,158.13,151.13
GNB,Guinea-Bissau,,,,,,,,1.50,1.20,1.00,,,,,,2.00,2.00,,,,10.03,17.63,23.13,27.70,19.90,25.52,43.00,49.46,48.85,45.89,52.11,45.64,63.79,92.42,84.95,56.43,105.18,127.98,151.19,122.99
GUY,Guyana,,2.30,1.17,2.61,,,,,,,,,,,,14.60,15.00,14.00,20.50,27.30,22.30,51.00,99.30,153.01,201.29,218.08,278.50,273.90,262.07,367.81,412.20,469.26,328.15,329.66,302.80,269.17,322.34,333.69,380.36,361.23
HTI,Haiti,127.00,97.04,89.88,90.00,95.78,105.00,113.00,124.00,123.00,,,,,,,,,327.30,422.05,578.00,623.58,675.66,811.00,931.54,986.15,1062.87,1222.09,1369.75,1375.55,1473.80,1551.37,1612.33,1781.00,1977.03,2195.56,2358.65,2721.84,3142.26,3326.93,3110.52
HND,Honduras,1.75,1.50,1.80,1.95,2.10,2.10,33.70,41.80,48.60,62.90,82.60,112.00,63.80,89.00,124.00,157.30,190.00,225.00,328.30,474.50,610.44,801.40,865.39,1169.10,1805.19,2358.47,2613.64,2821.34,2477.34,2617.91,2810.59,2920.37,3098.24,3369.51,3666.20,3863.74,4322.76,4776.55,5401.47,5576.00
HKG,Hong Kong SAR,,,,,,,,,,,,,,,,,,153.60,130.45,135.54,152.85,120.53,119.69,239.86,296.76,294.03,316.87,355.35,347.79,339.57,351.64,366.82,360.24,372.45,386.75,399.49,436.90,424.57,451.25,458.03
HUN,Hungary,,,,,,,,,,,,,,,351.70,326.98,296.16,315.21,336.05,363.17,364.26,443.56,466.99,632.56,731.50,858.66,975.98,1312.20,1575.17,1849.91,2305.03,3147.78,4159.62,4202.89,3953.86,4171.22,4123.72,4391.79,4710.36,3649.80
IND,India,2301.89,2621.91,2662.48,2293.07,2472.29,2243.01,2663.47,2316.72,2609.86,2383.74,3289.11,2897.43,3522.79,5856.69,6223.00,8765.69,10330.97,9479.30,11124.28,12883.47,14273.02,15735.74,20999.15,18750.38,22125.09,28333.64,37216.76,49977.28,49204.00,53479.96,62499.08,68820.52,69970.36,70388.64,68909.69,62744.36,68967.18,78790.17,83332.08,83149.00
IDN,Indonesia,,,10.00,53.00,61.00,71.00,86.00,99.00,167.00,166.00,130.00,229.00,346.00,449.00,651.00,796.00,725.00,958.17,1109.00,1190.20,1046.00,1258.92,1488.71,1866.31,5419.62,5722.36,6174.34,6794.20,6792.91,6916.00,6923.97,7212.20,7614.42,8551.16,9659.17,8906.66,8989.53,11215.34,11666.40,9650.93
IRN,"Iran, Islamic Rep.",,,,,,,,,,,1200.00,1196.00,1500.00,1200.00,1600.00,658.00,400.00,680.00,508.00,536.00,682.00,851.00,1178.00,1032.00,1032.00,1032.00,1115.00,1115.00,1072.00,1181.00,1330.00,1330.00,1330.00,1330.00,1330.00,1330.00,1330.00,1330.00,1330.00,1330.00
IRQ,Iraq,,,,,,,,,,,,,,,,,,,,,,,,,711.10,388.90,3.10,70.90,152.00,176.70,223.00,271.00,727.00,729.40,1004.50,986.40,1088.50,741.70,859.20,716.98
JAM,Jamaica,107.00,111.10,84.20,73.90,145.50,111.50,120.50,153.90,208.30,228.70,181.30,215.60,239.20,507.10,639.10,690.30,715.10,741.50,775.00,877.70,1046.60,1241.60,1379.60,1601.20,1761.63,1923.74,2122.09,2156.59,1889.49,2026.45,2105.60,2168.14,2171.89,2268.79,2361.23,2433.42,2462.68,2501.61,2562.54,2956.23
JOR,Jordan,1030.00,1080.00,1110.00,1240.00,1020.00,1180.00,938.00,895.00,627.00,499.27,447.91,843.66,1040.15,1093.90,1243.99,1544.15,1655.15,1542.74,1664.03,1845.13,2011.33,2134.98,2201.13,2287.45,2420.87,2793.94,3326.38,3510.16,3465.21,3622.90,3683.94,3848.31,5342.82,6369.72,5348.31,4374.65,4431.97,4471.97,4389.30,3901.27
KAZ,Kazakhstan,,,,,,,,,,,,,,,,1.20,1.20,6.40,3.60,67.50,85.04,111.25,42.20,57.38,62.02,83.59,142.99,125.57,198.20,225.56,179.71,282.98,341.41,401.38,294.27,384.17,560.42,618.04,506.08,374.39
KEN,Kenya,7.41,7.05,5.71,5.83,6.33,10.05,10.51,12.06,11.23,0.22,0.20,,,71.36,87.50,87.54,506.62,531.91,584.85,,50.91,57.14,65.85,375.81,424.99,570.46,645.22,667.31,631.47,685.76,934.10,1211.02,1304.27,1440.84,1569.26,1744.64,1962.26,2720.37,2838.19,3100.00
KIR,Kiribati,,,,,,,,,,5.14,6.06,6.02,6.10,6.90,,,,,,,,,,,,13.00,13.94,14.37,14.05,15.65,17.03,17.64,17.25,16.38,14.05,16.29,17.96,19.98,20.08,19.00
UVK,Kosovo,,,,,,,,,,,,,,,,,,,,,,,,621.91,701.59,771.47,919.89,1046.52,1056.11,1006.68,993.38,945.61,1058.40,1098.95,971.42,985.80,1112.08,1235.73,1248.99,1436.09
KGZ,Kyrgyz Republic,,,,,,,,,,,,,1.79,1.00,1.24,2.44,2.74,2.21,1.14,2.24,4.53,30.29,70.33,179.06,313.25,473.07,704.00,1223.27,981.96,1266.20,1708.69,2031.37,2278.00,2242.83,1687.70,1994.61,2485.78,2688.57,2410.51,2200.00
LAO,Lao PDR,,,,2.80,3.50,3.70,3.50,6.70,8.30,,,2.20,2.60,0.50,0.40,0.50,0.50,0.60,0.60,0.66,0.69,0.73,0.77,0.80,0.83,4.24,6.20,17.77,37.58,41.77,110.30,203.00,170.44,188.05,189.21,189.36,242.71,239.88,296.52,265.00
LVA,Latvia,,,,,,,,,,,,,,,,40.77,45.71,49.40,48.60,252.10,273.69,112.56,157.50,218.57,379.05,480.13,550.49,1920.43,1586.66,1257.37,1505.69,1498.60,1604.44,1553.48,1335.77,1234.95,1274.15,1237.35,1142.61,1088.35
LBN,Lebanon,,,,,,,,,,,,,,,,,,,,,,2544.45,4743.00,5591.44,4924.31,5202.24,5769.24,7180.59,7558.14,6914.06,6877.55,6671.24,7566.59,7190.79,7480.82,7605.73,7061.85,6977.96,7409.91,6298.42
LSO,Lesotho,291.00,348.00,378.00,323.00,224.00,255.00,353.00,372.00,365.00,998.59,1022.33,1121.34,1037.07,1132.75,1086.08,930.88,873.84,631.20,524.89,477.60,401.26,388.68,556.87,627.16,599.30,613.86,638.15,575.86,547.93,610.12,649.34,554.56,462.92,392.99,370.83,453.53,549.81,543.79,495.22,426.74
LBR,Liberia,,,,,,,,,,,,,,,,,,,,,,,,58.45,31.85,78.81,61.98,58.12,25.12,294.20,523.00,546.82,412.75,512.00,654.42,580.13,403.48,459.92,346.24,333.40
LTU,Lithuania,,,,,,,,,,,,,0.03,0.74,1.10,2.58,2.93,3.43,3.00,49.94,79.15,109.25,114.83,577.50,745.27,994.41,1433.10,1565.31,1239.84,1673.16,1955.42,1507.18,2059.90,2113.24,1372.82,1279.93,1302.55,1386.98,1303.94,790.58
MAC,Macao SAR,,,,,,,,,,,,,,,,,,,,,,46.60,47.74,53.33,53.15,55.47,54.39,51.60,48.38,46.85,48.29,46.91,48.66,36.86,39.53,27.59,25.43,22.80,21.56,21.56
MDG,Madagascar,0.22,0.11,0.12,5.64,4.57,5.87,4.65,4.03,9.74,4.48,9.03,12.11,11.73,10.88,9.10,6.24,12.18,11.46,11.62,11.27,10.87,29.32,16.23,11.51,101.70,150.26,254.49,313.99,283.72,455.83,335.02,330.50,357.75,344.44,326.84,299.20,342.78,425.50,407.68,391.86
MWI,Malawi,,,,,,,,,,,,,,0.77,0.52,0.65,0.74,0.75,0.75,0.75,0.75,0.84,13.90,18.32,22.53,14.79,21.01,16.67,16.66,21.77,25.32,28.30,34.13,38.49,41.49,39.05,78.39,180.58,217.46,189.02
MYS,Malaysia,,,,,,,48.82,99.66,139.00,185.22,130.18,153.10,175.60,119.27,115.80,164.15,194.44,189.58,322.89,342.37,367.11,435.00,571.05,801.87,1116.97,1365.48,1556.24,1329.07,1130.87,1102.90,1211.50,1293.81,1423.37,1579.52,1643.72,1603.92,1648.94,1685.58,1638.17,1453.95
MDV,Maldives,,,2.50,2.50,,1.00,1.00,1.20,1.40,1.70,1.80,1.60,1.30,2.17,2.37,2.71,2.45,2.45,2.20,2.20,1.82,2.01,2.01,2.90,2.26,2.80,7.93,6.27,4.51,3.16,3.00,3.15,3.30,3.47,3.64,3.83,4.02,4.22,4.22,4.22
MLI,Mali,47.66,39.41,36.48,32.50,67.00,68.44,88.18,73.23,75.95,106.92,93.01,116.55,125.62,103.19,112.11,110.72,91.72,84.46,86.31,73.16,88.17,137.65,153.80,155.46,177.20,211.84,343.92,430.99,453.74,472.75,784.11,827.46,894.51,920.26,816.60,826.68,883.26,1022.07,1022.07,987.30
MHL,Marshall Islands,,,,,,,,,,,,,,,,,,,,,,,,,23.70,25.99,25.14,23.06,23.59,22.21,22.15,23.24,24.56,26.08,27.34,28.34,30.45,31.45,31.45,31.00
MRT,Mauritania,3.71,2.32,1.22,0.96,0.79,1.86,6.70,9.30,4.78,13.71,11.74,50.13,2.27,4.90,5.45,4.37,2.69,2.21,,,,,,,,,,,,,,,,,,,77.20,60.39,64.46,61.29
MUS,Mauritius,,,,,,,,,,,,,,118.00,132.00,160.00,168.00,180.00,178.00,177.00,215.00,215.00,215.00,215.00,215.00,215.00,215.00,215.00,211.00,226.00,249.00,249.00,249.00,327.04,223.58,194.07,250.24,244.62,318.51,271.58
MEX,Mexico,1220.00,1226.00,1391.00,1564.00,1619.00,1771.00,1987.00,2442.00,2790.00,3098.00,3030.00,3700.00,3979.00,4121.82,4368.12,4949.00,5545.80,6501.25,6648.63,7524.74,10146.26,11029.45,16653.69,19861.75,22741.84,26542.80,26879.86,26041.49,22075.73,22080.26,23445.66,23208.65,23188.81,24802.08,26233.17,28690.96,32270.51,35768.42,39021.79,42880.32
FSM,"Micronesia, Fed. Sts.",,,,,,,,,,,,,,,,,,,,,,,,,,,,,17.35,18.07,19.43,20.80,22.05,23.34,23.34,23.34,23.34,23.34,23.34,23.34
MDA,Moldova,,,,,,,,,,,,,,,1.02,87.08,114.32,122.17,110.41,177.58,242.21,322.59,484.02,701.37,915.08,1175.82,1491.26,1888.02,1352.30,1752.83,1813.11,1986.44,2191.54,2075.92,1540.12,1467.22,1637.87,1837.64,1909.63,1876.45
MNG,Mongolia,,,,,,,,,,,,,,,,,,5.50,7.87,1.10,26.68,68.70,79.36,202.51,176.95,155.19,178.03,224.60,199.62,266.24,249.64,323.84,257.13,255.12,260.91,259.88,273.36,440.55,560.93,549.01
MNE,Montenegro,,,,,,,,,,,,,,,,,,,,,,,,,,,196.43,298.10,303.17,416.00,509.61,507.50,545.31,543.35,469.73,480.84,523.00,588.91,584.32,600.70
MAR,Morocco,1010.39,849.33,916.84,873.93,972.37,1401.32,1591.67,1301.22,1340.12,2006.35,1990.23,2170.45,1958.98,1827.07,1969.50,2165.47,1892.81,2010.64,1938.11,2160.96,3260.92,2877.15,3613.92,4220.84,4589.23,5451.37,6730.47,6894.29,6269.12,6422.54,7256.31,6507.91,6881.70,7788.70,6903.54,6383.47,6823.00,6919.42,6962.58,7418.56
MOZ,Mozambique,64.50,63.50,75.20,57.00,40.80,50.00,58.00,71.60,71.30,,,,,,,,,,,,,,,,58.89,80.03,99.39,115.74,111.13,115.78,129.67,174.11,152.41,155.46,142.88,93.37,257.94,296.07,299.57,348.81
MMR,Myanmar,,,,,,,5.91,6.77,9.19,5.91,1.54,0.28,28.25,41.56,80.58,122.45,147.21,135.82,135.05,102.15,116.16,105.39,84.41,116.57,129.49,115.17,81.01,54.74,54.47,114.85,127.08,274.62,1643.90,1863.93,2004.62,2346.42,2578.11,2840.46,2421.35,2249.55
NAM,Namibia,,,,,,,,,,11.52,13.07,15.36,14.54,14.90,15.60,13.51,13.30,11.22,9.90,9.16,8.45,7.56,11.79,14.59,17.50,16.44,15.68,13.56,76.50,69.21,78.76,80.11,64.10,80.72,46.67,66.48,48.29,53.67,60.70,55.99
NPL,Nepal,,,,,,,,,,,,,54.83,50.12,56.82,44.16,49.46,67.50,83.46,111.50,146.99,678.49,771.07,822.61,1211.82,1453.23,1733.86,2727.14,2983.34,3464.09,4216.89,4792.51,5583.70,5888.65,6729.94,6611.84,6928.13,8293.84,8249.50,8101.57
NIC,Nicaragua,,,,,,,,,,,,10.00,25.00,50.00,75.00,95.00,150.00,200.00,300.00,320.00,335.70,376.50,438.80,518.80,615.70,697.50,739.60,819.90,770.30,824.80,913.60,1016.30,1081.30,1140.20,1197.50,1268.10,1394.70,1504.80,1686.40,1855.40
NER,Niger,9.18,7.13,6.84,7.46,8.98,15.97,16.13,15.70,13.23,13.89,13.02,18.17,15.87,6.90,7.71,4.50,5.34,18.78,26.64,14.46,21.99,19.06,25.54,59.82,66.40,78.18,79.46,94.11,102.13,134.42,166.20,151.83,145.91,219.08,171.59,176.37,264.04,296.68,308.66,300.14
NGA,Nigeria,16.19,17.82,13.80,11.74,10.07,3.99,2.74,2.42,10.18,10.01,65.54,56.45,793.15,549.87,250.04,296.59,585.74,448.55,1301.06,1391.83,1166.61,1208.96,1062.82,2272.73,14640.08,16932.14,18014.43,19199.97,18370.80,19744.76,20616.77,20542.88,20797.07,20999.10,20626.05,19697.94,22037.02,24311.02,23809.28,17207.55
MKD,North Macedonia,,,,,,,,,,,,,,,,67.78,77.69,63.20,76.54,80.92,73.44,105.90,173.66,213.02,226.57,266.56,345.01,406.63,381.15,387.93,434.12,394.15,376.07,366.52,306.66,290.84,314.50,344.45,317.09,413.00
PAK,Pakistan,2070.00,2590.00,2940.00,2580.00,2540.00,2450.00,2180.00,1870.00,2020.00,2006.27,1548.70,1573.62,1446.28,1749.28,1712.22,1284.05,1707.28,1172.00,996.00,1075.00,1461.00,3554.00,3964.00,3945.00,4280.00,5121.00,5998.00,7039.00,8717.00,9690.00,12263.00,14007.00,14629.00,17244.00,19306.00,19819.00,19856.00,21193.00,22245.00,26105.00
PLW,Palau,,,,,,,,,,,,,,,,,,,,,,,,,1.50,1.54,1.53,1.60,1.59,1.69,1.97,2.36,2.36,2.22,2.27,2.36,2.18,2.18,2.18,2.18
PAN,Panama,61.70,75.50,78.10,74.00,99.00,100.40,104.40,102.10,102.10,109.70,108.10,102.40,108.70,112.00,112.00,86.20,64.30,58.20,48.30,16.40,73.10,84.60,106.80,108.90,129.60,300.50,355.30,378.00,337.00,410.00,368.20,410.90,461.40,756.40,554.20,502.52,533.36,537.88,580.85,446.96
PNG,Papua New Guinea,4.74,6.10,4.31,5.35,5.61,7.01,13.43,10.01,7.23,,,,,,,,,,,,,5.66,6.99,9.53,6.85,4.41,7.62,7.35,4.73,3.50,12.30,14.25,14.28,10.47,3.94,2.69,4.26,3.67,3.00,2.00
PRY,Paraguay,63.10,41.40,33.20,24.00,9.60,13.70,22.70,23.90,39.50,33.80,42.40,63.90,94.60,147.90,134.90,136.90,141.20,142.60,148.00,151.70,140.00,98.70,109.50,132.00,161.30,336.00,340.79,362.63,377.30,409.89,540.67,634.10,623.28,506.64,553.64,656.86,704.07,682.87,665.99,583.71
PER,Peru,,,,,,,,,,87.00,148.00,240.00,289.00,473.00,599.00,597.00,636.00,647.00,670.00,717.66,753.21,705.38,868.50,1132.71,1440.07,1837.49,2130.81,2443.64,2408.70,2533.91,2696.96,2787.95,2707.25,2636.54,2725.06,2883.89,3051.24,3224.75,3325.92,2938.00
PHL,Philippines,800.00,1049.00,1124.00,718.00,806.00,861.00,1020.00,1262.00,1360.00,1465.00,1850.00,2537.00,2587.00,3452.00,5360.00,4875.00,6799.00,5130.00,6693.00,6924.00,8760.00,9735.00,10239.00,11468.00,13732.60,15496.09,16437.43,18850.67,19959.51,21556.63,23053.63,24609.68,26716.84,28690.80,29799.40,31141.97,32809.77,33808.97,35167.47,34913.34
POL,Poland,,,,,,,,,,,,,,581.00,724.00,774.00,848.00,1070.00,825.00,1496.00,1563.00,1685.00,2284.00,4724.00,6471.00,8486.00,10468.00,10475.00,8174.00,7712.00,7768.00,7041.00,7457.00,7468.00,6834.00,6764.00,6933.00,7112.00,6501.00,5930.00
PRT,Portugal,2875.47,2634.10,2186.90,2197.96,2163.22,2654.40,3368.00,3527.00,3704.00,4476.00,4720.00,4762.00,4316.00,3807.00,3950.00,3790.02,3583.39,3627.93,3643.58,3496.07,3647.40,2927.46,3039.81,3302.86,3060.52,3485.35,4161.42,4287.74,3788.65,3726.07,3922.01,3990.92,4455.00,4445.99,4377.75,4433.21,4497.88,4512.32,4326.92,4327.00
ROU,Romania,,,,,,,,,,,,,,11.00,9.00,18.00,16.00,49.00,96.00,96.00,116.00,143.00,124.00,131.00,951.80,1160.46,1624.28,1702.34,682.46,641.39,694.12,733.22,4805.77,5083.52,5391.42,5929.79,6555.66,6983.99,8142.03,7446.92
RUS,Russian Federation,,,,,,,,,,,,,,108.00,165.90,101.50,226.75,301.17,425.21,499.95,986.41,935.98,1113.70,2206.75,3436.56,3820.38,4666.33,5736.97,5105.06,5250.02,6103.27,5787.73,6750.81,7776.54,6903.39,6688.67,8235.00,9287.27,10432.48,9836.32
RWA,Rwanda,3.90,7.18,3.43,2.94,2.86,4.02,4.48,3.81,3.96,,,,,,,,,,,,,,,,,,,,,106.50,174.20,182.40,170.20,183.59,159.20,172.52,215.29,260.51,260.71,241.00
WSM,Samoa,18.56,18.63,20.33,20.27,23.83,28.62,36.63,37.71,40.87,42.86,34.81,40.04,32.27,37.48,40.52,44.27,46.59,42.00,44.67,,,,,0.90,81.60,87.09,96.65,109.01,119.49,138.50,159.58,155.79,160.84,138.54,130.35,129.53,135.54,147.36,146.77,150.00
STP,Sao Tome and Principe,0.96,0.71,1.10,3.25,0.28,0.09,0.07,0.06,0.16,0.31,,,,,,,0.80,0.50,0.56,0.46,0.55,0.80,1.82,1.10,1.50,1.60,2.00,3.00,2.00,6.36,6.88,6.36,26.57,26.83,19.98,18.04,18.19,17.78,11.11,6.00
SEN,Senegal,68.19,66.31,58.97,53.76,79.42,108.95,117.82,117.54,112.76,142.07,162.56,175.68,170.01,113.83,146.03,150.48,150.47,147.42,186.10,234.07,304.94,346.12,512.08,634.03,789.20,926.06,1193.38,1482.09,1355.83,1479.12,1616.03,1576.23,1777.90,1931.62,1757.75,1980.58,2148.91,2427.53,2522.21,2561.90
SRB,Serbia,,,,,,,,,,,,,,,,,,,,,,,,,,,3764.20,3545.49,4649.88,4117.45,3960.97,3546.46,4024.79,3696.03,3370.44,3205.37,3589.63,4445.61,4237.93,3868.52
SYC,Seychelles,,,,,,,,,4.26,7.50,7.32,10.76,0.29,0.30,0.50,0.70,0.22,0.11,0.19,3.16,1.79,1.98,4.86,6.81,12.10,13.27,4.80,3.16,16.12,17.38,25.26,17.67,12.87,15.08,18.42,22.09,21.66,22.71,23.65,9.98
SLE,Sierra Leone,,0.08,0.05,0.08,0.04,,0.08,0.08,0.05,,,,,,23.67,25.25,5.98,20.33,22.48,7.13,6.22,21.82,25.89,24.71,2.44,15.62,41.97,22.58,35.90,44.22,58.81,64.53,69.66,62.43,48.16,46.83,48.34,62.09,52.98,59.00
SVK,Slovak Republic,,,,,,,,,,,,,78.53,48.49,25.74,20.79,29.13,23.21,19.24,17.80,22.50,24.39,425.32,702.80,1210.90,1343.43,1661.51,2050.36,1672.29,1590.89,1753.89,1927.19,2071.69,2395.64,2138.34,2119.83,2164.33,2210.60,2087.00,1878.84
SVN,Slovenia,,,,,,,,,,,,38.30,52.20,272.90,270.00,275.40,238.00,224.50,222.90,202.30,198.20,212.70,230.70,260.90,261.10,279.40,320.21,380.20,173.46,164.47,210.35,249.09,314.08,373.33,399.51,451.98,502.00,579.41,610.51,557.59
SLB,Solomon Islands,,,,,,,,,,,,,,,,,,,2.36,4.32,4.53,3.22,3.88,8.70,7.16,10.70,12.63,9.14,12.51,14.28,16.93,20.72,20.64,16.34,18.59,20.28,16.33,19.90,25.47,27.51
SOM,Somalia,,,,,,,,,,,,,,,,,,,,,,,,,,,,,,,,,,,,,,1482.00,1577.00,1735.00
ZAF,South Africa,86.86,80.45,73.58,64.80,38.71,35.51,45.23,49.70,88.55,108.14,104.04,91.19,83.29,78.79,82.69,74.89,176.00,258.61,306.86,324.66,281.61,268.20,390.80,468.12,613.58,691.93,792.35,783.69,862.05,1069.57,1158.42,1084.53,970.66,913.40,825.25,755.43,873.86,929.04,890.06,810.88
SSD,South Sudan,,,,,,,,,,,,,,,,,,,,,,,,,,,,,,,,,,2.00,1138.72,1083.00,633.83,1267.16,700.00,1200.00
LKA,Sri Lanka,230.00,289.00,295.00,301.00,292.00,326.00,350.00,358.00,358.00,400.78,442.09,547.81,632.38,715.19,800.97,843.17,933.73,1013.34,1064.30,1154.29,1169.81,1296.07,1423.47,1573.78,1975.54,2166.77,2507.30,2924.50,3336.70,4123.13,5153.01,5999.60,6422.19,7036.33,6999.73,7261.85,7190.30,7043.04,6748.70,7140.00
KNA,St. Kitts and Nevis,1.11,1.10,1.11,1.31,1.06,10.52,11.30,12.16,19.21,17.38,,,13.61,15.61,18.53,18.97,19.73,21.49,23.17,24.27,24.76,25.39,26.81,28.45,30.27,32.83,36.13,40.10,38.80,47.03,44.67,51.05,51.57,21.80,24.31,22.55,24.79,25.86,25.86,25.86
LCA,St. Lucia,,,0.69,,,17.96,20.44,15.85,15.37,14.59,16.01,0.27,13.91,19.93,21.21,25.17,23.00,23.57,23.95,23.83,24.13,24.56,25.11,26.32,27.06,27.84,28.61,28.90,27.99,28.99,29.44,29.79,30.15,35.30,40.50,38.39,41.96,42.98,42.98,41.00
VCT,St. Vincent and the Grenadines,,,,,,13.89,15.11,14.96,15.37,14.09,0.92,0.87,15.78,15.13,15.50,16.61,17.19,18.05,18.56,19.29,19.45,20.43,20.70,21.45,22.42,25.56,28.87,26.78,29.06,29.06,29.24,31.11,31.59,43.60,41.79,44.90,45.69,46.77,46.77,44.05
SDN,Sudan*,383.67,133.22,275.00,285.00,261.00,113.00,138.00,217.00,417.00,61.90,45.40,123.70,75.20,107.20,346.20,221.52,419.60,686.60,665.10,640.80,739.60,977.69,1223.60,1402.95,703.79,800.83,999.71,1590.63,1394.40,1455.50,824.22,595.84,619.51,506.56,151.39,153.41,212.94,425.21,522.32,496.20
SUR,Suriname,6.10,4.00,6.00,5.90,4.50,1.70,2.10,2.80,2.00,,,,,,,,,,,,,,,,3.90,2.10,2.80,2.20,4.60,4.30,3.89,8.06,6.99,8.83,6.71,1.49,0.66,0.52,0.52,0.52
SYR,Syria,436.00,411.00,387.00,321.00,350.00,323.00,334.00,360.00,430.00,385.00,350.00,550.00,352.00,535.00,339.00,313.00,238.00,220.00,198.00,180.00,170.00,135.00,889.00,855.00,823.00,795.00,1030.44,1325.01,1349.88,1622.54,,,,,,,,,,
TJK,Tajikistan,,,,,,,,,,,,,,,,,,,,,,78.56,146.02,252.00,564.38,975.87,1513.70,2277.50,1565.74,2020.50,2722.46,3222.35,3697.73,3384.06,2258.64,1867.40,2237.18,2183.34,2321.88,2186.81
TZA,Tanzania,,,,,,,,,,,,,,,0.84,19.32,1.59,11.50,7.20,8.00,15.25,12.00,8.90,13.80,19.37,15.38,25.46,36.82,39.83,344.30,409.56,390.14,381.93,389.48,387.77,402.53,403.31,412.91,433.50,409.14
THA,Thailand,477.48,618.39,846.09,893.09,877.70,795.65,841.99,927.20,943.08,973.24,1019.36,444.56,1111.69,1280.92,1695.28,1805.95,1658.41,1424.47,1460.13,1696.79,1252.45,1380.00,1607.35,1621.88,1187.00,1333.36,1634.85,1898.41,3808.00,4433.16,5255.62,5656.79,6584.86,6524.11,5894.67,6270.03,6720.12,7466.08,8162.16,8067.22
TLS,Timor-Leste,,,,,,,,,,,,,,,,,,,,,,,,,,3.64,10.44,17.66,113.35,137.14,136.90,119.86,33.65,43.68,61.60,80.17,87.04,96.32,100.38,155.46
TGO,Togo,7.86,6.11,6.08,6.61,15.41,21.42,20.04,21.24,22.86,26.87,28.97,16.25,11.72,15.31,15.02,29.37,26.26,18.57,22.87,34.32,68.56,103.70,149.02,179.34,192.58,232.38,284.83,338.42,335.85,336.93,244.40,344.74,397.47,427.86,363.74,367.17,403.61,450.81,458.48,440.79
TON,Tonga,,8.12,16.48,13.46,21.87,20.87,22.39,16.61,14.87,17.19,23.95,18.04,20.31,21.29,,,,,,,52.81,62.20,58.58,65.45,68.96,78.00,81.80,103.48,81.92,74.03,84.30,91.25,122.68,119.29,129.28,126.23,158.60,183.44,190.37,193.56
TTO,Trinidad and Tobago,4.25,4.92,4.83,3.67,3.31,0.17,2.11,1.72,3.25,2.99,4.80,6.19,18.26,25.67,30.40,28.13,30.20,44.57,54.40,38.10,40.90,79.10,86.80,86.90,92.40,91.20,109.40,94.50,109.30,90.90,161.80,138.79,145.13,144.83,155.20,145.16,135.09,138.71,143.26,178.02
TUN,Tunisia,361.00,372.00,360.00,317.00,271.00,348.00,459.00,498.00,450.00,551.04,524.54,531.41,446.33,628.74,679.88,735.56,684.51,718.35,761.24,795.95,927.15,1070.31,1250.25,1431.35,1392.67,1510.04,1715.76,1976.96,1964.49,2063.29,2004.50,2265.71,2290.51,2346.62,1971.38,1821.25,1890.33,1902.29,2049.66,2100.00
TUR,Turkey,2490.00,2140.00,1510.00,1810.00,1710.00,1630.00,2020.00,1780.00,3063.00,3246.00,2819.00,3008.00,2919.00,2627.00,3327.00,3542.00,4197.00,5356.00,4533.00,4560.00,2786.00,1936.00,729.00,804.00,1368.00,1833.00,2096.00,2439.00,1834.00,1819.00,1883.00,1881.00,1901.00,1739.00,1395.00,1186.00,1048.00,1122.00,810.00,795.00
TKM,Turkmenistan,,,,,,,,,,,,,,,,4.42,,,,,,,,,,14.40,30.30,49.80,33.68,35.30,34.80,37.10,40.00,30.00,16.00,9.00,4.00,2.00,1.00,7.48
TUV,Tuvalu,,,,,,,,,,,,,,,,,,,,,4.30,6.54,5.08,4.86,4.93,3.66,5.60,5.96,4.83,3.92,4.58,3.84,4.06,,,,,,,
UGA,Uganda,,,,,,,,,,,,,,,,,,,232.60,238.10,348.60,441.83,298.79,310.53,321.81,411.00,451.57,723.52,781.10,770.79,816.23,913.26,940.66,887.61,902.16,1146.05,1165.74,1338.05,1424.51,1051.17
UKR,Ukraine,,,,,,,,,,,,,,,,6.00,12.00,12.00,18.00,419.00,829.00,1192.00,1523.00,1873.00,2408.00,3102.00,5290.00,6782.00,5941.00,6535.00,7822.00,8449.00,9667.00,7354.00,8474.00,9472.00,12132.00,14694.00,15788.00,15054.00
URY,Uruguay,,,,,,,,,,,,,,,,,,,,,0.01,36.05,61.75,69.90,76.74,88.93,96.48,107.91,101.07,124.89,128.84,91.60,98.85,97.83,90.27,90.44,109.38,113.96,112.27,110.72
UZB,Uzbekistan,,,,,,,,,,,,,,,,,,,,,,,,,,,,,,3437.52,4910.05,6089.64,6443.50,6815.21,4843.18,5795.06,7130.15,7609.61,8545.81,6989.31
VUT,Vanuatu,,9.35,7.15,8.47,8.74,8.02,8.46,8.01,7.32,6.89,6.97,6.81,4.94,5.76,6.13,,,7.78,9.62,13.51,18.43,4.10,4.00,4.93,5.10,4.99,5.54,8.91,11.49,11.80,21.77,22.04,23.71,64.09,104.81,80.63,25.99,35.10,75.00,76.00
VEN,Venezuela,,,,,1.00,,,,,1.00,2.00,2.00,2.00,2.00,2.00,4.00,17.00,17.00,17.00,17.00,19.00,19.00,208.00,143.00,148.00,165.00,151.00,137.00,132.00,143.00,138.00,118.00,120.00,128.00,161.00,279.00,279.00,279.00,279.00,279.00
VNM,Vietnam,,,,,,,,,,,,,,,,,,,,1340.00,1100.00,1770.00,2100.00,2310.00,3150.00,3800.00,6180.00,6805.00,6020.00,8260.00,8600.00,10000.00,11000.00,12000.00,13000.00,14000.00,15000.00,16000.00,17000.00,17200.00
WBG,West Bank and Gaza,,,,,,,,,,,,,,,582.10,542.30,623.30,1058.25,1096.29,863.80,805.74,771.78,310.08,398.56,378.34,464.06,598.54,740.72,755.24,927.14,1141.71,1737.05,1489.34,1804.54,1817.41,2086.58,2378.92,2833.91,2860.92,2650.00
YEM,Yemen,,,,,,,,,,1500.00,998.00,1020.00,1040.00,1060.00,1080.00,1140.00,1170.00,1200.00,1220.00,1290.00,1300.00,1290.00,1270.00,1280.00,1282.60,1282.60,1321.52,1410.52,1160.00,1526.00,1403.92,3351.00,3342.50,3350.50,3350.50,3770.58,,,,
ZMB,Zambia,,,,,,,,,,,,,,,,,,,,,,,36.30,48.40,52.90,57.68,59.30,68.20,41.26,43.66,46.28,72.86,53.98,58.30,47.05,38.46,93.64,106.97,98.26,134.88
ZWE,Zimbabwe,28.29,32.90,19.56,3.81,0.62,0.79,1.14,1.38,0.71,0.49,0.28,0.41,0.51,0.60,,,,,,,,,,,,,,,648.60,748.60,882.30,944.57,783.25,735.00,790.40,750.30,1013.37,897.90,921.73,1209.72
