ISO,Country,1981,1982,1983,1984,1985,1986,1987,1988,1989,1990,1991,1992,1993,1994,1995,1996,1997,1998,1999,2000,2001,2002,2003,2004,2005,2006,2007,2008,2009,2010,2011,2012,2013,2014,2015,2016,2017,2018,2019,2020
AFG,Afghanistan,,,,,,,,,,,,,,,,,,,,,,61.151,59.718,72.57,67.274,50.333,119.243,63.99,78.09,59.699,52.981,36.204,24.538,24.007,22.223,28.316,26.063,30.197,29.897,27.132
ALB,Albania,39.852,41.023,44.479,46.845,40.83,40.314,42.435,40.026,38.061,41.016,-8.026,9.426,23.388,21.832,21.481,16.07,10.2,16.235,17.803,23.768,28.703,25.056,26.156,28.359,27.784,29.59,23.837,17.569,16.654,20.023,20.254,19.674,16.827,13.361,15.804,16.796,17.085,17.129,14.539,13.255
DZA,Algeria,28.024,26.014,26.789,31.868,31.733,24.115,24.526,20.168,20.33,31.077,36.068,32.378,29.848,27.127,26.254,27.739,30.447,25.455,26.516,40.261,39.737,38.333,43.32,46.29,52.143,54.872,57.119,57.461,47.167,48.936,47.946,45.034,43.778,41.131,34.326,34.221,35.571,37.752,35.966,35.203
AGO,Angola,15.105,12.419,11.463,14.437,11.788,5.41,14.15,2.68,9.089,32.396,37.694,42.412,45.441,47.822,52.231,75.766,39.511,35.624,36.319,37.618,17.401,27.422,26.017,33.543,41.158,43.429,39.743,37.691,26.329,34.833,37.876,37.228,32.007,29.807,28.491,24.487,23.351,27.342,25.384,22.399
ATG,Antigua and Barbuda,,,,,,,,,,,,,,,,,,,,,,,,,,,,,,,,,,2.789,7.052,9.749,15.25,23.003,25.739,14.314
ARG,Argentina,18.216,17.345,16.96,16.305,17.241,16.215,14.533,15.567,15.071,15.472,12.889,12.41,13.999,13.989,17.662,15.051,14.662,14.17,11.742,12.459,12.325,17.631,18.474,19.35,21.362,21.471,22.199,21.065,18.22,17.323,17.386,16.133,15.159,15.634,14.328,14.95,13.379,14.484,16.496,17.798
ARM,Armenia,,,,,,,,,,,,,,,3.836,2.894,3.95,0.694,3.833,2.452,5.404,11.939,18.211,20.715,25.843,31.155,30.804,29.585,17.338,15.797,16.56,12.797,14.809,13.257,18.506,16.993,16.914,15.497,10.225,12.661
ABW,Aruba,,,,,,,,,,,,,,,29.56,26.397,26.537,27.714,26.185,29.193,25.602,22.528,21.55,25.352,24.261,22.665,21.897,24.051,17.923,13.255,12.481,13.084,15.031,16.78,21.411,21.976,21.844,20.748,21.383,-7.521
AUS,Australia,20.919,18.801,16.98,20.181,18.375,17.652,20.218,25.133,25.235,22.868,18.194,19.124,20.897,21.606,20.63,21.476,21.8,21.566,20.597,21.279,21.236,21.515,21.472,21.071,21.813,21.236,21.333,24.096,22.156,23.105,23.794,23.916,23.763,23.29,21.608,20.821,21.972,21.9,23.307,24.571
AUT,Austria,24.598,23.647,21.978,23.015,22.998,23.096,23.305,23.834,25.014,25.732,25.263,24.227,22.927,22.855,23.979,23.499,23.668,24.253,23.857,25.221,24.365,25.745,25.957,26.137,26.084,26.905,28.387,28.957,25.372,25.463,25.771,25.46,25.666,26.006,25.531,26.981,26.21,26.801,28.314,27.536
AZE,Azerbaijan,,,,,,,,,,,,-11.204,10.587,-3.588,6.881,0.44,13.814,6.213,9.416,16.223,19.552,19.652,23.413,25.389,38.704,44.302,44.625,49.472,39.804,44.139,46.269,43.758,42.217,40.476,27.348,22.075,27.348,30.56,28.449,15.845
BHR,Bahrain,36.999,39.837,30.519,38.117,26.235,5.999,14.901,12.67,15.475,21.404,20.126,18.433,17.749,19.922,26.223,26.826,25.525,13.928,14.87,25.985,20.926,24.826,25.039,16.12,28.394,35.629,42.173,39.538,28.72,30.275,31.173,36.53,33.346,31.407,24.17,25.088,28.856,28.539,31.014,24.87
BGD,Bangladesh,18.328,18.456,17.596,16.682,17.324,17.616,16.727,16.925,17.715,18.24,20.221,19.831,18.48,19.299,19.779,20.709,22.042,22.399,22.897,23.597,23.015,23.928,25.22,25.827,26.231,27.835,27.889,27.788,28.602,29.443,28.879,29.856,30.527,29.226,29.02,31.261,29.838,27.426,29.094,26.256
BRB,Barbados,12.111,15.668,12.771,14.632,13.446,12.58,10.469,15.03,16.131,14.152,12.019,15.022,13.519,17.551,16.429,17.57,16.139,18.017,17.023,16.482,13.703,14.39,16.745,10.782,10.621,10.797,14.136,8.67,10.928,11.277,5.239,7.701,8.158,7.317,10.804,12.134,11.843,10.332,11.699,9.791
BLR,Belarus,,,,,,,,,,,,,19.445,14.238,20.407,19.954,20.713,20.008,22.117,22.635,20.896,20.484,22.191,23.355,29.602,28.188,27.27,29.327,24.805,26.186,28.984,32.259,28.775,28.202,25.784,23.099,26.29,28.117,27.197,27.61
BEL,Belgium,17.417,16.597,16.305,17.518,17.599,18.718,19.677,22.185,23.474,23.647,22.736,23.056,24.409,25.628,25.77,25.247,26.212,26.086,28.877,26.203,24.126,25.249,24.362,25.765,25.676,25.821,26.099,24.931,23.831,24.751,22.568,23.609,23.383,23.908,25.011,24.804,25.156,24.732,25.302,24.53
BLZ,Belize,25.385,11.044,13.649,20.267,34.508,26.238,29.617,26.861,25.302,23.337,19.05,12.797,11.719,9.105,11.907,10.16,7.199,6.196,13.316,13.293,4.848,2.491,1.447,3.689,7.385,17.579,13.99,15.488,10.278,9.617,13.915,11.929,10.09,10.047,11.873,9.512,8.458,6.854,5.639,6.83
BEN,Benin,13.137,1.987,0.667,5.847,3.302,4.623,4.666,5.308,6.939,9.866,9.79,8.177,8.816,11.189,11.767,9.871,9.422,9.892,13.317,12.482,15.025,9.924,8.958,10.55,8.642,9.786,9.83,8.242,8.175,10.041,11.629,10.098,13.482,12.587,14.768,17.275,19.78,21.84,21.596,23.638
BTN,Bhutan,7.271,9.567,8.697,7.668,13.984,9.22,17.501,18.029,23.728,30.029,24.439,18.73,31.842,43.587,42.214,62.698,48.814,50.5,46.268,42.162,57.418,45.032,39.521,38.621,37.495,46.064,40.829,32.986,33.751,33.899,39.852,44.699,35.234,24.428,25.815,25.929,29.052,25.218,12.69,14.445
BOL,Bolivia,1.805,10.375,5.075,16.778,14.145,5.443,2.306,6.006,6.823,8.512,10.796,9.455,9.256,10.716,10.238,11.726,12.646,12.822,10.659,11.018,11.253,12.319,14.59,17.045,19.877,26.56,28.593,28.952,22.878,24.969,25.579,25.724,23.906,20.801,14.216,15.407,16.052,16.123,14.199,11.733
BIH,Bosnia and Herzegovina,,,,,,,,,,,,,,,,,,27.142,18.591,20.336,13.119,10.34,9.18,10.478,9.462,12.505,15.218,12.269,12.464,9.914,8.825,9.647,11.893,11.078,12.844,14.186,16.244,17.748,18.517,18.449
BWA,Botswana,24.173,28.737,26.715,27.182,36.632,35.909,42.063,53.215,43.284,46.369,45.642,43.323,42.74,29.629,32.701,38.614,38.335,42.185,36.901,38.972,40.707,35.012,39.686,35.113,43.194,45.155,46.143,33.454,26.832,37.536,40.41,38.824,37.136,42.579,39.538,34.718,32.958,30.059,25.699,25.775
BRA,Brazil,18.962,15.629,13.544,14.429,18.378,17.352,22.278,24.535,25.521,19.763,19.838,20.943,21.151,21.826,14.865,14.466,14.273,14.243,13.075,15.12,14.506,15.861,17.53,19.608,18.724,18.993,19.849,19.813,17.223,18.224,18.908,18.016,18.466,16.419,14.385,13.621,13.898,12.928,12.702,14.536
BRN,Brunei Darussalam,,,,,,,,,,,,,,,,,,,,,,,,,,,,,,,,,,,,,,,,
BGR,Bulgaria,30.187,29.716,29.714,31.588,28.407,28.604,26.944,29.014,26.371,25.189,14.44,8.522,2,6.292,12.135,8.269,19.802,14.091,16.932,15.942,17.727,19.906,18.699,19.162,18.329,16.793,9.755,14.98,20.241,20.925,21.797,21.144,22.361,22.812,21.169,22.194,23.37,22.243,24.124,19.52
BFA,Burkina Faso,11.885,8.638,6.416,11.631,11.718,11.788,9.912,9.821,16.302,10.757,10.455,12.456,11.554,14.929,11.323,9.436,10.103,11.321,7.34,3.805,4.417,5.171,7.693,5.76,7.239,7.817,10.898,10.5,15.953,20.194,20.796,23.361,13.702,12.098,11.863,14.757,18.908,22.136,22.609,20.033
BDI,Burundi,9.852,1.864,10.325,6.314,7.014,8.915,5.332,5.305,7.497,-4.677,4.076,2.687,10.117,7.225,7.453,3.161,5.961,-0.819,3.75,12.981,16.492,7.458,5.921,13.495,13.695,-4.071,-17.58,2.601,8.861,3.688,0.959,-3.737,-5.258,2.662,5.768,6.727,6.573,7.383,7.551,6.593
CPV,Cabo Verde,-93.872,41.415,40.638,38.659,37.329,20.988,26.268,19.322,21.019,18.511,14.145,23.146,19.717,29.001,24.935,25.31,22.768,22.609,28.364,21.58,21.415,22.563,18.148,22.723,32.28,29.812,36.847,34.821,29.16,35.22,31.221,24.6,26.759,27.922,35.386,33.167,30.412,31.294,37.145,22.721
KHM,Cambodia,,,,,,-41.532,0.449,0.6,1.355,5.338,7.745,10.548,9.356,11.226,9.857,7.677,16.328,6.335,12.163,14.902,17.766,17.754,18.51,15.656,16.411,21.871,19.533,11.996,11.445,8.616,9.067,9.888,11.547,13.538,13.714,14.227,15.085,11.455,8.068,9.495
CMR,Cameroon,19,16.751,20.519,22.679,16.112,16.757,13.17,13.168,12.747,13.333,13.35,12.233,13.377,17.79,19.695,18.008,17.042,17.576,17.977,20.634,18.026,17.201,18.299,22.417,17.266,19.335,13.596,24.817,25.915,25.514,25.216,24.597,24.763,25.33,23.888,25.201,25.464,26.191,25.775,21.894
CAN,Canada,21.113,20.407,19.381,20.501,19.872,18.618,18.953,20.443,19.652,17.87,15.609,14.768,14.636,17.138,18.555,19.341,19.877,19.704,20.861,23.161,21.885,21.471,21.699,23.729,24.561,25.038,24.732,24.221,19.05,19.918,21.438,21.337,21.766,22.551,20.326,19.673,20.748,20.86,20.938,20.164
CAF,Central African Republic,5.182,-7.392,-1.012,0.547,9.777,12.69,6.667,7.257,9.265,8.427,7.808,-0.208,4.437,9.435,6.764,2.55,4.796,5.036,10.013,9.097,7.141,8.016,4.334,4.899,3.103,6.85,4.313,2.72,4.072,4.218,4.781,8.906,5.584,3.202,4.508,8.245,5.698,8.443,9.74,10.665
TCD,Chad,3.855,2.821,3.158,3.28,0.738,-2.663,0.66,4.3,-1.636,0.343,1.526,-0.551,-9.861,9.725,5.035,10.737,8.512,5.675,4.974,8.56,8.74,-19.252,11.791,10.767,21.674,26.702,30.378,25.351,21.927,25.871,22.606,23.597,18.228,21.457,13.125,6.105,13.633,17.538,18.463,16.605
CHL,Chile,7.926,1.477,4.111,2.312,8.045,10.688,17.609,20.893,30.078,21.583,22.759,20.347,21.856,20.213,24.926,23.594,23.121,22.228,20.981,20.89,20.938,21.41,20.068,21.766,22.971,25.413,25.152,24.547,22.68,24.855,23.198,21.936,20.903,21.234,21.338,20.328,18.931,18.147,19.209,21.203
CHN,China,32.045,35.092,35.147,35.119,34.25,35.535,36.671,36.545,35.768,38.593,38.98,38.464,42.253,43.381,41.941,41.077,39.515,38.053,36.227,35.43,37,38.686,42.298,45.509,46.054,48.299,50.354,51.613,50.249,50.909,48.846,48.708,47.676,47.855,45.77,44.456,44.763,44.145,44.054,45.669
COL,Colombia,14.462,11.068,10.773,12.243,13.848,18.151,18.746,20.221,18.36,18.518,19.443,17.593,16.698,19.776,19.571,16.334,14.6,13.915,12.835,15.853,15.073,16.025,17.797,18.895,20.37,21.13,20.509,21.082,20,18.81,20.037,18.964,18.888,18.696,17.197,18.646,18.155,17.115,17.092,15.488
COM,Comoros,16.787,7.409,15.086,1.042,0.044,-1.444,3.063,6.546,8.944,7.775,8.253,4.266,11.474,8.103,8.04,8.555,8.682,10.772,11.131,13.636,15.539,14.699,13.533,12.098,11.466,12.438,13.991,13.19,13.901,17.919,12.409,12.906,12.312,11.42,13.501,8.795,12.146,13.671,12.915,17.599
CRI,Costa Rica,12.957,15.406,13.447,18.351,22.469,23.419,21.966,20.889,19.303,19.398,15.294,15.662,13.827,15.878,16.319,15.394,16.413,19.078,16.215,16.128,16.897,14.7,13.757,15.304,14.674,16.953,17.712,16.233,16.63,16.61,14.751,14.749,14.819,14.507,15.45,16.752,14.448,14.487,13.937,13.257
CIV,Côte d'Ivoire,12.405,12.403,11.593,8.509,8.805,8.539,1.959,-0.747,-0.093,-0.605,-0.582,-2.066,-0.382,5.576,8.532,6.945,9.04,8.819,6.931,5.566,6.919,8.614,8.95,7.521,8.355,7.438,6.699,10.078,11.112,11.072,10.449,10.775,14.005,15.325,22.53,20.308,17.436,16.658,17.841,18.185
HRV,Croatia,,,,,,,,,,,,13.854,4.921,20.911,16.948,20.238,25.796,21.747,21.4,18.771,19.259,18.379,19.067,20.909,19.752,21.398,21.24,20.216,18.59,18.954,18.241,17.018,18.331,19.203,23.879,23.171,25.437,25.264,25.454,20.852
CYP,Cyprus,29.564,27.408,23.935,27.995,26.724,27.087,24.642,24.651,25.439,22.693,17.544,18.184,23.993,24.624,25.978,20.978,20.716,23.073,19.316,16.06,16.235,18.632,18.356,17.504,17.171,18.233,13.648,14.215,16.187,13.292,16.612,12.335,11.451,9.496,13.229,13.236,14.815,14.583,13.461,13.043
CZE,Czech Republic,,,,,,,,,,,,,,,31.894,29.991,27.243,29.063,27.58,27.551,27.294,25.549,24.005,26.309,27.459,27.929,27.805,29.47,24.545,23.809,25.103,24.811,24.487,26.191,28.432,27.8,27.919,27.648,26.646,28.129
COD,Democratic Republic of the Congo,5.053,3.852,4.679,6.442,7.251,6.732,5.344,7.223,6.482,6.03,1.335,3.876,3.028,0.609,2.513,5.346,50.836,50.411,13.392,5.417,-0.121,0.863,6.594,5.962,-2.947,4.676,5.616,-5.363,5.54,23.572,19.586,5.697,12.415,16.655,14.1,8.213,8.867,8.134,7.92,6.852
DNK,Denmark,16.247,17.381,17.421,19.634,21.056,22.908,20.992,21.057,21.323,20.798,19.612,18.94,17.378,18.734,20.686,20.064,23.375,22.506,23.417,24.341,25.471,24.343,24.853,25.736,26.399,27.623,26.725,26.901,22.554,24.639,25.713,25.748,27.45,29.015,28.876,29.549,30.062,30.165,31.567,31.374
DJI,Djibouti,,,,,,,,,,14.07,14.616,11.523,15.135,11.52,7.039,6.807,5.849,6.261,6.018,4.208,7.816,11.02,15.803,14.112,14.229,16.733,18.367,17.828,22.007,17.162,8.237,5.407,26.098,26.862,29.727,24.511,19.815,19.854,40.843,32.394
DMA,Dominica,,,,,,,,,,,,,,,,,,,,2.025,0.616,-1.553,0.41,1.564,-0.795,6.403,-1.194,-7.249,-3.331,2.462,2.496,-2.124,3.982,9.528,11.451,13.106,20.16,-11.315,-2.321,-6.668
DOM,Dominican Republic,11.136,7.49,11.739,12.612,12.145,12.614,13.449,16.827,16.997,14.512,16.711,17.955,15.684,19.072,18.951,18.888,21.287,26.508,25.174,23.669,23.877,24.029,24.225,25.255,23.458,23.539,23.436,20.648,18.807,18.918,17.523,17.759,18.632,19.887,21.645,21.897,22.306,24.441,24.651,22.376
ECU,Ecuador,14.744,16.512,14.092,13.445,17.204,14,10.483,13.77,12.794,12.194,13.872,16.941,15.416,15.055,12.888,15.825,15.543,13.409,19.963,27.352,20.097,19.432,18.397,18.889,22.779,26.177,26.403,29.252,26.14,25.762,27.638,27.629,27.486,27.657,24.633,26.095,26.137,25.513,25.857,21.278
EGY,Egypt,13.379,12.436,12.967,10.224,9.58,8.089,19.021,18.99,19.07,21.165,33.037,31.599,20.791,21.547,20.622,16.638,16.512,17.506,17.974,17.486,17.334,20.589,21.601,23.319,24.297,24.655,29.166,29.008,19.664,19.421,14.627,12.387,11.993,12.744,10.632,9.076,9.188,14.274,14.39,10.735
SLV,El Salvador,10.644,11.549,13.52,11.72,9.04,19.215,16.853,13.275,6.917,11.556,12.608,16.889,18.12,20.6,19.509,14.492,15.287,19.022,16.618,15.715,18.391,15.592,14.809,15.45,16.734,17.465,13.649,11.655,12.281,13.783,12.309,11.912,10.115,11.026,12.801,13.693,14.817,15.596,17.041,15.661
GNQ,Equatorial Guinea,-66.028,-17.3,24.979,3.171,27.299,35.797,21.017,30.667,25.333,53.408,30.108,40.222,54.897,53.472,5.579,-9.455,45.817,17.658,46.479,51.667,-27.535,-19.62,17.476,18.069,22.488,45.714,46.246,35.392,29.661,17.812,26.375,40.023,27.911,24.458,8.266,3.725,8.216,10.812,6.931,5.382
ERI,Eritrea,,,,,,,,,,,,39.923,62.026,66.055,21.907,21.902,43.562,10.787,16.922,5.842,17.495,29.845,29.483,23.598,25.992,12.599,7.982,10.517,1.205,7.167,25.642,22.667,13.133,24.719,31.046,22.249,32.618,18.367,16.139,17.61
EST,Estonia,,,,,,,,,,,,,26.485,19.507,20.322,19.839,21.694,21.944,21.662,23.035,22.464,21.861,22.32,22.736,24.693,24.92,25.152,22.949,23.428,23.283,26.751,27.26,27.313,27.633,26.58,26.129,29.016,27.668,29.659,29.625
SWZ,Eswatini,12.025,6.787,10.216,10.263,11.293,15.805,18.35,26.162,24.242,41.426,41.559,35.085,29.622,33.192,26.159,25.4,27.235,34.001,26.463,20.901,24.276,23.73,23.357,21.945,14.122,10.5,14.15,8.678,3.809,5.734,7.056,16.85,23.061,24.168,25.485,20.713,19.076,14.594,17.819,19.897
ETH,Ethiopia,6.009,5.17,5.427,8.091,5.916,7.301,5.564,10.196,8.191,7.151,4.951,6.554,7.484,9.228,13.486,12.23,10.034,12.527,7.396,16.796,19.7,16.612,18.023,25.469,17.14,13.021,21.857,20.697,15.356,24.415,33.06,31.125,28.059,30.666,31.409,32.422,30.206,32.329,29.913,26.552
FJI,Fiji,,,,,,,,,,,,,,,,,,,,,,,,,,,,,,,,,,,,,,,,
FIN,Finland,27.697,26.296,26.118,26.898,26.113,25.665,25.192,27.496,27.338,25.087,18.737,16.41,17.123,20.582,24.115,23.696,26.452,27.667,27.2,30.973,30.807,29.828,26.498,28.432,27.435,27.889,29.544,27.755,23.431,23.536,22.568,21.3,20.504,20.563,20.748,21.24,23.181,23.288,24.014,24.892
FRA,France,22.748,21.736,20.912,21.087,21.105,22.061,21.787,22.886,23.817,23.634,23.116,22.233,20.237,20.902,20.971,20.828,23.169,24.368,25.797,23.588,23.74,22.464,22.022,22.422,22.556,23.491,24.063,23.433,20.783,21.317,22.361,21.662,21.777,21.754,22.344,22.123,22.67,23.32,23.517,21.39
GAB,Gabon,48.905,45.47,44.527,50.638,46.385,16.427,20.822,18.929,20.724,22.723,27.174,17.433,19.722,27.769,30.689,33.392,38.921,23.707,30.342,37.621,39.536,38.305,37.5,36.836,45.922,41.233,39.911,44.449,33.513,41.009,47.847,47.004,40.548,43.483,29.246,24.059,24.781,27.215,29.594,24.591
GEO,Georgia,,,,,,,,,,,,,,-1.665,12.169,-59.013,-57.541,-60.579,-65.374,-76.451,-69.542,0,22.642,25.886,23.485,16.8,13.581,5.168,3.065,10.758,10.001,14.436,15.416,15.254,14.502,17.702,19.239,21.361,23.814,14.923
DEU,Germany,20.155,20.14,21.089,21.766,22.133,23.679,22.885,24.038,25.348,24.341,24.35,24.077,22.902,22.831,23.081,22.586,22.866,23.31,22.581,22.726,22.592,22.667,21.851,24.359,24.159,26.343,28.241,27.138,24.393,25.81,27.848,26.845,26.611,27.575,28.344,28.475,28.635,28.953,28.486,27.439
GHA,Ghana,,,4.118,6.007,8.927,9.208,12.982,14.299,15.452,29.629,25.437,23.126,21.441,23.6,23.127,21.566,20.682,22.731,2.631,32.677,34.405,30.221,34.728,40.824,40.655,35.535,33.19,34.105,36.655,44.693,18.086,24.454,17.342,22.478,21.34,22.62,18.653,21.358,26.194,19.928
GRC,Greece,33.485,15.707,23.634,4.331,4.331,13.093,24.208,19.154,20.074,20.442,19.112,20.45,20.645,18.484,9.483,8.982,9.062,15.669,20.457,13.974,13.732,12.769,11.846,14.894,8.71,4.545,7.385,5.915,15.439,7.944,3.882,9.654,9.397,9.541,10.591,10.443,9.841,9.766,10.456,6.016
GRD,Grenada,,,,,,,,,,,,,,,,,,,,,,,,,,,,,,,,,,6.72,5.226,9.008,6.505,8.092,4.462,6.335
GTM,Guatemala,10.39,9.482,8.953,7.845,7.805,9.353,5.68,7.136,8.551,12.138,12.162,11.394,11.696,10.984,12.054,11.343,12.154,13.288,13.553,13.093,13.794,14.905,16.066,16.42,15.662,16.215,16.18,12.817,13.719,12.632,12.716,12.221,11.618,11.77,13.584,14.827,14.741,14.693,16.934,17.63
GIN,Guinea,4.623,3.388,5.948,6.586,3.992,6.329,6.84,3.755,6.585,11.721,10.847,10.056,11.244,9.984,10.079,8.91,10.643,7.383,8.992,12.138,12.575,10.656,15.606,13.221,11.902,8.844,1.229,5.385,0.645,-0.936,-9.265,-5.212,-0.934,-6.474,-5.693,-6.949,5.245,-0.984,3.315,4.133
GNB,Guinea-Bissau,,,,,,,,,,,,,,,,,49.252,27.053,19.753,22.786,15.007,20.316,25.125,19.388,16.618,13.859,20.2,14.315,12.972,11.965,14.637,11.429,14.885,20.634,16.798,19.489,18.384,11.063,6.041,14.446
GUY,Guyana,-6.197,-8.626,-10.829,0.442,-2.89,-2.753,-2.222,-1.501,-0.655,-0.707,17.617,8.548,7.171,7.357,10.807,12.083,11.526,8.811,11.159,7.467,6.324,6.266,6.517,9.16,9.864,7.519,10.116,5.378,7.211,6.545,5.824,6.117,2.237,5.8,6.907,12.86,8.202,-16.262,-20.004,-0.533
HTI,Haiti,9.46,10.756,10.394,10.534,11.333,10.858,21.439,30.987,37.572,30.427,36.478,43.432,20.039,7.021,7.08,7.702,7.205,8.095,7.759,7.675,6.841,9.161,16.036,10.627,10.221,13.866,8.222,10.702,11.889,24.538,18.484,14.232,11.339,9.46,12.406,8.608,8.406,9.649,14.748,21.218
HND,Honduras,7.551,4.721,4.901,6.721,9.011,8.2,8.47,13.271,10.918,14.879,14.447,14.285,18.077,20.936,28.292,27.412,29.208,28.913,30.913,21.133,19.674,20.637,18.49,21.933,24.621,24.617,24.572,20.62,16.757,16.768,18.019,16.032,12.232,15.238,20.447,20.233,23.575,20.115,20.917,17.29
HKG,Hong Kong SAR,32.835,30.824,27.615,31.642,30.669,32.509,36.452,37.226,37.927,35.644,33.646,33.266,35.217,33.532,31.36,31.509,29.45,30.006,30.659,31.978,31.626,31.073,33.166,32.306,32.941,34.978,34.417,36.023,31.731,30.892,29.701,26.798,25.549,25.214,24.859,25.463,26.652,25.734,24.83,26.253
HUN,Hungary,27.626,27.252,27.331,23.449,20.408,19.086,22.038,21.541,22.567,24.908,20.939,16.289,8.996,13.257,18.087,21.662,22.23,22.21,20.202,21.094,20.656,18.361,16.343,18.097,18.115,18.543,17.023,17.417,19.538,20.754,20.857,20.884,24.423,24.593,25.557,25.644,24.77,26.895,27.907,27.458
ISL,Iceland,24.508,22.527,22.557,22.593,20.462,21.912,19.214,19.503,20.578,16.519,15.679,15.398,17.289,17.623,18.236,18.513,19.421,18.664,16.454,14.735,18.646,21.019,16.404,14.797,13.163,13.361,15.999,5.23,6.41,7.814,10.856,12.44,21.722,21.623,25.034,29.168,25.971,25.743,26.973,22.717
IND,India,15.898,15.991,15.461,16.626,18.569,18.279,20.164,20.455,21.731,23.086,21.375,21.362,21.781,23.717,23.666,22.558,24.272,23.264,25.628,23.703,24.932,25.961,29.109,32.476,33.463,34.651,36.843,32.025,33.665,33.701,35.402,33.541,32.286,32.954,31.067,29.547,29.147,29.953,29.809,29.427
IDN,Indonesia,22.214,16.901,16.122,17.822,19.32,16.765,20.583,20.915,25.582,23.082,23.943,22.783,23.307,24.434,23.905,22.992,24.959,17.022,12.485,24.905,24.677,23.355,26.71,23.999,23.574,25.762,24.358,33.02,33.013,33.582,33.173,32.415,30.656,31.513,32.028,32.04,32.116,31.633,31.077,31.92
IRQ,Iraq,,,,,,,,,,,,,,,,,,,,,,,,-1.947,30.788,25.332,18.712,34.799,10.578,23.736,32.979,27.158,28.331,28.565,18.568,13.608,11.94,17.317,15.565,1.899
IRL,Ireland,13.463,16.018,15.876,15.544,14.67,14.776,16.06,15.574,16.597,19.381,18.842,16.76,18.907,19.137,20.938,22.819,24.459,24.408,24.536,25.155,24.39,24.277,26.244,27.118,26.815,26.559,22.665,18.377,15.545,16.023,15.614,16.878,20.265,23.312,29.966,33.254,34.346,34.306,33.439,36.262
IRN,Islamic Republic of Iran,37.965,25.423,34.389,29.782,22.314,20.129,18.162,15.461,23.437,34.259,44.83,44.733,30.834,22.21,33.808,41.712,37.509,33.575,35.865,40.434,39.209,46.186,48.03,48.206,45.615,47.47,50.23,48.328,44.535,45.625,49.268,47.531,47.544,44.548,36.89,38.865,41.19,43.683,45.026,41.963
ISR,Israel,12.747,12.351,13.686,14.225,20.319,21.079,13.351,15.156,16.739,18.515,21.687,22.464,20.509,19.211,21.225,21.427,21.993,22.413,22.514,21.583,21.234,20.121,20.389,21.417,23.701,24.687,24.608,21.334,21.724,22.223,22.591,21.821,22.962,24.774,25.284,24.616,24.409,24.418,24.477,26.78
ITA,Italy,20.302,19.646,19.863,20.184,19.321,20.188,19.53,20.654,19.705,19.845,18.951,18.189,19.437,19.771,22.139,22.378,22.105,21.389,21.034,20.592,20.998,21.073,20.392,20.781,20.286,20.482,20.879,18.984,17.624,17.285,17.643,17.559,18.001,18.858,18.529,20.156,20.629,21.024,20.993,21.126
JAM,Jamaica,8.591,8.344,14.191,16.616,16.435,17.868,19.352,22.878,20.73,25.522,28.341,26.814,25.8,25.915,23.617,23.745,21.69,18.757,18.693,16.793,17.366,15.83,17.747,20.72,15.033,17.435,15.486,6.106,12.958,13.418,8.539,10.987,12.151,14.116,18.112,21.063,21.493,22.182,22.77,18.64
JPN,Japan,30.195,29.114,28.281,29.132,30.741,31.012,30.673,31.862,32.675,32.773,32.869,32.323,31.359,29.826,29.034,33.427,33.228,32.399,30.665,31.047,29.725,28.508,28.746,29.359,29.574,29.87,30.401,28.662,25.349,26.427,25.624,24.957,25.299,25.788,28.235,28.791,29.342,29.068,29.407,28.831
JOR,Jordan,42.19,28.341,13.293,10.191,5.605,7.478,5.269,17.054,27.958,16.375,9.7,17.827,25.887,27.7,30.007,28.059,26.715,22.575,26.764,23.1,21.168,25.535,32.588,28.018,16.752,17.444,14.16,21.137,23.245,22.575,16.874,9.993,11.835,14.437,11.8,9.721,9.74,10.741,14.612,10.727
KAZ,Kazakhstan,,,,,,,,,,,,7.502,14.101,20.903,22.038,12.577,11.993,10.271,16.763,20.142,20.604,23.13,24.82,27.088,29.156,31.432,27.541,32.19,25.841,26.309,28.293,26.31,25.395,28.551,24.648,21.904,23.294,25.181,23.489,26.833
KEN,Kenya,10.097,13.995,16.852,14.21,20.527,18.393,16.011,16.222,12.38,15.081,14.857,10.837,14.307,13.781,11.716,11.767,10.286,11.368,23.686,16.643,17.2,15.64,17.667,16.788,16.904,16.694,17.147,14.15,14.922,14.809,12.497,13.112,11.317,12.046,14.568,11.738,9.986,9.258,8.615,8.017
KIR,Kiribati,,,,,,,,,,,,,,,,,,,,,,,,,,,,,,,,,,,,,,,,
KOR,Korea,23.265,24.78,28.382,30.403,30.12,34.845,38.419,41.208,38.241,38.563,38.804,37.922,38.084,37.478,37.144,35.415,35.294,38.256,35.394,34.66,31.998,31.741,33.889,36.245,33.814,33.192,33.991,33.834,32.906,34.996,34.647,35.134,35.522,35.384,36.7,36.674,36.923,35.977,34.972,36.258
UVK,Kosovo,,,,,,,,,,,,,,,,,,,,,,,,,,,,,13.297,13.926,10.716,10.766,17.736,14.018,15.073,14.253,18.009,16.487,20.627,17.646
KWT,Kuwait,72.311,47.491,51.568,53.301,43.812,56.227,52.767,50.532,50.929,2.789,-236.428,-3.49,31.197,35.479,37.72,39.922,42.617,26.987,31.362,49.57,38.149,28.281,36.267,47.3,56.795,64.717,57.247,58.501,42.273,50.831,57.143,58.697,55.911,50.208,37.116,33.239,40.214,44.999,40.604,27.38
KGZ,Kyrgyz Republic,,,,,,,,,,,,5.455,-27.901,-2.22,2.089,1.734,13.63,-7.11,2.75,15.447,16.237,20.213,21.759,20.371,20.011,21.324,21.172,14.78,22.569,20.439,17.431,19.172,19.689,19.405,18.433,19.985,24.536,15.682,17.787,11.072
LAO,Lao P.D.R.,,,,,,,,,,,,,,,,,,,,,,,,,,,,,,,,,,,,,,,,
LVA,Latvia,,,,,,,,,,,,18.214,16.044,16.614,12.645,10.622,13.961,13.937,21.275,19.969,20.579,21.596,22.323,21.132,23.619,19.226,21.197,23.28,30.436,22.388,23.376,23.567,22.294,22.454,23.246,22.828,23.401,23.475,21.738,25.555
LBN,Lebanon,-1.286,65.145,-11.021,-13.824,-6.179,-2.138,-2.218,-5.597,26.004,18.015,19.555,36.307,23.301,26.602,23.632,20.316,-3.386,4.124,6.009,5.773,5.938,8.593,7.056,9.665,8.878,6.677,11.514,5.548,4.891,2.303,0.127,-5.003,-4.794,-6.263,-0.315,-1.38,-4.765,-9.365,-7.485,-6.08
LSO,Lesotho,41.17,46.099,40.12,46.435,53.057,30.911,27.88,21.747,18.13,42.504,26.964,30.954,20.957,30.698,32.736,25.871,23.166,12.414,17.193,35.07,39.111,36.114,29.295,35.873,31.662,41.73,46.174,47.649,32.464,20.145,13.569,25.887,27.72,27.884,25.993,20.315,17.811,16.922,13.825,9.283
LBR,Liberia,,,,,,,,,,,,,,,,,,,,,,,,,,,,,,,,,,,,,,,,
LBY,Libya,,,,,,,,,,,,,,,,,,,,,,,,,,,,,,,,,,,,,,,,
LTU,Lithuania,,,,,,,,,,,,,,,13.587,12.443,14.863,12.753,10.66,13.257,14.538,15.574,15.122,15.115,16.989,16.039,16.812,14.503,14.089,16.851,17.417,18.353,20.359,22.787,18.459,18.389,19.788,20.571,20.809,20.698
LUX,Luxembourg,14.526,11.2,14.913,16.555,29.749,30.669,30.144,30.499,32.473,33.88,35.101,35.539,35.501,33.698,31.586,31.722,32.194,31.876,34.693,34.868,30.077,27.277,27.613,27.454,27.968,24.999,25.839,27.124,22.321,23.984,25.238,25.018,24.428,25.092,24.394,23.941,23.5,22.32,21.996,20.024
MAC,Macao SAR,,,,,,,,,,,,,,,,,,,,,,,,,,,,,,,,,,,,,,,,
MDG,Madagascar,28.064,20.092,20.727,21.873,13.937,17.225,20.618,12.898,38.108,29.222,23.616,30.773,31.521,25.008,1.68,6.431,5.418,5.673,7.045,6.304,11.934,2.057,8.578,13.273,6.796,11.156,16.632,23.11,19.05,18.079,16.623,12.706,10.007,16.222,14.366,16.848,15.385,21.091,19.814,8.546
MWI,Malawi,6.124,7.889,8.246,7.612,7.04,5.026,7.543,10.025,6.971,9.736,7.653,4.293,3.659,2.718,4.124,2.73,0.142,7.517,3.658,6.626,3.502,5.803,4.158,5.318,8.093,11.241,23.887,15.47,20.594,26.25,3.814,4.776,5.965,5.503,-3.248,-5.956,-7.099,-7.243,-4.714,-8.412
MYS,Malaysia,29.012,29.254,28.898,28.31,23.445,23.379,28.847,28.578,26.545,28.217,26.786,29.041,31.752,30.891,34.589,37.901,37.936,41.661,40.279,37.706,34.048,34.546,36.303,36.949,36.886,38.787,38.629,38.559,33.236,33.597,34.197,31.045,29.543,29.485,28.411,28.389,28.338,26.139,24.409,24.068
MDV,Maldives,11.469,11.511,14.596,20.336,25.581,24.802,37.306,37.057,37.823,40.474,30.447,21.659,12.532,25.164,24.168,26.658,22.75,24.917,9.565,13.579,12.347,15.703,17.025,10.029,-3.467,0.829,5.788,-6.863,10.353,12.678,5.181,13.355,15.697,16.344,12.513,-3.638,-1.629,-8.386,-6.87,-4.42
MLI,Mali,8.321,26.683,22.755,22.676,44.289,22.74,26.685,25.625,21.163,27.514,30.62,27.242,29.075,32.841,32.81,21.106,24.128,17.492,11.587,8.503,11.629,13.7,14.918,14.758,13.767,17.935,18.311,13.755,15.677,13.306,14.666,14.99,16.436,15.453,15.437,16.721,14.305,15.559,16.717,16.317
MLT,Malta,56.183,53.161,47.228,47.852,41.21,41.523,45.542,50.798,45.547,48.583,48.691,44.106,40.81,39.879,31.378,25.111,29.688,27.081,31.384,21.353,16.884,16.686,17.729,13.495,13.156,11.883,17.003,21.09,13.58,17.767,17.484,18.812,18.738,24.167,26.839,24.195,27.252,27.368,26.83,22.994
MHL,Marshall Islands,,,,,,,,,,,,,,,,,,,,,,,,,,,,,,,,,,,,,,,,
MRT,Mauritania,,,,,,,,,,6.246,8.069,9.177,4.629,30.247,12.759,9.176,6.613,15.702,17.529,11.242,8.464,14.728,13.992,14.216,22.109,30.318,28.213,25.733,21.247,32.01,41.512,37.191,36.071,24.757,21.73,28.21,31.02,29.372,29.446,30.69
MUS,Mauritius,7.488,14.324,11.273,15.539,17.259,21.362,28.03,22.479,27.902,23.2,25.316,25.195,15.486,16.974,12.94,14.807,17.528,15.16,27.766,29.413,31.166,30.127,28.559,25.805,21.142,20.877,25.413,19.255,15.882,14.723,13.174,18.079,19.009,16.778,16.807,17.265,18.795,18.721,19.347,12.571
MEX,Mexico,22.528,21.601,25.423,23.277,22.961,18.579,23.847,19.286,18.423,18.365,16.866,14.928,16.199,16.793,20.516,20.952,21.058,20.65,20.242,20.306,18.521,18.98,20.332,21.403,20.767,22.459,22.179,22.593,22.027,22.336,22.274,22.335,20.02,19.938,20.663,21.363,21.142,20.657,20.754,21.799
FSM,Micronesia,,,,,,,,,,,,,,,,,,,,,,,,,,,,,,,,,,,,,,,,
MDA,Moldova,,,,,,,,,,,,55.289,37.919,28.26,19.006,12.922,9.556,6.145,17.09,17.99,21.474,20.469,16.607,24.584,23.269,21.411,22.858,23.116,14.219,16.7,13.927,16.807,19.775,20.243,17.604,18.485,17.043,14.764,16.945,20.301
MNG,Mongolia,30.652,26.545,21.066,16.752,20.933,17.403,15.63,14.775,10.936,11.844,15.661,17.96,20.815,19.162,21.202,18.342,25.219,15.255,15.963,14.41,11.326,9.81,17.288,24.824,40.996,46.786,42.761,31.294,26.915,29.763,14.805,12.074,15.668,19.354,18.34,19.465,21.256,22.789,24.094,20.169
MNE,Montenegro,,,,,,,,,,,,,,,,,,,,,8.736,0.866,4.985,3.661,3.791,-7.116,-4.612,-8.294,-0.789,1.17,4.281,5.13,8.216,7.811,9.118,9.869,14.146,14.913,16.909,-0.419
MAR,Morocco,16.372,18.54,20.148,20.135,23.538,24.637,25.171,24.231,21.897,25.767,23.728,23.687,23.253,20.835,19.212,21.985,22.962,22.677,21.254,20.634,27.015,25.787,26.68,27.253,27.332,26.594,31.394,31.944,29.687,29.7,28.22,25.689,27.061,26.615,28.661,28.341,29.205,28.136,28.081,26.854
MOZ,Mozambique,23.142,17.275,11.69,11.48,8.58,6.189,15.934,24.882,20.01,31.54,12.507,10.807,7.212,3.165,19.629,13.809,17.838,14.931,25.122,23.586,17.201,20.346,16.279,18.593,13.307,13.24,12.839,12.032,8.225,7.111,5.683,7.762,13.467,16.327,3.835,14.383,13.525,20.494,21.901,5.92
MMR,Myanmar,,,,,,,,,,,,,,,,,,-11.006,-3.037,4.201,5.149,7.89,9.96,12.352,16.152,18.453,14.389,10.383,13.516,25.773,24.663,27.961,29.888,27.588,30.079,29.268,27.707,28.303,29.458,28.831
NAM,Namibia,,,,,,,,,32.326,28.818,20.026,22.221,19.424,23.358,26.658,26.624,21.836,29.728,25.093,24.972,23.999,21.934,25.452,26.045,24.435,36.101,32.997,32.185,23.223,20.691,15.686,19.952,21.319,25.31,17.087,5.927,13.491,11.644,12.999,16.428
NRU,Nauru,,,,,,,,,,,,,,,,,,,,,,,,,,,,,,,,,,,,,,,,
NPL,Nepal,15.525,14.325,14.883,14.666,13.111,10.931,13.464,12.888,11.305,8.164,9.769,11.827,13.804,13.107,18.677,17.795,20.026,19.419,20.22,23.589,23.596,21.105,20.848,23.821,24.886,25.35,24.975,28.916,31.354,31.411,26.917,32.791,32.54,34.984,35.659,33.7,37.002,32.45,33.723,30.383
NLD,Netherlands,23.133,22.9,23.75,25.115,24.051,24.783,24.406,26.678,28.523,26.743,25.628,25.18,25.175,26.208,27.421,27.333,28.852,25.915,26.721,24.308,24.992,23.338,25.643,27.882,27.501,30.109,30.235,27.297,26.136,27.156,28.575,28.919,28.261,26.085,28.774,28.549,31.414,31.794,31.23,31.375
NZL,New Zealand,13.25,12.827,20.413,19.625,19.137,19.762,19.113,20.104,19.546,17.704,15.597,15.494,17.662,18.957,19.421,18.345,18.67,18.193,18.147,19.314,21.265,21.003,21.28,20.296,18.227,17.235,17.852,15.716,17.506,25.358,20.147,17.431,19.028,19.403,20.314,20.899,20.48,20.412,20.714,20.879
NIC,Nicaragua,0.683,3.79,5.954,3.281,10.206,3.897,10.551,-3.234,3.571,33.012,8.857,0.996,1.089,-5.674,3.94,6.912,12.086,14.183,18.071,8.639,9.421,7.019,8.817,12.191,13.594,15.172,15.045,16.534,14.746,15.965,19.075,19.287,18.336,20.851,23.603,22.717,22.755,22.008,23.165,24.299
NER,Niger,8.11,6.419,6.403,1.916,5.674,9.836,5.413,10.94,6.102,11.355,12.146,8.538,6.556,13.027,5.694,10.257,7.962,8.883,5.811,8.516,10.045,8.709,9.026,7.009,14.045,14.525,13.27,16.042,10.533,18.233,13.3,17.481,17.159,19.142,17.019,17.221,14.875,16.294,17.957,17.515
NGA,Nigeria,,,,,,,,,,20.216,14.234,17.698,11.779,7.998,9.651,13.909,13.544,14.018,18.795,25.311,18.528,21.225,20.84,29.473,37.109,32.659,29.198,24.436,24.08,20.843,18.788,18.677,18.603,15.962,12.355,16.039,18.242,20.733,21.619,21.45
MKD,North Macedonia,,,,,,,,,,,,4.343,2.049,3.025,14.494,13.227,12.935,14.141,16.201,19.371,10.991,10.608,14.059,13.143,17.412,20.981,16.802,15.201,18.987,22.443,24.405,25.763,27.162,29.79,28.45,29.657,31.225,32.262,31.22,26.164
NOR,Norway,31.181,29.598,30.332,32.788,32.123,26.914,26.854,26.427,27.286,26.927,25.616,24.772,24.779,25.711,27.4,29.354,31.071,27.827,29.875,36.367,36.22,32.622,31.433,33.961,38.65,40.306,39.381,41.582,35.309,36.282,38.291,39.016,38.168,38.626,35.521,32.558,32.449,36.011,32.24,32.841
OMN,Oman,33.8,24.655,28.465,26.039,26.163,13.893,25.455,11.028,17.632,22.047,13.712,12.543,8.065,10.145,9.445,15.59,16.225,11.907,19.137,31.417,27.373,27.439,29.918,31.546,38.085,42.368,39.919,44.715,27.167,34.686,37.526,34.593,33.213,25.875,14.312,9.71,11.951,18.978,14.752,9.007
PAK,Pakistan,15.046,14.695,16.611,14.895,13.391,15.222,16.738,14.156,14.754,16.299,16.126,18.56,15.836,17.098,15.81,13.956,13.51,15.614,13.152,16.957,17.414,20.203,21.283,18.313,17.83,15.763,14.343,11.082,12.009,13.572,14.221,12.988,13.875,13.352,14.665,13.902,12.122,11.211,10.745,14.276
PLW,Palau,,,,,,,,,,,,,,,,,,,,,,,,,,,,,,,,,,,,,,,,
PAN,Panama,16.049,14.277,15.22,10.562,12.571,15.884,18.015,10.502,3.543,12.374,10.723,14.319,20.387,22.406,21.191,20.863,24.495,19.783,17.209,16.925,15.052,13.915,13.422,10.356,12.424,15.138,28.826,31.83,30.649,27.639,25.599,34.45,35.053,30.933,33.793,32.715,35.812,33.803,34.302,27.968
PNG,Papua New Guinea,,,,,,,,,,,,,,,,,,,,,,,,,,,,,,,,,,,,,,,,
PRY,Paraguay,21.676,18.775,17.357,16.495,16.012,17.772,13.441,20.601,30.535,30.622,21.542,18.862,21.829,22.37,19.622,21.422,17.412,21.537,20.539,14.549,17.592,26.713,20.848,19.966,20.274,23.199,25.687,22.793,21.422,23.982,25.17,20.443,23.935,22.416,20.447,23.814,24.307,22.797,21.808,24.038
PER,Peru,29.012,31.011,23.558,25.141,24.057,19.941,20.654,23.135,21.818,15.859,13.662,10.532,10.463,12.841,12.672,12.904,15.151,14.65,15.351,14.379,14.157,14.652,15.635,16.219,16.951,22.131,23.757,22.781,19.793,22.028,22.456,20.901,20.479,20.2,18.704,19.608,19.316,19.991,19.91,19.292
PHL,Philippines,18.959,16.842,18.62,15.527,13.358,16.786,14.624,15.56,16.406,17.996,17.72,19.093,18.324,19.279,19.455,19.106,19.441,22.064,12.844,13.021,16.728,20.125,19.856,22.441,20.419,21.47,21.304,19.047,22.228,23.887,23.149,22.214,24.652,24.54,23.712,24.242,24.906,24.591,25.291,20.625
POL,Poland,23.382,28.483,24.774,21.626,22.357,18.242,17.814,21.348,21.72,26.867,16.445,13.336,11.193,20.68,19.292,18.755,19.736,21.009,17.783,18.774,17.614,18.409,18.805,14.501,17,17.354,18.498,17.658,16.339,15.95,17.288,17.202,17.436,18.036,19.685,18.911,19.539,19.484,20.242,20.805
PRT,Portugal,20.984,24.786,24.329,22.849,25.439,26.73,28.752,27.488,27.925,27.974,24.395,25.101,22.462,20.705,20.268,19.565,19.857,20.334,20.257,17.924,18.039,17.315,16.451,15.594,13.593,12.929,13.394,11.415,10.955,10.738,13.442,13.908,15.46,15.024,15.125,16.004,17.646,17.779,19.321,17.135
PRI,Puerto Rico,,,,,,,,,,,,,,,,,,,,,,,,,,,,,,,,,,,,,,,,
QAT,Qatar,53.903,40.932,29.899,48.723,35.718,16.376,18.954,17.459,25.423,27.623,23.948,21.573,12.79,21.772,27.378,25.946,38.232,31.816,31.242,50.181,52.683,52.321,59.628,53.728,51.226,55.79,58.448,63.347,43.998,48.177,60.099,60.329,58.252,55.749,45.569,43.362,50.205,53.816,48.704,38.637
COG,Republic of Congo,35.668,29.643,32.598,22.912,21.113,24.332,21.943,28.293,16.12,35.962,31.028,41.942,38.615,35.729,5.572,10.242,22.473,12.201,25.85,48.427,28.932,34.305,44.628,39.867,32.005,42.939,37.053,49.533,40.192,54.044,50.017,57.46,57.835,53.906,39.315,25.088,33.195,24.86,24.544,17.652
ROU,Romania,16.743,19.445,20.459,21.655,32.688,34.045,31.507,28.105,26.506,25.246,23.338,23.415,23.985,22.861,18.82,18.275,14.363,10.572,11.814,19.401,19.566,19.477,18.488,16.643,14.187,16.964,17.773,21.634,22.555,21.996,23.122,22.235,24.7,24.61,24.543,22.026,20.648,18.396,19.031,17.792
RUS,Russia,,,,,,,,,,,,37.356,29.386,17.338,21.676,21.415,17.618,11.63,23.361,32.722,29.312,25.317,25.928,28.132,28.517,27.957,27.228,29.15,21.08,24.79,29.014,27.806,24.732,25.198,27.144,25.006,25.65,28.916,26.606,25.625
RWA,Rwanda,8.192,11.153,9.831,13.344,12.3,11.105,7.879,7.612,6.061,3.726,2.126,5.996,6.533,5.569,11.085,8.313,5.928,8.27,-3.219,-1.974,0.955,1.309,0.833,3.57,4.442,4.391,6.765,8.693,6.988,6.677,5.388,9.144,11.546,6.711,6.175,5.83,12.323,10.095,14.342,3.768
WSM,Samoa,,,,,,,,,,,,,,,,,,,,,,,,,,,,,,,,,,,,,,,,
SMR,San Marino,,,,,,,,,,,,,,,,,,,,,,,,,,,,,,,,,,,,,,,,
STP,São Tomé and Príncipe,,,,,,,,,,,,,,,,,,,,8.637,14.574,21.693,34.84,29.516,18.27,-3.997,120.552,36.608,13.027,33.101,16.7,13.749,13.712,4.415,20.101,21.846,14.498,9.408,6.343,-0.352
SAU,Saudi Arabia,42.578,25.661,8.747,12.159,5.007,3.15,4.899,12.476,9.441,12.154,-0.847,10.023,12.069,12.599,16.571,19,18.962,14.002,21.768,26.871,24.703,25.955,32.489,39.933,47.594,48.5,48.925,52.752,36.599,43.564,50.596,48.929,44.61,38.502,26.458,27.236,30.382,33.381,32.629,25.535
SEN,Senegal,8.622,8.105,7.246,7.524,6.477,4.296,6.944,2.105,1.285,1.103,2.181,-2.912,-3.662,-2.052,2.093,1.976,5.658,7.236,10.356,10.93,14.255,12.626,14.045,13.161,15.319,14.584,15.067,14.915,15.09,16.565,14.497,15.865,15.802,18.9,20.118,21.174,22.54,23.84,24.104,20.044
SRB,Serbia,,,,,,,,,,,,,,,,,6.009,4.239,4.666,8.629,21.238,17.231,14.886,16.668,14.294,12.42,8.745,6.369,12.614,11.584,10.056,8.175,11.373,10.922,15.228,15.156,14.345,17.815,18.228,18.909
SYC,Seychelles,9.584,1.208,-3.555,7.124,5.006,2.605,21.274,20.252,16.627,26.947,15.647,19.946,28.028,41.939,30.604,29.425,16.313,16.526,12.03,20.584,-3.143,13.101,9.576,13.892,16.806,17.285,18.242,8.421,12.438,17.241,12.449,16.969,26.512,14.582,15.187,9.642,8.808,8.314,9.356,-6.72
SLE,Sierra Leone,1.111,1.68,4.579,5.361,3.944,4.306,1.091,0.748,-0.232,-4.581,5.973,7.394,-2.57,2.768,-0.793,-0.469,4.014,7.245,-3.04,-7.171,0.538,3.069,7.772,5.995,5.933,5.914,5.288,0.648,3.673,9.548,-8.987,-3.627,-2.14,3.867,-10.331,2.845,-2.968,-1.721,-6.109,0.815
SGP,Singapore,34.05,37.781,42.826,44.869,41.209,38.345,36.037,40.735,43.529,43.728,44.695,46.739,43.979,48.198,50.378,49.667,53.74,53.282,49.895,46.246,42.042,39.951,41.527,42.204,44.767,49.273,50.209,45.243,43.763,50.592,48.91,46.906,45.687,47.38,44.046,44.048,44.592,40.396,38.921,40.204
SVK,Slovak Republic,,,,,,,,,,,,,20.047,25.697,26.141,23.96,26.034,24.869,24.825,23.975,22.669,22.482,20.691,20.9,22.382,21.445,23.406,22.056,17.059,19.172,20.308,21.577,22.75,22.885,22.161,20.306,21.018,20.994,20.846,16.422
SVN,Slovenia,,,,,,,,,,,,18.316,18.832,25.037,24.775,25.2,26.341,26.338,25.116,25.665,26.718,26.37,25.732,26.098,26.66,28.456,28.909,27.567,22.37,21.594,20.854,20.054,22.887,24.471,22.98,23.203,26.264,27.023,26.346,27.891
SLB,Solomon Islands,-0.324,8.856,6.952,11.112,-7.171,29.141,36.136,15.222,20.325,12.435,18.129,28.16,28.04,22.42,-18.078,-6.782,-3.94,-1.218,2.832,-7.27,-6.298,-4.232,16.611,22.4,3.193,3.799,2.416,-1.675,-4.366,-5.783,8.888,15.71,12.584,9.311,13.068,12.656,13.654,9.17,2.853,6.802
SOM,Somalia,,,,,,,,,,,,,,,,,,,,,,,,,,,,,,,,,,,,,,,,
ZAF,South Africa,28.097,22.165,26.711,23.121,25.977,25.128,23.548,23.924,24.274,20.75,20.167,18.228,17.23,17.731,17.563,16.919,16.26,16.272,16.537,16.239,16.019,17.18,16.28,15.701,15.186,15.706,15.602,17.613,17.977,18.012,17.503,14.835,15.377,15.429,16.3,16.291,16.266,14.392,14.572,14.602
SSD,South Sudan,,,,,,,,,,,,,,,,,,,,,,,,,,,,,,,23.346,-5.176,8.953,24.846,20.899,30.901,3.947,9.999,-2.701,12.699
ESP,Spain,19.186,19.106,19.429,20.462,20.854,21.772,21.516,22.382,21.898,21.552,20.718,18.88,19.289,19.051,21.004,20.894,21.379,21.673,21.594,22.33,22.084,22.954,23.62,22.803,22.133,21.714,21.01,19.551,19.215,18.648,17.848,18.522,19.254,19.601,21.022,21.929,22.183,22.396,22.907,20.855
LKA,Sri Lanka,13.22,13.519,15.305,21.615,15.012,12.958,13.822,12.965,12.579,21.957,19.921,26.583,24.918,24.383,23.788,24.626,23.963,25.447,24.819,23.768,22.318,22.69,22.857,23.592,25.859,25.572,26.429,21.363,27.964,28.458,26.293,33.234,29.83,29.803,28.845,25.739,28.953,27.419,25.242,24.589
KNA,St. Kitts and Nevis,,,,,,,,,,,,,,,,,,,,,,,,,,,,,,,,,,23.918,16.226,17.269,18.794,24.262,27.907,21.944
LCA,St. Lucia,,,,,,,,,,,,,,,,,,,,,,,,,,,,,,,,,,14.723,18.136,13.94,20.594,23.423,26.152,7.589
VCT,St. Vincent and the Grenadines,,,,,,,,,,,,,,,,,,,,,,,,,,,,,,,,,,-1.146,9.997,12.081,14.061,14.332,12.809,12.724
SDN,Sudan,14.804,105.628,33.688,69.227,-32.599,13.122,11.779,11.365,8.056,9.897,9.041,-32.776,-7.298,0.811,0.309,26.037,6.952,4.928,2.462,8.939,12.181,15.756,13.347,15.947,9.109,8.488,14.257,14.612,12.31,17.729,19.27,6.937,6.188,9.203,4.491,1.506,1.129,0.509,-5.751,-7.469
SUR,Suriname,,,,,,,,,,,-15.563,-3.265,6.695,30.771,30.447,21.28,19.681,11.84,14.848,16.928,-3.431,12.473,21.532,19.851,20.96,29.36,53.356,54.653,49.956,52.436,64.064,60.768,62.513,65.09,54.004,58.49,51.441,48.667,39.398,32.116
SWE,Sweden,22.141,18.841,21.05,23.247,23.467,23.837,24.298,24.842,25.825,24.374,21.667,19.229,17.835,21.419,23.972,23.869,24.274,25.096,25.595,26.722,27.566,26.5,27.749,27.782,28.229,31.332,32.932,32.301,26.936,28.799,29.266,28.06,27.752,27.717,27.743,27.105,28.676,28.643,29.801,29.755
CHE,Switzerland,33.774,34.305,32.279,34.818,35.496,35.105,34.975,36.893,37.401,37.996,35.98,33.754,34.109,34.035,33.063,33.128,34.665,35.011,35.715,37.893,34.518,33.231,37.02,37.464,38.8,40.577,35.553,29.126,34.714,39.762,35.619,36.441,35.704,33.503,35.012,33.715,32.177,31.164,31.148,30.662
SYR,Syria,20.44,22.217,10.251,11.867,10.11,11.344,4.132,2.394,12.848,30.754,26.725,23.042,24.218,24.317,28.488,23.372,23.335,21.354,20.57,21.697,23.494,23.397,15.406,14.557,16.162,21.281,26.337,29.778,27.067,23.845,,,,,,,,,,
TWN,Taiwan Province of China,31.643,30.87,33.747,35.683,35.207,41.325,40.775,36.767,32.761,31.907,32.419,31.867,31.508,30.335,29.839,28.987,28.642,28.425,28.871,29.561,27.187,28.907,30.049,30.459,29.474,31.275,33.123,31.049,31.062,34.056,31.969,32.247,33.288,34.75,36.564,36.112,36.103,35.133,35.81,39.879
TJK,Tajikistan,,,,,,,,,,,,7.101,-3.803,21.073,8.286,1.424,2.131,5.082,7.651,13.39,8.712,12.563,13.299,12.114,1.975,10.186,-4.737,3.446,6.647,7.664,14.735,8.985,6.772,12.533,12.105,16.438,26.876,16.154,18.239,17.189
TZA,Tanzania,8.576,7.906,6.236,5.431,4.828,7.545,12.295,12.016,19.78,21.212,21.41,22.204,20.499,8.487,12.741,13.566,12.161,12.987,12.863,16.064,18.172,20.008,21.766,23.574,23.372,25.313,26.378,25.526,21.854,24.066,24.204,22.101,23.278,24.553,25.457,29.992,30.505,31.27,32.882,33.185
THA,Thailand,18.292,19.733,18.171,19.238,23.516,25.6,26.281,28.952,30.599,41.539,34.772,34.433,34.903,35.59,35.045,34.692,32.204,32.644,30.015,30.051,27.959,26.578,27.116,27.792,26.384,28.055,31.423,28.546,28.513,28.724,29.334,26.792,25.356,26.777,29.274,31.611,32.562,30.785,30.756,27.151
BHS,The Bahamas,10.94,11.839,12.837,12.661,12.978,13.368,9.937,9.737,13.388,14.746,12.079,13.142,12.401,12.006,10.954,9.736,24.559,22.133,30.094,28.875,23.271,23.963,23.935,24.685,24.436,22.896,21.7,20.79,19.757,19.579,19.047,17.054,15.119,13.08,11.728,18.543,14.031,14.222,27.476,10.365
GMB,The Gambia,6.082,9.275,8.681,6.796,7.46,6.124,7.29,8.116,8.108,7.4,7.757,8.075,6.634,6.403,9.348,5.399,3.256,-0.191,0.164,-0.868,14.353,5.205,2.832,11.559,7.503,11.338,7.324,2.891,5.04,3.757,5.379,13.796,7.131,7.509,3.65,3.328,13.233,7.952,14.383,12.332
TLS,Timor-Leste,,,,,,,,,,,,,,,,,,,,,,,,,,,,,,,,,,,,,,,,
TGO,Togo,7.593,-1.7,0.099,-0.45,-0.714,-1.194,-0.347,-0.138,4.983,7.098,2.883,2.58,-1.504,4.435,3.482,2.053,2.72,3.552,0.727,3.674,2.6,9.518,10.368,9.787,7.773,8.185,7.285,8.675,11.197,11.998,14.228,12.415,11.785,13.825,15.603,14.731,17.058,16.188,18.03,17.115
TON,Tonga,,,,,,,,,,,,,,,,,,,,,,,,,,,,,,,,,,,,,,,,
TTO,Trinidad and Tobago,32.429,20.019,14.231,15.835,20.515,12.786,14.39,10.892,15.417,22.48,15.95,16.071,16.542,24.188,25.85,25.658,19.091,22.35,21.096,23.064,30.952,23.115,33.43,32.889,53.83,53.76,45.644,51.382,37.071,36.892,35.864,32.963,37.539,33.289,28.964,16.439,22.726,15.479,12.196,7
TUN,Tunisia,22.123,20.489,22.687,21.618,21.553,17.729,20.304,19.892,18.012,19.281,19.459,20.525,21.162,20.823,18.129,20.257,21.198,21.605,22.334,20.951,20.628,19.696,19.807,20.135,19.874,20.778,20.451,20.882,20.681,20.029,14.648,15.318,13.078,13.326,10.3,9.109,9.108,10.044,8.783,0.971
TUR,Turkey,22.918,21.238,16.57,15.887,18.053,21.506,23.125,24.947,22.668,21.818,21.84,22.032,21.892,20.541,20.594,20.45,20.76,25.623,21.741,21.292,21.366,22.322,20.683,22.312,23.648,24.627,23.924,24.629,21.904,21.771,23.016,23.351,23.898,24.893,25.218,25.002,26.04,27.725,26.043,26.665
TKM,Turkmenistan,,,,,,,,,,,,,,,,,,,,,,,,,,,,,,,,,,,,,,,,
TUV,Tuvalu,,,,,,,,,,,,,,,,,,,,,,,,,,,,,,,,,,,,,,,,
UGA,Uganda,16.424,14.357,4.943,6.009,4.937,13.71,13.994,4.458,3.917,3.609,7.876,9.467,7.897,7.781,9.105,12.105,9.455,9.363,11.252,15.294,15.903,18.627,21.02,22.665,23.007,19.359,21.203,16.236,17.222,16.245,15.315,21.682,23.442,18.582,18.148,21.968,19.957,20.025,21.121,18.203
UKR,Ukraine,,,,,,,,,,,,35.256,30.472,19.753,23.025,19.351,18.421,17.373,23.783,23.645,25.516,27.685,27.714,31.766,25.45,23.042,24.101,20.353,15.589,18.654,16.158,13.568,9.29,9.481,17.663,20.23,18.567,15.315,9.861,10.936
ARE,United Arab Emirates,43.159,37.663,36.592,40.707,36.735,30.037,29.037,26.498,27.605,36.031,25.972,29.77,29.29,27.774,28.231,30.038,35.573,28.372,29.997,38.772,31.575,25.864,27.914,26.419,33.337,36.594,33.05,32.16,34.729,31.33,35.571,41.4,38.025,35.685,30.54,29.717,32.427,33.104,32.232,28.223
GBR,United Kingdom,19.263,18.797,19.272,19.51,19.773,18.971,19.762,20.036,20.602,20.066,18.979,17.62,17.364,18.236,17.886,18.194,17.435,17.465,15.421,16.028,15.914,15.872,15.776,15.055,15.581,15.035,14.919,13.458,11.575,13.088,13.944,12.451,11.262,12.51,12.697,12.413,14.397,14.084,15.246,13.07
USA,United States,23.195,21.706,19.721,21.834,20.302,18.877,19.543,20.561,19.672,18.671,18.729,17.6,16.963,17.772,18.669,19.557,20.758,21.302,20.874,20.768,19.615,18.335,17.418,17.755,18.19,19.25,17.559,15.276,13.938,15.466,16.498,18.777,19.201,20.356,20.141,18.733,19.216,19.052,18.608,17.802
URY,Uruguay,9.325,12.316,8.766,7.624,7.561,10.355,10.468,11.26,10.646,11.837,12.922,12.075,11.683,11.139,11.925,11.755,14.403,14.236,12.901,11.025,10.998,14.613,13.332,16.101,16.516,16.075,17.109,16.119,16.956,16.195,16.7,13.887,14.295,14.542,17.223,18.202,15.801,14.462,16.273,12.873
UZB,Uzbekistan,,,,,,,,,,,,35.954,5.641,16.343,19.582,13.486,15.81,17.42,14.233,21.024,20.013,20.361,22.629,26.614,28.819,29.905,30.828,29.269,29.854,28.083,29.418,28.924,27.717,29.726,25.376,22.479,31.545,33.443,34.857,31.561
VUT,Vanuatu,,,,,,,,,,,,,,,,,,,,,,,,,,,,,,,,,,,,,,,,
VEN,Venezuela,28.779,21.054,17.829,27.583,25.86,18.653,25.497,20.139,21.124,25.935,21.264,17.543,15.001,18.511,20.721,29.253,31.961,25.953,28.711,34.467,29.082,30.315,29.752,35.661,40.639,40.708,37.27,36.662,22.513,31.591,30.639,25.635,19.028,9.136,2.352,4.015,-9.864,,,
VNM,Vietnam,7.065,8.628,9.317,9.66,6.311,7.821,8.662,8.656,5.487,8.158,10.438,13.831,10.768,11.026,11.35,15.69,17.813,18.908,24.99,25.467,26.779,24.757,24.071,23.814,25.821,27.006,34.911,28.925,32.042,32.352,29.589,31.719,30.049,30.264,26.444,26.56,25.72,28.199,30.362,28.603
WBG,West Bank and Gaza,,,,,,,,,,,,,,,,,,,,,,,,,,,,,,,,,,,,,,,,
YEM,Yemen,,,,,,,,,,18.273,10.409,17.642,16.332,20.11,22.051,23.938,24.959,18.618,25.902,32.736,26.369,22.618,22.221,21.906,22.356,17.604,10.227,10.766,3.488,8.25,2.5,6.993,5.033,7.105,-4.439,-1.371,1.932,3.802,2.535,2.362
ZMB,Zambia,0.052,-0.655,6.24,7.016,10.765,14.654,9.595,10.802,6.431,13.538,10.32,7.607,11.284,12.908,8.136,10.014,6.83,-0.267,1.588,26.821,13.788,19.533,27.394,33.999,28.178,41.342,30.462,26.3,36.23,37.405,38.304,37.135,33.463,36.185,40.103,34.941,39.322,38.104,40.795,36.03
ZWE,Zimbabwe,,,,,,,,,,,,,,,,,,,,,,,,,,,,,,,,,,,,,,,,
