{"chunk_definitions":[{"row":44,"row_count":1,"visible":true,"expansion_state":0,"options":{"engine":"r","label":"unnamed-chunk-16"},"document_id":"DECB6C2D","chunk_id":"csetup_chunk","chunk_label":"unnamed-chunk-1"},{"row":80,"row_count":1,"visible":true,"expansion_state":0,"options":{"engine":"r","label":"unnamed-chunk-17"},"document_id":"DECB6C2D","chunk_id":"cldno6qfe68ge","chunk_label":"unnamed-chunk-2"},{"row":123,"row_count":1,"visible":true,"expansion_state":0,"options":{"engine":"r","label":"unnamed-chunk-19"},"document_id":"DECB6C2D","chunk_id":"cplt4l7us7ovi","chunk_label":"unnamed-chunk-3"}],"doc_write_time":1630361934}