Country,ISO,1981,1982,1983,1984,1985,1986,1987,1988,1989,1990,1991,1992,1993,1994,1995,1996,1997,1998,1999,2000,2001,2002,2003,2004,2005,2006,2007,2008,2009,2010,2011,2012,2013,2014,2015,2016,2017,2018,2019,2020
Afghanistan,AFG,,,,,,,,,,,,,,,,,,,,,,,,,,,,-47.95177613,-55.86013547,-192.0224795,-51.03628361,-65.68451134,-47.77402701,-42.99441621,-166.9835549,-79.58526875,-40.273161,-80.63140407,2.916492929,24.25833011
Albania,ALB,,,,,,,,,,,,-20,-58,-53,-70,-90.1,-47.5,-45.01,-41.2,-143,-207.3,-135,-178.0364007,-327.6812102,-258.4174887,-314.6383168,-647.3652838,-881.2441751,-950.7613876,-1043.511678,-846.6166816,-834.8030231,-1225.674342,-1074.29419,-910.256726,-1037.328978,-1128.922245,-1208.920406,-1161.045288,-1016.610831
Algeria,DZA,1.390237828,64.89276182,14.19979954,13.84603808,1.988941485,-10.63305676,11.34081025,-8.115282091,-3.942928303,4.353889335,38.65126571,,,,,,,,,,,,,,-1101,-1762,-1539.745128,-2320.754664,-2532.507565,-2081.136054,-2037.319358,-1541.844615,-1963.63505,-1520.777119,638.9152153,-1591.723072,-1238.809876,-585.8399509,-1298.467328,
American Samoa,ASM,,,,,,,,,,,,,,,,,,,,,,,,,,,,,,,,,,,,,,,,
Andorra,AND,,,,,,,,,,,,,,,,,,,,,,,,,,,,,,,,,,,,,,,,
Angola,AGO,,,,,-278,-234,-119,-131,-200,335.7,-664.5,-287.956,-302.1,-170.3,-472.427,-180.559,-411.66,-1113.97,-2471.46,-878.62,-2145.47,-1643.393,-3481.07178,-1413.99182,1523.198987,228.2999459,1805.123607,890.6729639,-2198.545055,4567.640566,5116.413414,2351.103731,8041.583617,-2770.722211,-10813.08538,452.5226189,8749.300466,6461.790581,1749.052912,1956.982582
Antigua and Barbuda,ATG,-22.4,-23,-5,-4.4,-15.6,-22.6,-38.5962963,-32.95185185,-43.10740741,-60.60740741,-54.79259259,-19.64814815,-15.24074074,-24.78888889,-31.48518519,-19.35185185,-22.94444444,-22.77407407,-51.79253333,-43.11592593,-98.45222222,-65.86506481,-166.3211437,-80.36658519,-220.9633741,-358.8201637,-338.2047333,-158.7837744,-80.64665259,-96.67920778,-65.1605963,-129.3671389,-134.2889996,-39.93099838,-99.94913134,-59.44939419,-159.2737058,-165.042505,,
Argentina,ARG,-944,-257,-183,-268,-919,-574,19,-1147,-1028,-1836,-2439,-3265.063223,-2088.01541,-2622.087878,-4112.274404,-5347.787687,-5507.454052,-4965.180132,-22257.41339,-9517.28614,-2005.260142,-2776.05,-878.23,-3448.72,-3954.19,-3098.627066,-4968.924801,-8334.618541,-3305.612521,-10367.95795,-9351.930945,-14269.08434,-8931.688999,-3144.794109,-10883.76078,-1473.633407,-10361.23124,-10070.636,-5123.845949,-2888.722899
Armenia,ARM,,,,,,,,,,,,,-0.8,-8,-25.32,-17.57,-51.94,-220.829,-122.034,-104.1885,-69.8685,-110.7237938,-122.243975,-247.2648601,-286.6841718,-443.9049256,-658.779848,-913.2265985,-707.8003299,-501.862329,-434.1382224,-473.2107321,-315.8295243,-377.774324,-155.376062,-263.2139317,-221.8782863,-247.1336577,-396.6326181,-144.575322
Aruba,ABW,,,,,,,,,,-130.5027933,-184.7486034,36.98324022,17.93296089,73.18435754,5.530726257,-84.13407821,-197.5977654,-82.17877095,-469.3296089,130.5586592,263.2402235,-338.6592179,-163.0167598,97.54189944,198.9344711,-233.1388045,510.5586592,-16.08938547,12.12290503,-184.0223464,-485.027933,317.4860335,-221.9515743,-241.7537693,39.29064413,-27.97001674,-79.28292203,-105.5506857,134.984404,-123.8856391
Australia,AUS,,,,,,,,,-5000.323944,-7824.698719,-3782.555746,-1106.562011,-2767.98426,-2630.684042,-9222.498129,441.6547914,-2007.441432,-2932.190621,-1898.24931,-10797.9587,2663.165109,-7681.971735,9612.586773,-33123.39059,-7620.252751,-6470.053661,-30020.09409,-13272.11722,-17218.51263,-17142.06831,-57304.2512,-51785.73922,-54767.99455,-40630.4591,-38633.22121,-46077.39096,-38686.71571,-60526.75284,-30038.22169,-10566.86139
Austria,AUT,,,,,,,,,,,,,,,,,,,,,,,,,193.3388462,5587.390966,10174.11882,21601.88027,1258.109966,7679.700298,15161.34182,13225.67775,10579.89254,-2587.541536,5836.278366,2023.53804,-3410.590995,1971.094102,7410.325506,12238.32593
Azerbaijan,AZE,,,,,,,,,,,,,,,-330.05,-627.277,-1114.834,-1022.947,-510.317,-129.177,-226.513,-1066.821,-2351.747,-2351.283,-459.151,1289.475,5034.521,540.824,-147.181,-331.155,-932.582,-812.407,-1141.55,-2443.393,-838.252,-1926.065,-303.1063519,357.879,927.801,318.1262
"Bahamas, The",BHS,-34.4,-2.8,6,4.9,30.2,13.2,-10.8,-36.7,-25,17.2,,,-27,-23.5,-106.7,-88.1,-209.6,-145.9,-149.1,-250.25,-102.37,-152.79,-190.2,-273.6,-563.4147,-706.38,-713.35,-860.156197,-663.96,-871.97,-666.621,-526.171,-382.252,-251.2774288,-76.07592475,-390.4000364,-304.5875731,-491.4046892,-264.5962517,-359.3177
Bahrain,BHR,,-28.45744688,-64.09574485,-140.6914895,-101.3297872,31.91489362,35.90425532,-222.0744681,-180.8510638,207.712766,-569.4148936,-815.6914894,313.8297963,-9.574468976,-446.6625906,-1743.32978,-281.6386172,1.369868848,-290.3863971,-354.0096136,135.5967885,-26.95670594,224.6543266,170.3301792,86.77103428,-1934.606677,-87.16357861,-173.5196311,-2048.638923,178.271544,112.7659574,-1028.723404,-3196.06383,-1913.031915,3126.06383,-1123.404255,-289.893617,1403.989362,,
Bangladesh,BGD,,,-0.403978558,0.553269398,,-2.436499344,-3.205086762,-1.838242499,-0.247908274,-3.238781189,-1.390444322,-3.721853382,-14.04988652,-11.14778833,-1.896372127,-13.52983154,-136.3105341,-187.0572125,-179.6030063,-280.3846297,-78.52704008,-49.66244399,-265.5074141,-444.836578,-811.3820561,-452.9283481,-516.7662325,-1137.762261,-720.4573536,-1165.816161,-967.2907735,-1295.34453,-2056.085293,-2497.421016,-2771.250741,-2292.208318,-1683.653529,-2402.416194,-1884.983625,-1133.06447
Barbados,BRB,-36.1,-34.65,-14.75,-34.5,-2.6,-5,-4.65,-25.02940931,-5.73296392,-9.813282795,-6.12492125,-13.6,-6.80211387,-11.85,-60.50375015,-12.28648406,-27.00349905,-28.21048223,-46.23950512,-50.86444391,-65.92241094,-203.3667538,-159.6687886,-174.7722157,-233.1844078,-297.8195845,-394.1658153,-541.6906376,-228.1778629,-101.2102282,100.6590858,-488.1407956,-77.79329294,-821.2826785,-366.3289377,-463.0256542,,,,
Belarus,BLR,,,,,,,,,,,,,-17.6,-10.5,-14.7,-104.5,-349.5,-200.9,-443.2,-118.6,-95.5,-453.3,-170.3,-162.5,-304.1,-354.1,-1792.1,-2157.3,-1774.2,-1342.8,-3876.9,-1308.1,-1983.9,-1788.6,-1545.7,-1124,-1208.5,-1371.3,-1277.1,-1314.6
Belgium,BEL,,,,,,,,,,,,,,,,,,,,,,-9199.049496,4506.779201,-9750.819018,-1123.653953,-8690.515457,-13093.60422,32864.04419,-44015.0519,-58665.00747,-34518.42585,29684.33802,17271.77874,14787.64097,26844.37744,-22983.19827,31988.68537,9073.1726,-1017.737778,1189.809089
Belize,BLZ,,,,3.7,-3.7,-4.6,-6.85,-14,-18.65,-17.2,-13.6,-15.6,-9.2,-15.3695,-21.05,-10.915,-8.055,-13.15,-53.579,-23.34076243,-61.16297287,-25.38671966,11.28278819,-111.4319224,-125.9274758,-108.2569022,-139.3878193,-166.9107001,-108.378836,-95.32879977,-94.71550795,-193.3256823,-91.5632063,-138.3624165,-58.64934013,-31.01460131,-31.57443673,-121.3232744,-91.79168473,-71.77462167
Benin,BEN,-2.060858229,0.541681719,0.532716067,0.462288405,,,,,-62.09619007,-62.37677714,-120.7808066,-77.5717266,-1.403787184,-13.6488399,-13.32950212,-13.59586934,-13.87600649,-32.7484395,-37.83429457,-56.2933694,-41.58942646,-12.21542228,-44.5164935,-65.27122622,-53.45007684,-54.97816078,-261.6823579,-174.5313739,-103.514099,-194.9072723,-101.5746835,-241.2152993,-301.7537832,-388.4590433,-117.056378,-114.4096483,-168.9953317,-184.3031645,-191.0583574,
Bermuda,BMU,,,,,,,,,,,,,,,,,,,,,,,,,,200.07,-512.2999981,151.3629719,81.72415504,-236.6110078,-78.84472136,192.8134715,-4.328580312,123.1437454,58.62786443,168.5576387,246.5476693,-130.4446738,-42.1613895,
Bhutan,BTN,,,,,,,,,,,,,,,,,,,,,,,,,,-6.122702143,-73.85576976,-3.144001019,-18.29970723,-75.27400903,-31.14161486,-24.38067357,-20.43363107,-23.53493175,-6.45095385,-11.88416235,16.55375995,-2.649454311,-13.01137729,2.78696089
Bolivia,BOL,-75.6,-31,-6.9,-7,-10,-10,-36.4,12,25.4,-26.1,-50,-91.1,-121.8,-128,-390.7,-472,-728.2,-946.5,-1007.7,-733.55,-703.176,-673.943,-194.62,-62.63,241.62,-277.763457,-363.2942415,-509.3356052,-420.04,-650.8033505,-858.6663037,-1059.965391,-1749.612614,-689.679406,-556.4302431,-246.4994899,-632.781025,-386.8340852,264.9511558,946.2464111
Bosnia and Herzegovina,BIH,,,,,,,,,,,,,,,,,,-66.73646836,-176.7805948,-146.0756109,-118.4952198,-267.769569,-381.7846374,-708.3123027,-607.3739154,-764.1319625,-1777.373275,-965.4050308,-231.9986115,-362.6603819,-476.4365017,-332.3763674,-227.0329075,-534.904936,-288.3558044,-309.3064452,-408.6656694,-601.7829306,-399.8603695,-373.906291
Botswana,BWA,-88.5581515,-21.07490089,-25.07006325,-62.3857545,-52.14009146,-70.40439066,-113.5835142,-39.92152413,-42.18601302,-88.52621588,16.71978855,11.42328977,296.4415051,23.61578093,-29.5071796,-72.2354975,-96.00649727,-91.82063854,-35.16135434,-54.91860604,348.9706549,-365.1141854,-211.9730622,-429.6422256,-363.6077197,-437.1050032,-462.9899716,-612.3170452,-200.8785843,-217.4834774,-302.9167355,-138.1284172,17.49621402,-403.8174419,-195.308867,27.17111815,-261.4409392,-203.8762664,-217.4760975,
Brazil,BRA,-2313,-2534,-1422,-1552,-1360,-202,-1031,-2629,-608,-324,-89,-1924,-801,-2035,-3475,-11667,-17877.37031,-26001.59692,-26888.01761,-30497.6527,-24714.93937,-14108.09619,-9894.224671,-8338.89646,-12549.59073,9380.283047,-27518.24127,-24601.09027,-36032.8058,-55626.92187,-86360.1112,-90485.12367,-59567.52542,-67107.12935,-61604.17636,-59601.14588,-47544.97834,-76138.15476,-46354.80725,-50586.15178
British Virgin Islands,VGB,,,,,,,,,,,,,,,,,,,,,,,,,,,,,,,,,,,,,,,,
Brunei Darussalam,BRN,,,,,,,,,,,,,,,,,,,,,-60.69464366,-229.6719557,-123.8209111,-71.63091173,-175.0685166,-70.38244754,-257.6357175,-222.1845495,-325.5868278,-479.5205958,-703.7517506,-859.1071104,-778.4123411,-573.9066413,-171.2891678,150.5508273,-467.9275503,-516.2026206,-373.2567672,
Bulgaria,BGR,,,,,,,,,,-4,-55.9,-41.5,-40,-105.4,-98.4,-137.5,-506.5,-537.2536531,-801.6711629,-998.2199167,-803.2815653,-876.3218502,-2070.285898,-2879.17825,-4004.786052,-7582.756076,-12903.08229,-9179.24461,-3535.417639,-1253.65,-1611.44,-1378.13,-1637.5,-211.26,-2098.19,-661.41,-1511.54,-885.51,-1298.31,-2202.62
Burkina Faso,BFA,,,,,,,,,,,,,,,,,,,,,,,,,-34.36076369,-34.53123113,-337.3769832,-104.26008,-71.36395776,-38.18758915,-41.47279999,-256.3262664,-432.0964214,-287.750665,-217.796773,-340.1132134,7.696130292,-200.7015587,-146.535904,
Burundi,BDI,,,,,-0.538566543,-1.524028632,-1.367714123,-1.196623811,-0.516806723,-1.249595512,-0.864953807,-0.600088333,-0.337754345,0.098946223,-1.3813399,,,,0.236530997,-11.68324067,0.002288183,,-0.004618426,-0.044690708,-0.584701693,-0.031593778,-0.465213147,-3.251690822,-0.348404535,-0.780582004,-3.354999181,-0.604919652,-116.5603938,-81.7197838,-49.47069308,-0.018977091,-0.306525819,-0.983747125,,
Cabo Verde,CPV,,,,,,0.008734178,-2.786140595,-0.413917508,0.595423714,0.064114158,-1.199579881,0.753334616,-2.979859995,-1.713256469,-25.60682686,-28.26454226,-11.52681286,-9.039816275,-53.51885453,-32.80613611,-8.58964155,-14.78893076,-38.36877463,-67.6382738,-80.5053501,-131.7877389,-191.4133212,-213.7358224,-124.1070595,-116.1587637,-100.8375528,-116.9514305,-56.52517052,-168.1405288,-111.9891535,-118.4837384,-95.82768364,-92.76934287,-82.71932022,-71.23313034
Cambodia,KHM,,,,,,,,,,,,-33,-54.124,-68.9,-150.8,-293.6,-203.7,-223.0299824,-223.1467295,-141.9105478,-142.109477,-139.0803639,-74.31965056,-121.1732293,-374.9021906,-474.8275617,-866.193488,-794.6913931,-909.5203894,-1383.735373,-1509.718402,-1951.922775,-2006.202368,-1771.407708,-1735.043113,-2396.841375,-2673.226255,-3088.669837,-3561.195452,-3497.632099
Cameroon,CMR,-135.7590358,-107.1495132,-208.5990156,-7.552236316,-305.6784365,106.4088126,-104.3799788,-63.72373176,111.8152727,127.9269356,36.01471528,3.853538331,16.98670781,9.401937773,-6.69139644,-93.22074763,-82.23371359,-191.0901956,3.833472242,-149.4978984,-38.10853073,-637.8732351,-328.5167193,-76.71549845,-257.2780436,-64.43405223,-197.2970068,-23.21076018,-812.3460398,-35.2853728,-466.1721818,-809.6755811,-704.9671293,-737.6417077,-638.5191654,-702.8176141,-792.5756296,-657.1543501,-898.8707384,
Canada,CAN,4881.869417,2281.061698,629.0117213,-1090.87786,2507.671553,655.3766153,-994.0788448,149.5168358,-756.4269091,-2351.32258,2962.324152,-1229.97811,962.5546786,1079.642881,2170.895576,3471.751715,11546.28924,11369.48548,-7526.468527,-21653.03899,8440.763883,4749.229278,16417.568,43370.5797,1727.389339,-13950.02242,-55310.20753,18568.97447,16787.9961,6626.667134,11756.39331,12879.46679,-12563.23601,805.1916884,23927.63272,33404.09551,52829.98589,18933.55159,31085.02026,25201.34193
Cayman Islands,CYM,,,,,,,,,,,,,,,,,,,,,,,,,,,,,,,,,,,,-2725.340003,-2528.550862,1252.840639,-1653.410249,
Central African Republic,CAF,-5.781443352,-8.809935831,-4.025548999,-4.897510823,-2.388356239,-6.895637572,-9.32665223,8.591624318,2.526580033,3.092577657,8.376257108,16.53243503,15.29863165,3.602275009,,,,,,,,,,,,,,,,,,,,,,,,,,
Chad,TCD,0.110403119,0.124769385,0.089223381,-9.186265628,-53.38521532,-27.77313324,-0.166369109,12.5500163,-6.194196211,,6.263582865,11.81373957,-4.230785022,-26.51274407,,,,,,,,,,,,,,,,,,,,,,,,,,
Channel Islands,CHI,,,,,,,,,,,,,,,,,,,,,,,,,,,,,,,,,,,,,,,,
Chile,CHL,-383,-401,-135,-67,-142.6,-313,-885,-952.3,-1276.7,-653.7,-697.4,-538.3,-600.1,-1671.4,-2205,-3681.163777,-3808.707177,-3144.336714,-6203.09223,-873.3705182,-2590.031013,-2206.769653,-2317.376776,-4652.657205,-5327.059945,-5374.273036,-8623.204102,-9321.755961,-6622.247092,-6558.972712,-5312.99661,-10812.11519,-12322.10149,-10757.75307,-4948.067531,-3836.168964,-2604.278543,-6450.385411,-3247.162005,3196.844021
China,CHN,,-386,-543,-1124,-1030,-1425,-1669,-2344,-2613,-2657,-3453,-7156,-23115,-31787,-33849.2,-38066,-41674,-41117,-36978,-37483.3,-37357,-46789.56918,-49444.85374,-60144.67047,-90379.12756,-100149.8372,-139094.5355,-114792.3737,-87167.06737,-185749.8352,-231651.5781,-176250.4816,-217957.5518,-144967.6268,-68098.64976,41674.87617,-27790.98792,-92338.47335,-50259.82236,-102553.8909
Colombia,COL,-228,-337,-513.721,-561,-1016,-642,-293,-159,-547,-484,-432.6,-678.7,-719.1,-1297.534872,-712.1678772,-2783.749313,-4752.800341,-2032.82803,-1392.371103,-2111.113395,-2525.823161,-1276.872386,-782.8063052,-2923.186787,-5439.905871,-5482.868609,-7606.968007,-7479.031428,-4530.088274,-947.3308313,-6227.223174,-15646.18123,-8558.338413,-12269.76018,-7506.200538,-9330.450815,-10147.13215,-6408.788999,-11094.92219,-5724.090215
Comoros,COM,,,,,,,-7.546566717,-3.767051259,-3.266400378,0.708874757,-2.506163334,1.446978125,-0.190704781,-0.17771424,-0.889525018,,,,,,,,-0.793243735,-0.672560379,-0.5588658,-0.778420214,-7.691947289,-4.650574157,-13.83959817,-8.350406722,-23.11844054,-10.37519746,,-4.684558675,-4.93669951,-3.56982373,-3.919473025,-5.672348129,-3.677361421,
"Congo, Dem. Rep.",COD,,,,,,,,,,,,,,,,,,,,,,,,,-166.6,-237.7,-1793.7,-1672.7,278,-2735.1,-1596.024304,-2891.607809,-1697.585831,-1499.572152,-1165.72001,-932.3746694,-1047.979483,-1407.563588,-1350.994226,-1498.084808
"Congo, Rep.",COG,-30.84295146,-35.34929693,-56.07951898,-34.94854569,-12.6896728,-22.43969831,-43.44895641,-9.095236529,,,,,,,-123.4001688,-72.97003746,-75.67469203,-40.91351368,-518.8995459,-162.058771,-71.34140907,-326.9825785,-321.4038182,13.06113649,-513.5855192,-1487.693084,-1467.629357,-2031.878788,-1273.827749,-928.4359661,-198.4588365,289.6986068,-595.9233618,-1637.972305,-3728.906647,1146.360259,,,,
Costa Rica,CRI,-66.2,-26.5,-55.3,-52,-65.2,-57.4,-75.8,-121.3,-95.3,-160.4,-172.8,-221.6,-244.4,-292.9,-331.4,-421.26,-403.76,-608.26,-614.46563,-616.0368411,-553.4218697,-590.8356896,-622.09856,-877.2635699,-1379.189636,-1582.059955,-1811.870261,-2239.506641,-1340.318,-1589.209908,-2328.216841,-1802.734886,-2401.45108,-2817.739362,-2541.308964,-2127.035024,-2596.121223,-2183.145638,-2481.191771,
Cote d'Ivoire,CIV,,,,,,,,,,,,,,,,,,,,,,,,,-312.045282,-319.1482595,-427.3414863,-447.9535928,-388.1462637,-314.3748385,-286.6807468,-315.9546699,-413.9935645,-423.1380627,-480.0003805,-549.2200913,-298.9839697,-475.6784943,-739.6628477,
Croatia,HRV,,,,,,,,,,,,,-123.6721896,-107.5237538,-100.7415014,-465.9856406,-347.8397755,-842.1250152,-1392.389911,-966.944559,-909.1162601,-411.7852078,-1704.994152,-931.1210303,-1573.751067,-3077.969935,-4266.112258,-3855.003768,-1694.947242,-1098.855797,-1309.375115,-1552.272122,-1096.770178,-941.1825174,-249.2528111,-2198.529335,-1315.603236,-893.1092671,-943.2847979,-1216.79806
Cuba,CUB,,,,,,,,,,,,,,,,,,,,,,,,,,,,,,,,,,,,,,,,
Curacao,CUW,,,,,,,,,,,,,,,,,,,,,,,,,,,,,,,-99.16145251,-58.1575419,-14.44692737,-25.45251397,-127.8044693,-95.36312849,-317.9553073,-96.0902534,-78.77157384,
Cyprus,CYP,-78.30467827,-71.52084297,-68.35779144,-52.68651425,-57.7909822,-46.31925191,-49.67817446,-61.5049863,-68.94112862,-122.0311085,-67.17933977,-92.75971841,-71.16934518,-69.07887385,-227.4434421,-198.5798112,-518.60388,-274.6630247,-630.4756029,-682.7823173,-695.6031598,-555.3959041,-318.4665884,-407.1227878,-614.3530413,-974.1112429,-1032.003154,2072.03681,-2995.359578,681.9225283,6927.315537,5274.931528,3885.092659,14314.29736,15284.62794,-2086.206013,-811.5004723,-5536.439619,-5905.082342,-2364.975123
Czech Republic,CZE,,,,,,,,,,,,,-564.3579203,-761.9092773,-2530.950304,-1280.582848,-1258.834974,-3574.817996,-6222.615311,-4944.400745,-5476.031435,-8285.212459,-1813.296004,-3940.285581,-11628.84667,-4042.665554,-8963.737209,-2257.634944,-1951.523283,-4918.465928,-2592.551186,-6180.62642,379.9794065,-4014.531794,2026.234172,-7711.369348,-1834.383759,-2244.655309,-5975.777816,-3152.164638
Denmark,DNK,39.33784308,-52.12912311,89.98956494,304.2208569,195.3328765,491.187634,533.9587667,217.1485937,976.2345615,350.0876085,299.4725458,1218.666434,-339.770299,-844.3975858,-1170.753336,1737.018527,1563.129427,-2460.063169,971.1692013,-7632.079642,3867.132763,-1781.036188,-328.5319101,-1125.764967,4121.372123,5614.230182,5522.777658,16554.67284,2390.253594,11194.03526,-435.906393,5411.285381,6327.998759,3342.26573,5406.579387,10187.62183,5836.604485,-1638.300447,7725.458757,5646.114969
Djibouti,DJI,,,,,,,,,,,-2.290106403,-2.290106403,-1.423579656,-1.423579656,-3.218527917,-3.263542294,-3.100365179,-3.173513541,-3.21290112,-3.286049482,-3.392958626,-3.432346206,-14.22454296,-38.54355985,-22.20334119,-108.2877094,-195.3511403,-227.6545822,-96.85968456,-36.50103252,-79.0002307,-109.9982557,-286.0044677,-152.9983823,-143.8498762,-159.9988746,-164.9336034,-170.0033761,-175,
Dominica,DMA,,-0.2,-0.2,-2.3,-3,-5.185185185,-13.51851852,-11.92592593,-17.1962963,-12.88888889,-15.22222222,-20.41111111,-13.2,-22.6,-54.09259259,-17.8,-21.11481481,-6.511111111,-17.95555556,-17.5962963,-17.11592593,-20.11063704,-31.47214074,-26.17394815,-19.23555926,-25.90752593,-40.48677481,-56.54826296,-42.42068556,-24.34170519,-14.19297259,-23.15239815,-17.91575741,-16.07425317,-22.56184877,-40.27991268,-24.06383342,-13.32107131,,
Dominican Republic,DOM,-79.7,1.4,-48.2,-68.5,-36.2,-50,-89,-106.1,-110,-132.8,-145,-179.7,-189.3,-206.8,-414.3,-96.5,-420.6,-699.8,-1337.8,-952.9,-1079.1,-916.8,-612.99,-909.04,-1122.7,-1084.6,-1667.4,-2870,-2165.4,-2023.7,-2276.7,-3142.4,-1990.5,-2208.5,-2204.9,-2406.7,-3570.7,-2535.3,-3021,-2554.3
Ecuador,ECU,-60,-40,-50,-50,-62,-81,-123,-155,-160,-126,-160,-178,-473.72,-576.33,-452.48,-499.68,-723.95,-869.98,-648.41,23.43936791,-538.5685752,-783.2610096,-871.513414,-836.9395939,-493.4138355,-271.4288525,-193.8725269,-1057.40402,-308.6298901,-165.8933204,-646.0843587,-567.4173009,-727.0812063,-772.3899461,-1322.701337,-755.9548681,-624.4694123,-1387.835145,-961.6083295,-1016.949293
"Egypt, Arab Rep.",EGY,-746.5714296,-285.571429,-471.0000007,-713.1428576,-1174.571429,-1211.428571,-928.7142857,-1178,-1227.545455,-722,-191,-455,-493,-1213,-505,-631,-761.35,-1031,-1027.8,-1184,-497.5,-619.1,-216.7,-1094.4,-5283.6,-9894.4,-10913.3,-7574.4,-6140.4,-5210.1,1108.2,-2586.6,-3891.2,-4359.5,-6743.5,-7900.2,-7209.7,-7817.811,-8605.068,-5525.3
El Salvador,SLV,5.72,1,-28.08,-12.36,-12.4,-24.13363148,-18.32,-16.96,-14.36,-1.898272086,-25.18049896,-15.30947872,-16.43204402,,-38.0372186,7.195888064,-59.04354033,-1102.68418,-162,-178.4,-288.6,-495.7,-122.6,-366.02,-398.24,-267.43,-1455.31,-823.62,-365.77,225.5653821,-218.4291055,-466.0206674,-179.1064992,-306.4464493,-396.350024,-347.8529216,-888.8445223,-826.0469567,-635.7633484,-201.18375
Equatorial Guinea,GNQ,,,,,,,,,-0.89025897,-11.07377866,-41.32475893,-6.018320158,-22.30167564,-16.99553349,-126.9241707,-376.1804042,,,,,,,,,,,,,,,,,,,,,,,,
Eritrea,ERI,,,,,,,,,,,,,,,,-36.66954722,-40.79703665,-148.5182554,-83.22207814,-27.87553694,,,,,,,,,,,,,,,,,,,,
Estonia,EST,,,,,,,,,,,,-80.39956121,-156.055362,-212.0613839,-198.9915081,-110.2019269,-129.637921,-574.2328463,-222.2713357,-323.884848,-342.4334737,-152.5778255,-763.3759587,-698.5557471,-2212.23734,-312.0386968,-645.7066909,-687.4253191,-503.3132557,-1350.833077,-2490.397606,-505.8768154,-246.6990194,-645.7478765,140.3466384,-560.729295,-1085.547299,-1426.135109,-1100.489775,-2969.851976
Eswatini,SWZ,-37.60345468,13.35401415,5.744547169,-1.762380298,-9.91620582,-28.83986291,-49.60626054,-38.31152194,-51.55037171,-22.4943112,-57.11047092,-54.13717849,-44.13965925,1.429537677,-31.16193858,-28.16263469,3.327067608,-128.801447,-85.03189235,-73.58380863,-47.02863232,-92.61848623,77.26342105,-71.02882993,23.82097418,-121.6457188,-14.32911311,-113.6703124,-58.68938568,-131.753962,-98.31078181,-34.74078704,-86.6753745,-25.25369183,-32.71960121,-34.16017803,121.487677,-39.18677195,-107.0612283,-58.14240168
Ethiopia,ETH,,,,,,,,,,,,,,,,,,,,,,,,,-265.1116755,-545.2571022,-222.000573,-108.537544,-221.4595814,-288.2715683,-628.624806,-278.5628222,-1343.876024,-1855.052154,-2626.517918,-4142.937496,-4017.159565,-3360.419369,,
Faroe Islands,FRO,,,,,,,,,,,,,,,,,,,,,,,,,,,,,,,,,,,,,,,,
Fiji,FJI,-37.75918122,-36.02343082,-31.84793752,-22.76009226,-8.668860373,-8.738898914,13.02399121,-30.13441628,19.82022472,-78.78272907,-11.92769513,-77.78490554,-62.33075514,-67.82207803,-72.38682152,7.411102401,14.40767486,-44.39262136,86.2093038,1.71483927,-38.65590286,-28.9522656,-36.45949747,-247.3588242,-162.6083836,-583.3974827,-470.6488841,-687.9978055,-304.9779991,-172.2323578,-215.9562234,-275.363026,-239.2942209,-339.5193689,-239.3142772,-408.0523027,-389.2455753,-472.4919521,-358.4524585,-225.8212608
Finland,FIN,29.25569506,77.24499128,54.09674852,355.9849206,235.3978153,412.6691452,876.3585347,2092.310899,2477.861223,1970.007773,112.9188317,-1153.411829,537.9467494,2858.035863,450.0565273,2464.656102,3131.69125,6668.965419,2088.623911,14780.17994,4721.635281,-756.942688,-5756.624401,-4017.927073,-393.6714345,-2837.996225,-5459.866277,10751.43998,4920.533661,2766.04676,2457.167886,3444.01495,-2304.132793,-17412.51668,-18121.66031,15489.97303,-3465.435266,13723.94202,-8725.00964,
France,FRA,2078.999613,1263.379265,-12.42834243,-278.8408483,-352.7223573,2147.334762,4070.655496,6006.210178,9193.68982,21640.17223,8778.998289,9429.508956,-149.5306971,8641.023245,-7915.340633,8389.21453,12439.58726,16182.7554,79455.18169,132207.0989,37230.89065,1451.944338,10242.90937,25513.61048,33660.36515,51482.5772,48449.40045,68001.78559,70295.52005,33671.09377,20277.56165,19070.15822,-13973.84691,47288.73407,8404.253504,41841.31602,12702.51114,68850.65926,4683.206193,25859.60622
French Polynesia,PYF,,,,,,,,,,,,,,,,,,,,,,3.099464496,-52.54796963,2.861436511,7.9363298,-20.43634701,-44.55825307,16.08396062,-14.04975089,-26.50038252,-105.6813802,-106.1408974,-34.14229824,-31.31942309,-3.267219219,-37.31603901,,,,
Gabon,GAB,-47.47334134,-126.9300254,-106.1233387,-4.760197436,-11.0403047,-103.6655732,-82.11979202,-122.8142312,38.55699059,-44.66240417,69.47720665,-101.2498306,116.1876688,99.602904,349.5593514,491.3846267,332.2548847,-113.4279154,230.5005686,67.95732068,92.84641849,-61.99244087,-178.8729247,-344.2802004,-166.9276168,,-595.952005,-821.6093836,-392.1757231,-146.8006728,-1098.127169,233.4097281,-87.7418766,-782.969847,-25.25321234,,,,,
"Gambia, The",GMB,-2.009878342,,,,,,-1.525217664,-1.177623969,-13.71383432,,-9.270433339,-6.323269186,-10.74122168,-9.71636667,-7.729249072,-10.65511398,-11.66647604,,,,,,-18.27272034,-55.52631944,-53.65028002,-82.20810259,-78.09482096,-70.79238232,-39.44734371,-37.15553336,-94.34212294,-51.17121467,-73.18169996,-35.2349665,0.652250056,4.795420042,-3.08405304,-32.95794527,,
Georgia,GEO,,,,,,,,,,,,,,,,,-242.5,-265.3,-81.3,-128.0678953,-105.7794355,-156.1194605,-330.8053416,-482.75894,-542.2296253,-1184.560924,-1690.826793,-1428.631126,-685.3008081,-730.4896037,-987.3550655,-751.2746889,-919.2700533,-1430.328332,-1419.58572,-1245.40446,-1708.854069,-966.0992195,-1029.239069,-594.0048406
Germany,DEU,4182.452428,2259.195166,1945.566942,4135.994597,4964.708241,8205.604897,6640.90862,13468.5908,8162.668023,21480.19263,18555.31375,21230.4622,17161.58436,12339.10006,27778.31654,44977.18936,30890.59111,67478.47073,53364.27914,-149835.3778,13294.43478,-34067.39699,-26100.67629,29478.09777,29088.9569,60529.919,89805.05843,67071.49503,43037.32959,60605.52229,10373.14876,33639.17347,26093.62145,88016.02451,68432.79165,47095.18168,36296.92222,28139.59176,85529.08984,-1131.356718
Ghana,GHA,-16.263752,-16.3,-2.4,-2,-5.6,-4.3,-4.7,-5,-15,-14.8,-20,-22.5,-125,-233,-106.5,-120,-81.8,-167.4,-243.7,-165.9,-89.32,-58.93,-136.751,-139.27,-144.97,-636.01,-1383.17793,-2714.916344,-2365.64,-2527.35,-3222.243,-3293.43,-3226.33,-3356.989444,-2970.893677,-3470.668373,-3239.08,-2908.184623,-3292.065421,
Gibraltar,GIB,,,,,,,,,,,,,,,,,,,,,,,,,,,,,,,,,,,,,,,,
Greece,GRC,-520,-436,-439,-485,-447,-471,-683,-907,-752,-1005,-1135,-1144,-977,-981,-1053,-1058,-984,,-24.92305159,1016.664829,-974.4079815,615.4488529,-956.577009,-1076.598589,818.9385717,-1176.469324,3303.433978,-2525.399819,-324.7247363,1163.732571,726.3703044,-983.789755,-3642.778629,318.9302114,313.6643765,-4461.888212,-3283.464014,-3505.88454,-4372.859649,-2860.537434
Greenland,GRL,,,,,,,,,,,,,,,,,,,,,,,,,,,,,,,,,,,,,,,,
Grenada,GRD,,-1.9,-2.5,-2.8,-4.111111111,-4.481481481,-14.72222222,-14.98148148,-10.48148148,-12.87407407,-15.27407407,-22.58148148,-20.24814815,-19.31111111,-19.97777778,-16.96296296,-33.5,-48.68518519,-41.55185185,-37.40740741,-58.74814815,-54.48888889,-89.16666667,-65.01433333,-70.15712963,-89.78714815,-156.5547967,-134.8325833,-102.556363,-60.42086111,-42.6481837,-31.48986296,-74.68841333,-97.18229944,-134.264193,-96.89329624,-139.3212949,-151.5848707,,
Guam,GUM,,,,,,,,,,,,,,,,,,,,,,,,,,,,,,,,,,,,,,,,
Guatemala,GTM,-127.1,-77.1,-45,-38,-61.8,-68.8,-150.2,-329.9,-76.2,-47.7,-90.7,-94.1,-142.5,-65.2,-75.2,-76.9,-84.4,-672.8,-154.6,-229.9,-455.5281711,-110.6169448,-131.0091112,-254.8,-470.2,-551.8,-719.7,-720.57396,-491.31717,-607.97852,-1139.573,-1226.23521,-1448.85873,-1387.7425,-1048.09204,-965.02337,-934.01677,-777.86229,-799.43957,-704.49461
Guinea,GIN,,,,,,-8.4,-12.85,-15.68,-12.33,-17.86,-38.77,-19.69,-2.72,-0.21,-0.769,-23.274,-17.301,-17.81,-63.452427,-9.942,-1.677,-30,-78.966,,-105,-125,-385.9,-318.24,-140.85,-101.35,-955.24,-603.55,-1.06,77.0573904,-48.25725842,-1597.343632,-576.48,-353.09,-43.38,
Guinea-Bissau,GNB,,,,,,,,,,,,,,,,,,,,,-0.791227193,-2.525150341,-3.489330531,-9.227976868,-7.996691473,-17.21967931,-18.56011618,-5.970066658,-17.5402,-27.7102,-24.16575308,-6.773782933,-19.63786184,-26.10537955,-16.23004141,-13.9548,-15.35709351,-20.9690778,-71.26886005,
Guyana,GUY,1.777777778,-4.433333335,-4.733333335,-4.489019519,-1.810974269,,,,,,,-146.61,-69.54,-106.69,-74.42,-59,-52,-44,-46,-67.1,-56,-43.6,-26.1,-30,-76.8,-102.4,-152.4,-178,-164,-198,-246.8,-277.91,-200.55839,-237.7500486,-137.7,-136.6540364,-327.3436512,-1180.405596,-1684.979887,
Haiti,HTI,-8.340000002,-7.080000001,-8.420000002,-4.46,-4.92,-4.82,-4.68,-10.1,-9.36,-8,-11.8,2.2,2.8,,-7.4,-4.1,-4,-10.76,-30,-13.25,-4.4,-5.7,-13.8,-5.9,-26,-160.6,-74.5,-29.8,-55.47,-178,-119,-156,-161.9185863,-99,-105.68,-104.9,-374.855,-105,-75,
Honduras,HND,3.6,-13.8,-21,-20.45,-27.5,-30,-38.65,-48.3,-51,-43.5,-52.1,-47.6,-26.7,-34.8,-50,-90.9,-121.5,-99,-237.3,-375.1591485,-301.4429233,-268.6678351,-390.5796887,-552.8845218,-600.8065552,-668.5072607,-926.0806331,-1007.343559,-505.2630985,-970.5757853,-1012.297708,-850.9583329,-991.605737,-1314.822449,-951.5803221,-900.0727515,-1035.017037,-895.1895264,-499.4221054,
"Hong Kong SAR, China",HKG,,,,,,,,,,,,,,,,,,2686.262696,-3150.441784,-511.3570321,-11005.66016,9500.965832,-5768.019625,14476.86691,-7046.765338,2675.540709,5776.874925,-9956.594156,3667.674307,15721.64305,-229.1078604,13235.7181,6470.876901,11044.48066,-102532.3614,-57706.92577,-23954.94882,-22024.25271,-20531.40202,-17042.84328
Hungary,HUN,,,,,,,,,,,-1462.14121,-1479.009901,-2339.010545,-1095.085543,-4648.784921,-3271.764349,-3688.727511,-3028.06266,-2890.2556,-2141.668125,-3538.531079,-2470.516243,-8.315913991,-2888.600992,-7425.862216,-359.6971877,-2352.495093,-1457.150599,-972.2858925,-3936.697507,-1961.626798,-2877.531842,-278.2319513,-3819.551081,-2890.619219,-2983.727247,-2376.170201,-3829.180223,-223.1402492,-347.5046313
Iceland,ISL,-53,-35.8,23.4,-13.7,-23.6,-6.4,-1.7,15.9,35.6,-10.47339485,10.19519633,19.49406387,14.33309995,24.34241678,34.19862932,-19.73478683,-91.53917859,-78.8710187,57.67689048,219.3944521,168.6436645,250.3102804,47.94349367,1826.342574,3975.844142,1673.898966,3344.454083,-4982.878838,2208.552245,-2748.651913,-1082.9062,-4229.093311,54.5089791,-745.4208648,-695.1879483,-743.7240782,-163.299306,470.9959155,764.8824134,538.247402
India,IND,,,,,,,,,,,-73.53763839,-276.512439,-550.0193844,-890.688166,-2026.439031,-2186.732315,-3464.411052,-2587.05863,-2089.233597,-3074.684332,-4073.961343,-3947.895992,-2444.138426,-3592.188066,-4628.652265,-5992.285935,-8201.628958,-24149.74983,-19485.78918,-11428.78575,-23890.65999,-15442.44734,-26388.08247,-22890.16276,-36495.21649,-39411.27894,-28875.94105,-30699.6612,-37469.94532,-52782.40474
Indonesia,IDN,-133,-225,-292,-222,-310,-258,-385,-576,-682,-1093,-1482,-1777,-1648,-1500,-3743,-5594,-4499,240.8,1865.620963,4550.355286,2977.391857,-145.0855487,596.9238278,1511.91723,-5271.257208,-2188.448467,-2253.33,-3418.723399,-2628.247483,-11106.33313,-11528.39476,-13716.22599,-12170.05518,-14733.19828,-10704.47832,-16135.91602,-18502.03886,-12510.61051,-20531.07057,-13649.53745
"Iran, Islamic Rep.",IRN,,,,,,,,,,,,,,-2,-17,-26,-53,-24,-35,-39,,,,,,,,,,,,,,,,,,,,
Iraq,IRQ,,,,,,,,,,,,,,,,,,,,,,,,,-426.6,-78,-963.9,-1822.1,-1526.4,-1271.3,-1716,-2910,2562.4,10417.9,7721.9,6560.2,5110.2,5073.5,3269.8,3295.1
Ireland,IRL,,,,,,,,,,,,,,,,,,,,,,,,,44839.9547,20832.36649,-4010.888042,34912.5645,540.8471888,-20925.41648,-25222.40993,-26152.98189,-21251.15186,-6747.671078,-47433.55809,-9219.282218,-55346.18808,27441.62924,-97444.44342,
Isle of Man,IMN,,,,,,,,,,,,,,,,,,,,,,,,,,,,,,,,,,,,,,,,
Israel,ISR,-0.8,168.1,21.7,-65.4,-16.4,-16.4,-56.8,-120,-51,48.4,-14.6,-9,10.5,300,-530.1,-582,-711.1,-613.1,-3320.8,-4712.2,-1084,-601.7,-1236.3,1594,-1873.1,1042.4,-193.6,-3065,-2855.8,958.7,-1252.1,-6741.7,-7984,-1523.4,-367.8,2590.4,-9268.6,-15427.9,-10449.7,-18898.6
Italy,ITA,273.2617447,345.7495715,828.6153549,567.836894,673.853049,2605.984591,-2101.110972,-2097.581266,-50.70583794,1005.044783,5209.240508,1170.141468,3487.994303,3038.2642,2157.553236,5158.060152,6714.677949,9814.894093,-6679.306476,-6680.942868,1491.397213,-5733.738821,-17427.3356,-5785.23706,15534.66807,1965.501866,54017.79973,77206.58182,1760.503505,20798.67266,17407.27369,6761.814775,742.9359555,3443.516887,2437.791009,-11593.83848,676.8320406,-4290.910331,1681.603982,11213.61486
Jamaica,JAM,11.5,15.8,18.7,-12.2,9,4.6,-53.4,12,-57.1,-137.9,-133.2,-142.4,-77.9,-77,-81.1,-90.4,-146.7,-287.1,-428.8,-394,-524.9,-407.2,-604.4,-541.644805,-581.4719959,-796.768451,-751.4962153,-1360.725411,-479.7652329,-169.45103,-143.6771707,-323.4470065,-469.9783387,-522.6687409,-890.764825,-657.8907363,-854.503648,-761.9498596,-219.4247099,
Japan,JPN,,,,,,,,,,,,,,,,26440.6944,21500.25709,17293.07028,9481.358284,34339.32467,30734.3542,19344.37843,25693.03971,33085.785,46205.39535,60549.38657,51358.48468,89018.78822,61450.64528,72215.53455,117685.9151,117085.3902,145036.1606,118172.1898,133162.7912,137656.2074,154947.9857,134928.9382,218525.0147,105156.3259
Jordan,JOR,-147.7976199,-56.02535261,-30.07772743,-74.80798737,-25.69718592,-18.80618331,-38.3391543,-23.84249319,18.05487153,-69.12990176,25.56750856,-44.12173325,-19.4860296,-25.99530433,-40.6051375,-58.81523272,-360.9308886,-310.0141044,-153.4555712,-904.6544429,-242.0343504,-224.4005915,-550.6346968,-918.6177715,-1821.297602,-3682.087447,-2574.048817,-2813.926352,-2340.704225,-1659.943662,-1455.211268,-1543.039437,-1930.929598,-2095.070423,-1599.295775,-1549.71831,-2023.098592,-962.5352113,-782.2535211,
Kazakhstan,KAZ,,,,,,,,,,,,,,,-963.9,-1137,-1320,-1143.3,-1583.4,-1278.161529,-2860.60896,-2163.82856,-2213.36367,-5436.153677,-2119.07881,-6689.39948,-8030.520279,-13114.74508,-10083.30096,-3665.239041,-8582.644895,-11855.85031,-8034.378287,-4674.570616,-3261.447512,-13746.38189,-3756.129608,-4722.686549,-5498.133124,-5905.368704
Kenya,KEN,-8.289584285,-3.387557137,-9.240119145,-3.88514539,-23.42972654,-27.79533961,-8.629862464,1.803111494,-60.82887484,-57.08109618,-18.83097684,-6.363133145,-145.6555171,-7.432412602,-30.93410764,-105.9137551,-56.14365064,-14.42384626,-27.39120759,-110.9045504,-5.302622939,-20.2025821,-79.66293062,-41.64782835,-11.52445587,-26.71702761,-693.0213914,-51.81867463,-70.27086543,-176.4863273,-1364.471522,-1141.795457,-920.2083446,-745.8159174,-377.7291389,-521.3985054,-1009.54841,-1461.53644,-1128.481938,
Kiribati,KIR,,,0.900888727,,-0.219289822,-0.106285258,-0.21916005,-0.257049659,-0.180294639,-0.299752548,-0.427651416,-0.406859823,0.76977478,-0.40358228,,,,,,,,,,,,-0.560902596,-1.144676997,1.294501592,-4.944767456,6.66219745,0.415900005,2.453360915,-0.68118015,-2.48579412,0.941845936,-1.686369592,-0.660463744,1.265676017,0.671045879,
"Korea, Dem. People's Rep.",PRK,,,,,,,,,,,,,,,,,,,,,,,,,,,,,,,,,,,,,,,,
"Korea, Rep.",KOR,-94.1,63.1,-15.4,-132.8,252.5,586.6,-294.3,-567.1,-660.1,87.6,136,374.1,611.2,1453.5,1381.4,2170.7,1110.2,-1768.9,-6759.1,-6667.3,-3778.8,-2037.9,-1991.2,-6098.8,-5313.2,3401.2,13004.1,8349,8378.6,18724.2,19874.7,21102.8,15551.2,18724.9,19583,17785.2,16156.5,26037.8,25604.7,23256.1
Kosovo,XKX,,,,,,,,,,,,,,,,,,,,,,,,-53.38531426,-133.8767545,-363.1113614,-590.7314761,-502.2553679,-388.5557464,-439.9505414,-528.2709688,-272.880457,-331.5597357,-164.3745997,-302.274786,-196.7266333,-236.7126868,-264.0060906,-211.1428702,-321.5369254
Kuwait,KWT,-150.65355,107.672163,240.1564456,94.57481179,69.82468188,247.7677958,775.1291209,476.6525373,993.9430179,239.205422,-186.4434,1210.684031,639.4145745,-1519.181869,-1028.65587,1392.745736,-988.9604488,-1926.133344,-49.27489258,-319.4767536,-1802.194458,-80.28580386,-4892.763859,2557.516118,4907.876712,8089.222334,9672.642456,9096.510277,7468.230975,4585.217036,7513.857824,3868.720778,15214.37333,12622.10321,5154.974475,6110.599562,6925.158962,2993.147632,4163.565127,
Kyrgyz Republic,KGZ,,,,,,,,,,,,,-10,-38.178,-96.09,-47.238,-83.82,-86.60621338,-38.353927,6.860124961,1.093267123,-4.661963545,-45.5446278,-131.5265359,-42.5652483,-182.0229025,-208.9423276,-377.1200914,-189.6446,-455.1524,-689.5829,-277.0596,-619.0629,-230.4355,-1009.094,-578.9688,78.1439,-139.2679,-336.6598,
Lao PDR,LAO,,,,,,,,-2,-4,-6,-6.9,-7.8,-29.9,-59.2,-95.1,-159.8,-91,-45.9,-78.9,-33.89,-23.90428413,-4.451297031,-19.4840008,-16.917263,-27.72,-187.310641,-323.52,-227.77,-318.5982091,-278.8059031,-300.7435071,-634.6141724,-709.9686857,-860.5885638,-1038.062947,-920.1118537,-1683.379973,-1358.019506,-755.5241242,
Latvia,LVA,,,,,,,,,,,,-27.291249,-49.624,-279.076,-244.594,-378.705,-514.97,-302.9,-330.6,-317.2590715,-89.2207072,-206.8162797,-230.7803243,-506.5373867,-584.1194804,-1493.147462,-1944.01019,-1091.444008,-43.65106641,-372.1584183,-1411.691737,-919.4754588,-495.4506644,-350.9675707,-668.7946402,-90.02167197,-586.9739564,-745.3024769,-975.6229564,-605.8426549
Lebanon,LBN,,,,,,,,,,,,,,,,,,,,,,-1335.76,-2249.069313,-1071.728097,-1908.003612,-1799.882372,-2527.890758,-3346.46547,-3677.830199,-3793.230222,-2200.405139,-2081.123475,-685.3898717,-1621.802593,-1499.077656,-1563.742344,-1204.975686,-2042.624327,-1869.352198,
Lesotho,LSO,-4.785894232,-3.242231252,-5.053210873,-2.414764088,-4.894588444,-2.254225629,-1.554086988,-19.05948866,-13.73689371,-16.47870652,-7.989961081,-8.369826867,-15.65193952,-43.26806799,-24.17439503,-29.07374583,-32.67562614,-28.35034946,-22.03725459,-32.4022383,-29.69529578,-28.39046472,-43.94622479,-54.84433958,-15.84638197,-20.99697406,-74.36046931,-11.00997306,-91.3495531,-9.507301296,-61.17331921,-56.65343523,-50.42903134,-94.45905936,-206.5144599,-159.1869804,-123.0919504,-128.6963735,-117.6719114,-103.5677898
Liberia,LBR,,-0.74937453,-1.057307167,-0.779521781,0.348846764,0.355306889,-0.829049407,,,,,,,,,,,,,,,,,-75.35173165,-82.80211144,-107.8566715,-131.6376616,-394.5360774,-217.8034157,-2064.680994,-2086.006933,-2309.981241,-1998.675366,-501.8708286,-232.6798325,-311.6997603,-247.842983,-129.1297548,-86.68170046,
Libya,LBY,769.4600717,411.0750454,326.6307056,16.88886789,-119.2354072,176.9205537,211.0907523,-41.99237016,-90.11966206,-53.67663976,81.92974696,-249.6862459,-537.5033098,98.45904134,157.122554,163.9195005,301.3890486,383.6822239,354.0236905,-43,308,-281,-80,-71,-910,-1590,-756.2,1776.9,-206,938,131,2508.8,707.7,-77.6,394.9,439.5,-294.5,275.6,,
Liechtenstein,LIE,,,,,,,,,,,,,,,,,,,,,,,,,,,,,,,,,,,,,,,,
Lithuania,LTU,,,,,,,,,,,,,-30.17518684,-31.30483764,-71.555,-152.275,-327.6,-921.325,-477.8375,-375.175,-438.725,-694.779015,-141.9844309,-581.7157943,-745.0184958,-1739.365665,-1726.313224,-1172.513251,964.6883718,-995.8614836,-1065.438728,-255.2878678,-436.8003719,188.4044732,-680.3170547,-264.6189747,-932.8271148,-260.1298183,-1025.568522,-779.1651086
Luxembourg,LUX,,,,,,,,,,,,,,,,,,,,,,9185.204261,9873.464846,786.3305934,5887.909332,-15927.13127,70915.5289,31760.36997,17377.31521,-21630.95828,-34637.68797,-98935.3957,-153533.0746,37156.04011,108558.1924,-40154.84055,162584.8948,73819.02487,-35482.52798,-18620.62879
"Macao SAR, China",MAC,,,,,,,,,,,,,,,,,,,,,,-345.5869844,-521.4777755,-848.5341349,-1709.742676,-2258.215301,-5012.529274,-3137.936046,-180.7475311,-3909.355169,-1389.744507,-2543.347559,-1512.066055,-1066.297904,-690.6095556,-1949.441615,951.6316877,-1774.342368,-5492.019113,
Madagascar,MDG,,,,,,,,,-12.81621516,-22.38736046,-13.68123965,-21.13235215,-15.35702202,-5.728097918,-9.710167974,-10.1618918,-14.00542113,-16.6354298,-58.38528591,-82.95258071,-93.059224,-14.66179807,-12.874087,-52.910748,-50.49114845,-283.5147222,-750.9112625,-1089.899435,-1267.146401,-868.7397193,-773.2030757,-778.3605098,-550.2432473,-336.1120725,-246.1353545,-451.1149944,-358.8908863,-494.1400976,-372.6931954,
Malawi,MWI,-1.116945186,,-2.553705855,,-0.523530769,,-0.09054926,,,,,,,-24.99261789,-5.643045579,-15.79766113,-14.86871436,-12.1042304,-58.52820628,-25.99999636,-19.29999109,-5.899999359,-64.57472213,-105.9796517,-136.6769127,-29.65150416,-110.7444096,-176.8753284,-50.46038128,-54.71031508,-811.8066259,4.343665027,-455.5625396,-602.8225543,-292.8526688,-119.9156352,-95.23951928,-107.1330791,-104.8202928,
Malaysia,MYS,-1264.688331,-1397.196045,-1260.527733,-797.4768613,-694.7124662,-488.874111,-422.67971,-719.4180504,-1667.871569,-2332.455289,-3998.448522,-5183.358086,-5005.64276,-4341.800916,-4178.239335,-5078.414948,-5136.514576,-2163.401816,-2472.894737,-1761.578947,-287.1052632,-1298.684211,-1103.684211,-2562.894737,-993.68296,-53.13954092,2744.191223,7827.500376,6626.128852,4463.611679,2988.95879,8001.103526,2111.932222,5440.442809,684.8087535,-3372.772123,-3760.08863,-2539.145749,-1391.88952,21.75152955
Maldives,MDV,,,,,,-5.4,-5.1,-1.2,-4.4,-5.6,-6.5,-6.6,-6.9,-8.742866201,-7.230710762,-9.31525195,-11.4088834,-11.51796662,-12.32225,-22.31244782,-20.54105326,-24.71859977,-31.77443557,-52.93370173,-52.99112106,-63.82681289,-132.4320808,-181.2554318,-157.9635868,-216.4689457,-423.530664,-227.9768667,-360.8163362,-333.375218,-297.9759934,-456.6390573,-457.8083136,-575.6580282,-961.1465088,
Mali,MLI,-3.68010398,-1.521577864,-3.149060495,-10.06964842,-2.893628249,8.374099229,5.989287911,-7.050570953,-6.363470804,-5.729716324,-1.20521685,21.87449699,-4.061271097,-17.41699967,-111.4297814,-43.23896964,-69.77066457,-8.88377699,-1.34968519,-78.42677067,-104.4651806,-242.2307854,-130.8378509,-100.2205611,-224.8477024,-70.22508042,-65.47501546,-179.6986503,-749.3652546,-398.504254,-551.768801,-381.9150566,-304.9983576,-143.408547,-193.0763295,-259.2846738,-546.8841787,-466.7778426,,
Malta,MLT,-39.04827385,-20.86656926,-24.51155151,-26.24534339,-18.97027635,-21.88336928,-19.39265298,-40.80316753,-51.65103984,-45.79439252,-76.98245126,-39.54241876,-55.53646976,-152.7223607,-128.028682,-220.2674365,-48.27459011,-262.359095,-798.356446,-580.0612719,-230.6306257,400.886546,-431.8354492,-2154.8168,-10831.03502,-10175.01804,-20952.00902,1324.826782,-7546.242129,-5915.461797,-12184.94881,-11577.18868,-9280.562796,-8869.926228,-10232.70329,-9410.911823,-10696.56128,-11617.88282,-10871.06179,-11138.48412
Marshall Islands,MHL,,,,,,,,,,,,,,,,,,,,,,,,,-3.279622362,1.063238275,-6.987311988,-5.694746716,-14.64943496,9.356673132,4.380881138,-21.37381181,-32.54814932,-9.047685078,5.393638499,3.055847449,-5.83549748,-9.752051362,,
Mauritania,MRT,-12.44413769,-14.97030085,-1.368321829,-8.526200303,-6.979308556,-3.132773109,-1.434791436,-0.983247152,-3.467748733,-6.736220521,-2.269792037,-7.549402913,-16.09193817,-2.079708679,-6.989378508,,,-0.132643,,,,,,,,,,,,,,-1386.098851,-1126.00476,-502.5898338,-501.7267657,-271.134845,-588.2171948,-772.2442239,883.5611158,
Mauritius,MUS,-0.671400663,-1.747520131,-1.623071535,-4.927417212,-7.965040165,-7.425912598,-17.16076113,-23.59030267,-35.21365354,-40.4347124,-6.516610702,28.59307608,18.47232197,-18.9305712,-15.06932176,-33.98694753,-52.09605081,1.542138947,-42.92099684,-252.6892688,30.5435676,-23.37534354,-68.64831748,17.89179201,5.187356496,-97.16737802,-281.1892786,-325.2982185,-218.8420815,-13843.29255,988.7953036,-5670.164539,-1203.800951,-20368.99469,-4506.901282,-8085.686656,-25105.18939,-1455.993448,-2012.073658,
Mexico,MEX,-3078,-1901,-2192,-1542,-1984,-2400,-2634,-2879,-3174,-2634,-4762,-4393,-4389,-10972.5,-9526.29,-9185.6,-12829.8,-12756.76456,-13941.04323,-18382.28482,-25656.06332,-23164.33041,-16970.05015,-20484.1477,-19544.16399,-15464.40103,-22777.36526,-29094.65925,-7993.376942,-12580.54082,-12263.17384,571.482385,-32757.53442,-22955.30281,-24764.24498,-30875.28034,-30212.54109,-25364.926,-23111.59053,-22551.30773
"Micronesia, Fed. Sts.",FSM,,,,,,,,,,,,,,,,,,,,,,,,,,,,,,,,,,-20.7212,,,,,,
Moldova,MDA,,,,,,,,,,,,,,-11.568,-66.39,-23.18,-78.29,-76.24,-37.83,-127.46,-103.32,-83.6,-73.64,-147.79,-190.86,-259.4,-523.9,-695.38,-264.59,-283.34,-323.32,-224.17,-211.12,-304.3,-218.255,-75.06,-138.97,-254.02,-461.52,-66.38
Monaco,MCO,,,,,,,,,,,,,,,,,,,,,,,,,,,,,,,,,,,,,,,,
Mongolia,MNG,,,,,,,,,,,,-2,-7.7,-6.9,-9.8,-15.9,-25,-18.9,-30.4,-53.697,-63,-77.751,-131.54,-92.92,-185.32,-191.06,-360.0091,-838.4554027,-569.803704,-1629.095579,-4476.599427,-4207.818065,-2018.717324,-230.6868686,-82.91124194,4170.877673,-1445.736124,-1923.601322,-2316.369437,-1693.148726
Montenegro,MNE,,,,,,,,,,,,,,,,,,,,,,,,,,,-778.1327522,-864.9941875,-1504.474111,-731.1200457,-538.667587,-590.2720817,-428.8081733,-469.1116316,-687.462796,-411.5759936,-549.5925415,-379.0745475,-342.1164807,-532.1221126
Morocco,MAR,-58.58133599,-79.5281771,-46.1236235,-46.98919656,-19.97516686,-0.549182496,-59.57490078,-84.66162757,-167.0560321,-165.1229778,-294.7206414,-390.0267924,-468.3445758,-527.0183853,-320.1316747,-327.1042468,-1070.734312,-312.7727966,-831.4617992,-368.0344347,-2727.503157,-452.0268891,-2300.21634,-862.403291,-1596.494478,-2009.91595,-2193.82174,-2150.359075,-1491.300236,-660.64777,-2273.339953,-2482.391451,-2916.210628,-3094.163539,-2596.32089,-1574.25317,-1667.949425,-2763.517825,-827.6871747,-1269.586217
Mozambique,MOZ,,,,,,,,,,,,,,,,,,,,,,,,,-107.8533188,-113.0056604,-399.3119806,-591.6474106,-895.5893966,-1020.588233,-3580.348639,-5626.241536,-6175.124643,-4901.790089,-3866.831987,-3093.429233,-2293.088454,-2692.280341,-2211.654426,-2337.297117
Myanmar,MMR,,,,,,,,,-7.806630412,-161.1445603,-238.0567919,-171.55872,-104.6742331,-126.0918585,-277.1991995,-310.4370749,-387.184136,-314.4509989,-253.1101047,-254.7897655,-208.3035644,-150.5112258,-248.88251,-211.364295,-234.904379,-275.812653,-709.9220153,-863.8804473,-1078.972201,-901.1335349,-2519.813313,-1333.856137,-2254.603965,-2175.015284,-4083.839112,-3278.09641,-4804.272487,-1768.195523,-1735.589413,
Namibia,NAM,,,,,,,,,,-28.21451405,-114.0760833,-119.8100641,-46.60711262,-104.0892682,-156.5444427,-150.3715969,-90.32193193,-98.40304579,-20.27788361,-184.2820569,-381.6534535,-179.4436465,-157.5996774,-246.1017412,-400.2399733,-403.7853237,-717.8298273,-743.2677,-765.103324,-282.6236207,-790.1206625,-1030.405591,-771.8179468,-423.3545988,-734.5592438,-366.5505021,-346.9595468,-137.5527266,185.4637462,124.6030152
Nauru,NRU,,,,,,,,,,,,,,,,,,,,,,,,,,,,2.910314403,3.293995712,3.888821006,8.949639105,8.213137278,5.505821427,-65.04282713,4.437826974,4.926929043,1.795936299,0.252552558,,
Nepal,NPL,,,,,,,,,,,,,,,,-19.16017109,-23.05646777,-12.0246599,-4.351068682,0.484826712,,5.952541127,-14.77808561,0.417346384,-2.451784707,6.647983904,-5.741706053,-0.995123931,-38.27126997,-87.74171163,-94.02215712,-91.9541961,-74.17963261,-30.40267678,-51.89569993,-105.9963756,-196.2650986,-68.18667075,-185.5547587,-126.6263375
Netherlands,NLD,2727.544887,2035.387416,2477.380288,3127.446406,1199.916228,964.3377065,5628.949982,2335.66133,6299.501848,3042.424071,7211.031056,6589.407892,3573.816177,10454.80842,7981.555642,15332.4804,13465.85779,-680.850443,15991.44439,11403.57149,-1219.014433,6306.794974,24216.10334,11576.21817,56697.56055,148154.1049,-137408.4477,77059.38053,44419.4295,75729.41931,39562.66158,-1729.062855,87174.4177,786.049365,68324.05728,51774.78573,50256.96707,63765.74924,42523.74979,-43613.95576
New Caledonia,NCL,,,,,,,,,,,,,,,,,,,,,,-55.43546041,-102.0126711,-16.45065863,37.3541318,-718.5494733,-410.5763952,-1682.626855,-1123.991098,-1363.104248,-1717.474905,-2579.590934,-2105.401196,-1698.732953,-1145.991625,-702.8583741,,,,
New Zealand,NZL,,,,,,,,,,,,,,,,,,,,-2633.023383,-866.6022866,-1441.864002,4009.309522,-1466.137712,-2547.518164,-3312.502764,-344.8820717,-1752.697387,-2020.193744,746.9562689,-1498.708888,-3937.555731,-1344.655283,-1829.175239,57.64827276,-2639.736373,-2173.74919,-1918.79748,-4473.899575,-3403.455879
Nicaragua,NIC,,,-0.1,,,,,,,,,-15,-38.8,-46.7,-88.9,-120,-203.4,-218.2,-337.3,-266.5,-150.2,-203.9,-201.3,-250,-241.1,-265.8,-366.4,-608.4,-463,-474.8,-928.6,-712.3,-815,-982.8,-922,-923.8,-970.9,-762.5,-443.9,-142.8
Niger,NER,5.516475866,-24.93257488,0.553709804,-1.18318369,11.32521579,11.81903039,-4.638370749,-2.225965972,0.799352244,-40.79484565,-12.54488951,-15.65972194,40.1041692,9.452369623,-0.040068242,-2.408355287,-16.54875253,1.186537663,-0.515050733,-9.0804387,-26.54159097,-4.142922306,-14.94229774,-13.27042537,-34.72870474,-51.56906307,-121.144829,-317.3340512,-728.8109571,-1001.030201,-1057.887435,-839.0435447,-618.5791307,-734.306061,-495.3383382,-261.1202393,-309.621924,-427.4248695,-685.1200796,
Nigeria,NGA,-542.3272891,-430.6112565,-364.4345802,-189.1647849,-485.5813209,-193.2149075,-610.5520915,-378.6670977,-1884.249739,-587.8829706,-712.3733625,-896.6412825,-1345.368587,-1959.219858,-335.842165,-499.2768095,-469.5770198,-299.5666583,-1004.915631,-1140.167556,-1190.618644,-1874.070753,-2005.353563,-1874.060887,-4967.898853,-4534.735267,-5168.340726,-7142.80662,-7030.645512,-5114.533233,-8024.302188,-5539.784716,-4335.423789,-3079.534132,-1628.965268,-3117.793414,-2102.144197,-209.6782884,-2019.780966,-2723.146964
North Macedonia,MKD,,,,,,,,,,,,,,,,-11.21,-15.74,-150.4719866,-88.10328242,-215.6594252,-446.2594744,-105.4700774,-117.4626462,-321.8672405,-94.23113045,-423.9617689,-700.1507477,-600.5017251,-185.5278281,-206.8568161,-473.9128868,-165.5035853,-304.9759763,-261.3895837,-230.3138014,-349.3646609,-198.5381315,-713.2581143,-403.9681435,-232.8188457
Northern Mariana Islands,MNP,,,,,,,,,,,,,,,,,,,,,,,,,,,,,,,,,,,,,,,,
Norway,NOR,-487.7288594,-147.5425535,25.91232727,780.8820374,1717.412642,584.392773,687.2729085,687.0321008,-164.5083998,464.7520584,2136.847971,547.9120675,-273.183636,-570.6726278,466.4609039,2706.566982,1117.336864,-1154.207603,-968.6738461,2470.910555,-1259.783737,4728.193574,2502.509343,2706.323405,21676.26788,6643.671611,-1881.082807,15747.87195,1332.335635,8307.773566,2699.870111,-530.6354409,13330.8523,19824.04127,14147.39295,25224.28183,-2605.625082,20066.93819,-8868.516743,155.1530931
Oman,OMN,-62.53619011,-182.1077017,-154.6033589,-158.0787356,-161.264639,-140.3207787,-34.85045514,-91.80754226,-112.3537061,-142.2626788,-135.2405722,-104.2912874,-142.0026008,-76.46293888,-46.29388817,-60.59999921,-64.49999916,-101.9999993,-40.09999974,-82,-5.201560468,-106.6319896,63.45903771,-69.44083225,-1304.811443,-1321.456437,-3369.310793,-2367.490247,-1376.592978,255.396619,-406.2574772,-479.5838752,-678.7508583,69.9609883,2507.412224,-1908.685306,-493.6280884,-5224.96749,-2791.937581,
Pakistan,PAK,-108.0847485,-63.83309162,-29.45702666,-60.19458019,-139.2552773,-106.3799853,-110.1506874,-173.7500622,-167.5169083,-243.3146805,-262.1517418,-348.0597544,-350.7104192,-420.0580045,-722.2211074,-915.1907611,-740.5675963,-456,-511,-297,-352,-795,-515,-1062,-2156,-4164,-5492,-5389,-2267,-1975,-1264,-782,-1121,-1765,-1648,-2524,-2444,-1758,-2319,-2071
Palau,PLW,,,,,,,,,,,,,,,,,,,,,,,,,-3.97199427,-33.28325564,-4.383239141,-4.741656707,-2.790871006,-2.685244116,-8.326127029,-21.63912632,-18.04110984,-39.86011539,-34.58315815,-35.24486682,-27.48463272,,,
Panama,PAN,-303.2,-366.6,-79.4,135.5,-67.3,-20.3,556.5,595.1,-51.5,-135.5,-108.5,-144.5,-169.6,-401.5,-223,-415.5,-1299.3,-1203.1,-755.6,-623.9,-467.1,-98.6,-817.5,-1019.1,-917.6,-2547.3,-1898.6,-2146.7,-1259.3,-2406.5,-2977,-3484.9,-3236.3,-4129.6,-3972.1,-4557.227235,-4314.486,-4917.303178,-3686.021035,-627.2635393
Papua New Guinea,PNG,-85.56202353,-84.11477089,-137.7428776,-113.416201,-82.43109535,-99.51723436,-115.4105913,-119.6586403,-221.2593,-155.3866991,-116.7188879,-104.2997009,-61.95079772,-56.95039766,-454.5688601,-111.2940129,-28.57526632,-109.6260195,-296.4926844,-95.93114421,-62.540527,-19.15810404,-119.1289859,-30.22626503,-31.75631047,-10.84912854,-92.72621539,30.1744485,-413.5436279,-28.52968978,277.8011809,64.01385345,-17.78142702,29.79653849,-212.882714,52.79279573,179.1639446,-277.3503951,,
Paraguay,PRY,-31.9,-36.6,-4.9,-5.2,-0.7,-0.6,-5.3,-8.4,-12.8,-76.9,-86.1,-117.5,-75,-137.1,-94.5,-139.5,-225.7,-333.2,-86.7,-97.9,-69.7,-5.9,-24.9,-27.679,-35.5,-114.2,-202.3,-262.84,-71.325,-461.965,-581.242,-697.081,-245.347,-411.892,-308.1297518,-425.334459,-576.1813741,-457.6369536,-522.3362124,-568.3334651
Peru,PER,-125,-48,-38,89,-1,-22,-32,-26,-59,-41,7,79,-760.5889592,-3289.186723,-2548.9815,-3488.159,-2054.26,-1581.907453,-1812.0088,-809.69676,-1069.86,-2155.836815,-1275.007073,-1599.038389,-2578.719365,-3466.531061,-5425.384335,-6187.851655,-6019.939961,-8018.357085,-7339.667559,-11866.55293,-9333.690452,-2823.161692,-8124.88732,-5583.08986,-6360.423389,-6468.745215,-7995.510173,
Philippines,PHL,-172,-16,-105,-9,-12,-127,-307,-936,-563,-530,-544,-228,-864,-1289,-1079,-1335,-1086,-2127,-1114,-2115,-335,-1477,-188,-109,-869.8827033,-1639.102233,2453.941126,630.006878,-167.4908402,1641.779592,342.4904144,957.8051773,-90.42244346,1014.348569,-99.65056095,-5882.813657,-6951.7109,-5832.900584,-5320.429168,-3017.073228
Poland,POL,-15,-10,-15,-16,-14,6,-4,7,7,-89,-298,-665,-1697,-1846,-3617,-4445,-4863,-6049,-7239,-9327,-5804,-3901,-4284,-11729,-6907,-10670,-17445,-9908,-8094,-8879,-13656,-6031,-4206,-12977,-10152,-4398,-7836,-15285,-9627,-8142
Portugal,PRT,-158.0353181,-135.5392479,-128.6011875,-189.3483122,-252.3577033,-238.4065987,-476.0565067,-841.8238719,-1652.60459,-2446.957459,-1985.062437,-1185.996928,-1386.567224,-982.8679667,3.655093048,-620.1175876,-282.1386499,1034.689273,1908.556766,1487.962325,723.7134812,-1967.623385,-1329.83187,5698.48753,-632.1423208,-4540.95087,4543.10356,-2240.374782,-1950.404507,-12304.38482,5939.89818,-16850.41652,-8650.582593,-8621.9532,-2385.447345,-4166.477908,-8405.018326,-6392.193345,-8705.659953,-4156.650974
Puerto Rico,PRI,,,,,,,,,,,,,,,,,,,,,,,,,,,,,,,,,,,,,,,,
Qatar,QAT,,,,,,,,,,,,,,,,,,,,,,,,,,,,,,,9170.012637,1444.230769,8861.813187,5707.967033,2952.472527,7128.021978,708.7912088,5709.065934,7262.912088,5164.071234
Romania,ROU,,,,,,,,,,18,-37,-73,-87,-341,-417,-263,-1224,-2040,-1025,-1048,-1174,-1128,-1805,-6373,-6168.258157,-10505.02093,-9437.017528,-13354.82128,-4624.15585,-2978.138616,-2313.269045,-3255.018087,-3915.347492,-3599.990318,-3287.453782,-4996.271644,-5566.577168,-5840.119127,-5441.807734,-2086.617157
Russian Federation,RUS,,,,,,,,,,,,,,-378.6,-1459.95,-1656.49,-1680.74,-1551.61,-1061.41,500.8,-306.27,58.82,1795.35,-1620.96,2371.59,-7601.62,-11072.47,-19120.29,6697.43,9448.5,11767.16,-1765.14,17287.63,35050.84,15232.1,-10224.57,8199.59,22592.03,-10051.63,-3364.7
Rwanda,RWA,,,,,,,,,,,,,,,,,,,,,,,,,,,,,,-216.1925568,-112.1275358,-269.6155504,-233.7637936,-310.2093387,-158.6305396,-231.9907639,-258.3394192,-348.2281683,-383.7186063,
Samoa,WSM,,,,,,,,,,,,,,,,,,,,,,,,-1.874838487,-3.763664371,-21.92767189,-6.821727439,-45.89909379,-8.872914557,1.324579317,-8.383929441,-9.538724038,-13.6930179,-18.52080036,-23.16268632,12.84169639,-9.120707236,-16.67616385,,
San Marino,SMR,,,,,,,,,,,,,,,,,,,,,,,,,,,,,,,,,,,,,,,,
Sao Tome and Principe,STP,,,,,,,,-0.200362892,,,,,,,,,-0.4,-4.2,-3,-3.8,-3,-3.6,-3.4,-3.501,-1.11107108,-34.94687039,-32.90510686,-79.04880006,-15.34970802,-50.5447756,-31.85509212,-22.06873945,-11.25212622,-22.55843102,-25.26925302,-22.32498599,-33.88642195,-21.30435702,-23.25289306,-46.25873761
Saudi Arabia,SAU,-6498.136246,-11128.38358,-4943.904678,-4849.863063,-491.4227632,-965.9359191,1173.333333,328,653.3333333,-1861.333333,-160,78.93333333,-1367.2,-349.3333333,1874.666667,1127.466667,-3039.466667,-4283.466667,778.9333333,1881.066667,-19.64,614.1333333,586.5066667,334.32,-12447.2,-18331.73333,-24453.38667,-35958.24393,-34280.39667,-25325.858,-12878.36133,-7780.825,-3921.4,-2615.796667,-2751.098333,1483.622,5860.755582,15005.22103,8984.491912,-631.8869663
Senegal,SEN,-19.61495421,-10.10327702,33.09137737,-27.23382187,18.91987701,3.782782755,2.096250769,-1.175095159,-18.2126923,-66.44267199,-11.59135029,29.95937153,1.130092827,-49.47724725,-34.99960952,-6.761770242,-176.892955,-60.31340447,-142.2433646,-62.44368049,-39.01568815,-44.24450742,-49.94848863,-64.08033923,-52.32728763,-210.6137118,-273.0898283,-272.4663424,-243.8902913,-264.1299829,-291.1414326,-220.1696297,-278.0381344,-375.6384134,-377.8020644,-248.5472568,-505.8776983,-795.0332446,,
Serbia,SRB,,,,,,,,,,,,,,,,,,,,,,,,,,,-3482.636367,-3727.299718,-2882.297554,-1500.63775,-4620.734306,-948.1292448,-1727.462621,-1648.820683,-1998.85856,-2102.831263,-2745.109622,-3713.792631,-3972.929429,-3326.633601
Seychelles,SYC,-2.843012847,-5.078315411,-5.878860593,-5.856449748,-1.085136341,-8.421127244,-14.01519539,-18.9172393,-21.50781412,-19.11419042,-18.44788118,-7.84194646,-17.83255922,-17.40555099,-28.91657348,-16.33808296,-43.51077076,-50.20721721,-46.23231583,-13.8261349,-56.20254515,-38.98603345,-50.27847382,-30.4148521,-78.18969364,-137.8849112,-158.0967205,-166.8654442,-162.9163078,-153.6438675,-135.3221266,-425.56766,-125.2939148,-185.2276659,-192.9592764,-119.2850299,-188.9377385,-317.9370945,-262.0284466,-166.4949663
Sierra Leone,SLE,-7.505833384,-4.682515644,-1.697315442,-5.856690373,30.95700226,140.3107937,-39.40953264,23.08845654,-22.35643427,-32.43469887,-7.50446513,5.599050407,7.462923506,2.87418761,-7.287055908,-0.663927905,-1.800032094,-0.104884953,-0.533201788,-39.00082452,-9.835742022,-10.41340946,-8.615049668,-61.15331419,-90.73166974,-58.76803515,-96.57783234,-57.62373386,-110.8455025,-238.4374809,-950.4777914,-722.4474051,-429.6645801,-375.0896285,-252.4358294,-138.5094693,-413.7244761,-250.4460535,-342.4477268,
Singapore,SGP,-1674.64096,-1297.648392,-1084.688011,-1209.51674,-809.0357477,-1528.875962,-2630.125278,-3537.026225,-2004.401126,-3540.955569,-4361.26306,-887.3723628,-2534.424577,-3973.107582,-4463.391833,-2028.451895,-3278.81255,-2337.473772,-10542.9834,-8666.947673,3197.593377,-3321.924917,-13325.69286,-11251.67507,-6763.528544,-19066.2499,-6455.702502,-5633.910991,8603.556832,-19915.24315,-17255.45894,-34830.38236,-19110.68489,-16220.98575,-24551.3429,-29754.77413,-35903.4705,-61075.66369,-69861.39194,-55069.65676
Sint Maarten (Dutch part),SXM,,,,,,,,,,,,,,,,,,,,,,,,,,,,,,,49.63128492,-16.25363128,-43.91061453,-46.49162011,-27.66480447,-39.26815642,-62.06952609,51.8362198,-54.01406445,
Slovak Republic,SVK,,,,,,,,,,,,,-138.1984442,-256.0157969,-226.045942,-303.1691604,-78.46207118,-417.2527342,-730.4006996,-2030.972175,-1508.052722,-4100.939036,-535.685661,-4059.377512,-2909.248458,-5202.385157,-3414.6991,-4117.039837,972.6269592,-876.08838,-2733.621386,-3008.780999,272.8196847,642.1212482,-102.0945457,-669.2378992,-2726.796237,-1292.870176,-2271.804196,2177.732734
Slovenia,SVN,,,,,,,,,,,,-112.8,-111.3,-129.8,-160.4,-166.1,-303.6,-221.2,-58.9,-70.5,-370.7,-1508.3,174.3,-281.5,88.5,214.4958807,331.3269606,251.4968542,686.9747736,-119.5929493,-889.9667231,-599.7516093,-71.93772243,-806.7150063,-1404.352738,-968.6927416,-565.1557537,-1089.237503,-840.9365042,55.43849351
Solomon Islands,SLB,-0.229841127,-1.02975542,-0.435328355,-1.962762257,-0.675325845,-3.100775194,-10.48274715,-1.680658818,-11.59930084,-10.43980307,-14.51330693,-14.17301322,-23.37083821,-2.096398903,-2.025896239,-5.944439122,-33.87193324,-8.804628106,-9.900495542,-12.96932542,10.04263378,1.56777927,1.827943488,-5.666681925,-17.00437186,-39.56536131,-73.79875842,-71.40247156,-45.59937439,-163.6294071,-116.3607067,-21.34012743,-50.40945867,-20.34894473,-27.50887656,-35.97819058,-35.86154142,-15.93700806,-28.73937863,-5.653417728
Somalia,SOM,,,,,,,,,,,,,,,,,,,,,,,,,,,,,,,,,,,,,,,,
South Africa,ZAF,,,,,500.0004384,121.4674097,303.7926867,-93.87105993,363.9079855,103.6966334,-47.69582416,1935.66947,280.6237025,886.096104,1245.489079,231.5852023,-1486.940325,1083.666643,80.85062599,-691.6527386,-10785.07772,-1882.06701,-230.59246,604.0023186,-5612.683803,5305.504771,-3604.679769,-12004.58414,-6313.190334,-3854.564952,-4292.687424,-1727.159492,-1712.645458,1900.417869,3993.788901,2275.171115,5390.643573,-1542.500842,-1975.160486,-5159.916455
South Sudan,SSD,,,,,,,,,,,,,,,,,,,,,,,,,,,,,,,,,,-1.03582573,-1.18,5.88,40.561,-60.14,160.89,
Spain,ESP,-1435.580283,-1271.590058,-1379.226621,-1523.434736,-1717.597792,-3073.017464,-3825.367267,-5785.865278,-6954.989893,-10461.38078,-8050.716405,-11084.16859,-6493.497173,-5165.201242,-3367.731079,-2560.464077,5369.816741,6088.931054,25505.12599,18579.3898,4736.232605,-6363.009858,3088.946147,36894.54604,18068.69619,71487.81452,78246.77245,1691.416117,6148.530894,1231.202629,18152.67838,-23366.09392,-14263.38902,12972.04552,33299.35667,12384.25417,14575.95299,-16391.48527,11097.74007,12196.14575
Sri Lanka,LKA,-49.26455442,-63.56760883,-37.7788975,-32.61239105,-24.7987734,-29.18787288,-58.16786959,-43.62364924,-17.70141324,-42.53269103,-43.82564532,-121.0004386,-187.5813036,-158.1579317,-55.99558757,-119.8743497,-430.0561518,-193.4240231,-176.4101713,-172.9414098,-171.79,-185.05,-201.41,-227.01,-234,-450.4,-548,-690.5,-384,-435.059,-895.92,-877.1909427,-867.4779878,-826.8056505,-626.6683198,-660.2412391,-1300.931667,-1546.187439,-680.8238795,
St. Kitts and Nevis,KNA,-0.9,-2.2,-13.5,-6,-8,-9.203703704,-16.64814815,-13.13333333,-40.8,-48.78518519,-21.44814815,-12.52962963,-13.75925926,-15.34814815,-20.47037037,-35.17407407,-19.67037037,-31.92592593,-57.73703704,-96.21481481,-88.10666667,-79.77168889,-75.61216296,-55.77147407,-92.99448889,-110.4156304,-134.4844381,-177.9060267,-130.7508393,-116.26848,-109.632707,-92.41922222,-110.7899704,-151.2528367,-133.7631516,-119.6380548,-38.45719051,-94.02700838,,
St. Lucia,LCA,-38.2,-26.5,-10,-12,-17,-14.51851852,-15,-16.44444444,-26.62962963,-44.78518519,-57.74444444,-40.94074074,-34.16296296,-32.52222222,-32.75185185,-18.41481481,-47.82592593,-83.3962963,-83.15185185,-53.74814815,-58.80740741,-51.93541481,-106.4259259,-76.52028519,-78.23342963,-233.9347333,-271.8910741,-161.2107063,-146.3975911,-121.2969726,-80.86087222,-75.75932481,-83.51504222,-56.29024556,-130.4384687,-134.9248395,-48.2914039,-15.80947087,,
St. Martin (French part),MAF,,,,,,,,,,,,,,,,,,,,,,,,,,,,,,,,,,,,,,,,
St. Vincent and the Grenadines,VCT,-0.5,-1.5,-2.1,-1.4,-1.8,-7.37037037,-4.962962963,-9.111111111,-10.59259259,-7.666666667,-8.896296296,-13.9,-31.4,-46.91481481,-30.64074074,-42.64444444,-92.47037037,-88.95185185,-56.7962963,-37.74444444,-21.04037037,-34.04822593,-55.16444815,-65.68616667,-40.08709259,-109.1123444,-119.4069,-159.24336,-110.2216663,-97.21810889,-85.62386037,-115.4022463,-126.735013,-117.9175588,-111.2848129,-87.34943837,-142.9519737,-95.50470719,,
Sudan,SDN,,,,-9.076923077,3.04,,,,-3.488888889,,,,,,,-0.4,-97.9,-370.7,-370.8,-392.2,-574,-713.18,-1349.19,-1511.07,-1561.689997,-1841.833814,-1504.379838,-1653.120315,-1726.298403,-2063.730998,-1734.376994,-2311.46074,-1687.884179,-1251.280889,-1728.373403,-1063.767535,-1065.298481,-1135.787164,-825.3549923,
Suriname,SUR,,,,,,,,,,,,,,,,,,,,,,,,,-28,163.4,246.7,231.4,93.4,255.7,-72.89540267,-172.8667732,-187.6376176,-164.0984156,-266.741456,-299.9871397,-98.20302074,-119.19076,19.54224631,
Sweden,SWE,644.2456567,856.7810384,1232.363591,1207.28982,1412.252758,2880.036263,4141.137008,5797.938025,8483.725108,12646.54211,911.5046683,424.1922692,-2234.323574,416.6937289,-3540.533478,-379.987279,1847.448544,4473.104308,-38536.64755,17414.87902,-3430.756955,-1714.85512,16334.96879,11329.16203,17494.70287,-449.7960078,9747.824805,-6671.950489,17513.96165,21497.72241,16794.64242,13221.65482,26576.3155,4819.23815,4645.796244,-14370.26663,11762.30904,13762.07214,5572.115433,4712.597449
Switzerland,CHE,,,-150.5377198,362.1764636,3305.489139,-662.0651319,-1046.81379,8289.482676,6698.840106,-14.82912315,2616.612137,4625.953058,6441.31879,7066.061999,7130.841326,11779.03091,10425.66642,9118.277453,20829.38898,24225.04906,8983.502888,1799.191575,-1796.820863,24211.61262,51368.90231,31562.71679,18590.54385,27293.18926,-2954.454437,56434.4695,22567.34047,14355.28873,37473.01055,-9548.642226,7382.490805,16413.21194,-90851.29275,112318.3047,35532.19753,62307.805
Syrian Arab Republic,SYR,,,,,,,,,,,,,-109,-251,-100,-89,-80,-82,-263,-270,-110,-115,-160,-275,-500,-659,-1241.959115,-1465.623386,-2569.548272,-1469.196863,,,,,,,,,,
Tajikistan,TJK,,,,,,,,,,,,,,,,,,,,,,-36.0664,-31.6497,-272.0251,-54.4793,-338.6274,-359.9674,-486.61434,-149.06055,-93.94067,-145.88367,-241.73637,-283.14073,-326.59381,-454.01232,-206.5229554,-63.10292146,-249.1505925,-189.5971014,-36.19983127
Tanzania,TZA,,,,,,,,,,,,-12.16963933,-20.45776354,-50.00089526,-119.9366538,-150.066382,-157.8850639,-172.3062449,-516.7006417,-463.4008588,-549.2703515,-395.567134,-318.4012987,-442.5395484,-935.5205917,-403.0389914,-581.511807,-1383.26,-952.63,-1813.2,-1229.361018,-1799.646137,-2087.26131,-1416.088065,-1506.024896,-864.04,-940.5230722,-971.576866,-990.6261737,
Thailand,THA,-288.221883,-188.7381782,-348.1721564,-400.4366564,-162.3406591,-261.4406138,-181.990741,-1081.232804,-1725.783864,-2303.372618,-1846.887341,-1966.467656,-1570.95687,-873.4105965,-1182.374912,-1404.63402,-3314.970532,-7184.691753,-5756.929985,-3388.964331,-4639.467177,-3170.876705,-4609.377096,-5783.594587,-7664.201699,-7876.711486,-7086.888457,-6221.859991,-415.1795615,-6615.343922,4702.08285,1361.534446,-3814.466006,766.2995625,-3936.528344,9906.454565,5931.879643,4181.659339,5327.519459,22815.32081
Timor-Leste,TLS,,,,,,,,,,,,,,,,,,,,,,,,,,-8.478084462,-8.695061688,-39.69797075,-47.95475066,-4.33280677,-82.05816854,-27.71577718,-43.19043895,-21.23882486,-30.3287,7.188,-6.715937467,-47.92566457,-74.58032302,-766.2461114
Togo,TGO,-10.19388802,-16.13176851,-1.443319394,9.936912147,-16.27554597,-6.113092437,-7.150544289,-12.96633572,-9.169040444,-18.23959696,-6.479812947,,11.87303776,-15.41953818,-31.96644359,-14.52441541,-18.54988545,-19.56770112,-39.68327796,-41.57514553,-70.89863947,-50.8884632,-40.15882628,-71.25031327,-91.90029677,-91.81976862,-49.93170994,-39.98205907,-11.15856557,-48.68892354,536.85886,298.7948411,-204.2791594,304.9499438,90.79324747,303.2746018,-121.1344971,251.1784788,-302.8548636,
Tonga,TON,,,,,-0.020946891,-0.113399923,-0.194192948,-0.05814613,-0.11053825,-0.099521424,-0.17560212,-1.241861673,-0.350581995,-2.489172175,,,,,,,,,-0.182273331,-5.53366404,-6.005489532,-10.31512266,-15.4766623,-21.28738095,-0.724818474,-4.661006003,-7.641551958,0.841513978,-2.893639864,-12.41156445,-6.568362563,-5.847498609,6.185445026,-24.00509813,-0.298571032,-3.615729982
Trinidad and Tobago,TTO,-258.0833334,-203.5000001,-114.0833334,-109.75,6.979591837,21.83333333,-35,-62.90731707,-148.8941176,-109.4117647,-169.3411765,-177.8823529,-379.2119871,-516.1749472,-298.9342691,-355.3999339,-999.3476418,-729.7674812,-379.2,-654.3000347,-684.9000366,-901.4,-583.1,-972.7,-598.7,-512.7,-830,-2100.8,-709.1,-549.4,26.16434769,2093.764923,1192.470203,-679.1211519,-48.4903721,-1.741016323,458.8463274,765.2274647,-69.81377023,
Tunisia,TUN,-293.6386731,-338.5885097,-185.6308012,-114.5676894,-113.8411915,-62.96997906,-90.50729338,-59.45412949,-73.73692596,-77.41935484,-122.2122582,-521.237704,-561.8975666,-426.0770349,-269.6272799,-237.3104812,-332.75814,-650.7277877,-347.3202807,-750.7204436,-451.5148092,-790.3029166,-539.481939,-592.1475217,-712.7148473,-3239.909093,-1515.345044,-2600.674976,-1525.244858,-1334.497695,-432.6660116,-1554.269129,-1058.622582,-1024.754444,-970.5218887,-622.5694822,-810.9364828,-988.942901,-810.1734577,
Turkey,TUR,-95,-55,-46,-113,-99,-125,-106,-354,-663,-700,-783,-779,-622,-559,-772,-612,-554,-573,-138,-112,-2855,-939,-1222,-2005,-8967,-19261,-19941,-17302,-7032,-7617,-13812,-9638,-9927,-6287,-14167,-10697,-8339,-9235,-6323,-4637
Turkmenistan,TKM,,,,,,,,,,,,,,,,,,,,,,,,,,,,,,,,,,,,,,,,
Turks and Caicos Islands,TCA,,,,,,,,,,,,,,,,,,,,,,,,,,,,,,,,,,72.281,69.863,-18.048,2.29,-93.769,,
Tuvalu,TUV,,,,,,,,,,,,,,,,,,,,,0.009309819,0.009779619,0.010973373,0.011696835,0.011417195,0.010582652,0.011053951,-1.687799956,-1.751074672,-0.455233534,0.11908767,-1.325042531,,,,,,,,
Uganda,UGA,,,,,,,,,,,-1,-3,-54.6,-88.2,-121.2,-121,-175,-210,-140.2,-160.7,-151.4961507,-184.6480592,-202.1925936,-295.4164798,-379.8083407,-644.2624999,-792.3057809,-728.8609007,-812.7203217,-506.6584235,-906.1404276,-1159.05146,-1143.207356,-1031.546243,-737.3645163,-625.5514616,-802.3947083,-1055.026101,-1265.683636,
Ukraine,UKR,,,,,,,,,,,,,,-151,-257,-526,-581,-747,-489,-594,-769,-698,-1411,-1711,-7533,-5737,-9218,-9903,-4654,-5759,-7015,-7195,-4079,-299,407,-3794,-3684,-4460,-5212,950
United Arab Emirates,ARE,,,,,,,,,,,,,,,,,,,,,,,,,,,,,,,,,,,,,,,,
United Kingdom,GBR,6274.064939,1749.688494,3005.286142,8324.649803,5130.017497,8448.719924,15850.1604,15205.14925,4270.004426,-13379.91318,302.4186614,3139.61782,10735.54543,24171.41121,27379.61968,9301.532237,23386.81648,48157.12056,112454.1454,127916.3793,21321.01856,31141.42173,46069.63589,41580.06415,-92742.9541,-61381.48157,160880.3167,103242.149,-62945.02196,-12327.09802,53821.55401,-34727.24918,-8222.267228,-172805.7921,-105510.4996,-291904.9522,46685.07553,-24762.63759,-50468.54581,-53408.67201
United States,USA,-15570,-13456,-2730,-12410,-5950,-11422,-23438,-35209,-24800,-11290,14720,28460,32570,34050,40980,5360,-770,-36390,-64964,-162755,-26455,67930,78112,160363,-89753,-14662,177277,2491,151514,85789,173119,126895,104665,135673,-209363,-174573,38381,-412780,-163161,-59141
Uruguay,URY,-48.6,13.7,-5.6,-3.4,7.9,-32.5,-55,-44.5,,,,,-101.5,-154.5,-156.6,-136.8,-113.2,-154.8,-235.3,-267.8086,-290.6313143,-180.0078839,-401.3309926,-314.6523304,-811.1405456,-1494.522937,-1240.075741,-2116.600571,-1512.181816,-2348.781861,-2510.898656,-2240.230849,-3045.142183,-2247.271203,-774.7001697,1827.632034,2078.605372,500.1717717,-1246.533976,-2612.793492
Uzbekistan,UZB,,,,,,,,,,,,,,,,,,,,,,,,,,,,,,-1659.799355,-1611.410789,-741.1584914,-687.2550652,-804.2457358,-1036.62523,-1656.769546,-1788.320487,-622.7752996,-2313.394057,-1723.945222
Vanuatu,VUT,,-6.932931424,-5.867099903,-7.437905972,-4.625776267,-2.017424641,-12.89306184,-10.81357686,-9.168584205,-13.11119687,-25.47451848,-26.45289362,-25.96792131,-29.78617556,-31.04491467,-32.73211561,-30.23330036,-20.38337942,-13.40336662,-20.25608964,-18.00432208,-13.59432904,-17.33762092,-19.0799885,-12.4825913,-42.7153163,-33.52139503,-37.2086243,-32.09044959,-62.14000693,-60.32122679,-59.99993656,-58.99671662,-12.81575237,-29.50520099,-48.1028176,-37.1576707,-36.21776577,-32.86948597,
"Venezuela, RB",VEN,-184,-253,-86,3,-57,444,16,-21,-34,-76,-1728,-473,514,-455,-894,-1676,-5645,-3942,-2018,-4180,-3479,244,-722,-864,-1422,2032,-3783,-1316,3613,918,-6110,-1679,-1928,3401,-370,-27,,,,
Vietnam,VNM,,,,,,,,,,,,,,,,-2395,-2220,-1671,-1412,-1298,-1300,-1400,-1450,-1610,-1889,-2315,-6516,-9279,-6900,-7100,-6480,-7168,-6944,-8050,-10700,-11600,-13620,-14902,-15635,
Virgin Islands (U.S.),VIR,,,,,,,,,,,,,,,,,,,,,,,,,,,,,,,,,,,,,,,,
West Bank and Gaza,PSE,,,,,,,,,,,,,,,6.4,-35.3,-6.9,-58.03873866,-19.22353873,156.1351235,344.518636,336.713149,30.528,-57.93344065,-4.059277011,110.8354344,15.56382733,-55.78351961,-231.1545372,-121.8592665,-477.3863244,-29.31310007,-224.0460974,27.74370677,-29.66790572,-341.4581013,-191.1957261,-282.509581,-204.84367,
"Yemen, Rep.",YEM,,,,,,,,,,,,,,,,,,,,,,,,,302.0567368,-1120.97,-917.3,-1554.63,-129.2,-188.6417958,517.8429285,14.23918836,133.5708956,233.1046686,15.44480835,,,,,
Zambia,ZMB,38.4,-39,-25.7,-17.2,-51.5,-28.3,-74.5,-93.3,-163.7,-202.7,-34.3,,,,,,-207.4,-198,-162,-121.7,-145,-298.39,-347,-389.04,-356.94,-615.79,-1323.9,-938.62,-425.242,-633.9,-1109.9,-2433.397,-1690.332,-2483.8,-1724.246018,-486.0941679,-1179.567675,-363.1157244,148.2456269,-100.6325942
Zimbabwe,ZWE,-3.546064699,0.84128504,2.074321691,2.488197113,-2.848609099,-7.445128094,30.50668375,-4.093521528,10.18076308,12.20584782,-2.790485896,-14.94989955,-27.95513535,-29.92240653,,,,,,,,,,,,,,,-105,-122.5866667,-344.3,-349.85,-373.05,-472.8,-399.2,-343.0138134,-247.1877388,,,
Africa Eastern and Southern,AFE,,,,,,,,,,,,,,,,,,,,,,,,,,,,,,,,,,,,,,,,
Africa Western and Central,AFW,,,,,,,,,,,,,,,,,,,,,,,,,,,,,,,,,,,,,,,,
Arab World,ARB,,,,,,,,,,,,,,,,,,,,,,,,,,,,,,,,,,,,,,,,
Caribbean small states,CSS,,,,,,,,,,,,,,,,,,,,,,,,,,,,,,,,,,,,,,,,
Central Europe and the Baltics,CEB,,,,,,,,,,,,,,,,,,,,,,,,,,,,,,,,,,,,,,,,
Early-demographic dividend,EAR,,,,,,,,,,,,,,,,,,,,,,,,,,,,,,,,,,,,,,,,
East Asia & Pacific,EAS,,,,,,,,,,,,,,,,,,,,,,,,,,,,,,,,,,,,,,,,
East Asia & Pacific (excluding high income),EAP,,,,,,,,,,,,,,,,,,,,,,,,,,,,,,,,,,,,,,,,
East Asia & Pacific (IDA & IBRD countries),TEA,,,,,,,,,,,,,,,,,,,,,,,,,,,,,,,,,,,,,,,,
Euro area,EMU,,,,,,,,,,,,,,,,,,,132371.8619,-2876.94315,98077.43365,-21209.5058,11417.53832,100516.3338,259423.6704,214119.343,124178.4534,320045.5831,109023.1443,88254.68344,135531.9595,61920.46773,39194.58593,89658.29833,257237.7712,120242.4752,48903.36709,180109.5862,-67937.2836,-232296.0982
Europe & Central Asia,ECS,,,,,,,,,,,,,,,,,,,,,,,,,,,,,,,,,,,,,,,,
Europe & Central Asia (excluding high income),ECA,,,,,,,,,,,,,,,,,,,,,,,,,,,,,,,,,,,,,,,,
Europe & Central Asia (IDA & IBRD countries),TEC,,,,,,,,,,,,,,,,,,,,,,,,,,,,,,,,,,,,,,,,
European Union,EUU,,,,,,,,,,,,,,,,,,,,,,,,,,,,,,,,,,,,,,,,
Fragile and conflict affected situations,FCS,,,,,,,,,,,,,,,,,,,,,,,,,,,,,,,,,,,,,,,,
Heavily indebted poor countries (HIPC),HPC,,,,,,,,,,,,,,,,,,,,,,,,,,,,,,,,,,,,,,,,
High income,HIC,,,,,,,,,,,,,,,,,,,,,,,,,,,,,,,,,,,,,,,,
IBRD only,IBD,,,,,,,,,,,,,,,,,,,,,,,,,,,,,,,,,,,,,,,,
IDA & IBRD total,IBT,,,,,,,,,,,,,,,,,,,,,,,,,,,,,,,,,,,,,,,,
IDA blend,IDB,,,,,,,,,,,,,,,,,,,,,,,,,,,,,,,,,,,,,,,,
IDA only,IDX,,,,,,,,,,,,,,,,,,,,,,,,,,,,,,,,,,,,,,,,
IDA total,IDA,,,,,,,,,,,,,,,,,,,,,,,,,,,,,,,,,,,,,,,,
Late-demographic dividend,LTE,,,,,,,,,,,,,,,,,,,,,,,,,,,,,,,,,,,,,,,,
Latin America & Caribbean,LCN,,,,,,,,,,,,,,,,,,,,,,,,,,,,,,,,,,,,,,,,
Latin America & Caribbean (excluding high income),LAC,,,,,,,,,,,,,,,,,,,,,,,,,,,,,,,,,,,,,,,,
Latin America & the Caribbean (IDA & IBRD countries),TLA,,,,,,,,,,,,,,,,,,,,,,,,,,,,,,,,,,,,,,,,
Least developed countries: UN classification,LDC,,,,,,,,,,,,,,,,,,,,,,,,,,,,,,,,,,,,,,,,
Low & middle income,LMY,,,,,,,,,,,,,,,,,,,,,,,,,,,,,,,,,,,,,,,,
Low income,LIC,,,,,,,,,,,,,,,,,,,,,,,,,,,,,,,,,,,,,,,,
Lower middle income,LMC,,,,,,,,,,,,,,,,,,,,,,,,,,,,,,,,,,,,,,,,
Middle East & North Africa,MEA,,,,,,,,,,,,,,,,,,,,,,,,,,,,,,,,,,,,,,,,
Middle East & North Africa (excluding high income),MNA,,,,,,,,,,,,,,,,,,,,,,,,,,,,,,,,,,,,,,,,
Middle East & North Africa (IDA & IBRD countries),TMN,,,,,,,,,,,,,,,,,,,,,,,,,,,,,,,,,,,,,,,,
Middle income,MIC,,,,,,,,,,,,,,,,,,,,,,,,,,,,,,,,,,,,,,,,
North America,NAC,,,,,,,,,,,,,,,,,,,,,,,,,,,,,,,,,,,,,,,,
Not classified,INX,,,,,,,,,,,,,,,,,,,,,,,,,,,,,,,,,,,,,,,,
OECD members,OED,,,,,,,,,,,,,,,,,,,,,,,,,,,,,,,,,,,,,,,,
Other small states,OSS,,,,,,,,,,,,,,,,,,,,,,,,,,,,,,,,,,,,,,,,
Pacific island small states,PSS,,,,,,,,,,,,,,,,,,,,,,,,,,,,,,,,,,,,,,,,
Post-demographic dividend,PST,,,,,,,,,,,,,,,,,,,,,,,,,,,,,,,,,,,,,,,,
Pre-demographic dividend,PRE,,,,,,,,,,,,,,,,,,,,,,,,,,,,,,,,,,,,,,,,
Small states,SST,,,,,,,,,,,,,,,,,,,,,,,,,,,,,,,,,,,,,,,,
South Asia,SAS,,,,,,,,,,,,,,,,,,,,,,,,,,,,,,,,,,,,,,,,
South Asia (IDA & IBRD),TSA,,,,,,,,,,,,,,,,,,,,,,,,,,,,,,,,,,,,,,,,
Sub-Saharan Africa,SSF,,,,,,,,,,,,,,,,,,,,,,,,,,,,,,,,,,,,,,,,
Sub-Saharan Africa (excluding high income),SSA,,,,,,,,,,,,,,,,,,,,,,,,,,,,,,,,,,,,,,,,
Sub-Saharan Africa (IDA & IBRD countries),TSS,,,,,,,,,,,,,,,,,,,,,,,,,,,,,,,,,,,,,,,,
Upper middle income,UMC,,,,,,,,,,,,,,,,,,,,,,,,,,,,,,,,,,,,,,,,
World,WLD,,,,,,,,,,,,,,,,,,,,,,,,,,,,,,,,,,,,,,,,
