WEO Country Code,ISO,WEO Subject Code,Country,1981,1982,1983,1984,1985,1986,1987,1988,1989,1990,1991,1992,1993,1994,1995,1996,1997,1998,1999,2000,2001,2002,2003,2004,2005,2006,2007,2008,2009,2010,2011,2012,2013,2014,2015,2016,2017,2018,2019,2020
512,AFG,PPPGDP,Afghanistan,,,,,,,,,,,,,,,,,,,,,,,10.71%,3.38%,15.31%,8.55%,16.38%,5.89%,21.50%,9.70%,8.70%,19.09%,6.40%,8.87%,3.76%,-2.72%,6.58%,3.62%,5.77%,-3.85%
914,ALB,PPPGDP,Albania,15.72%,9.25%,5.06%,5.68%,1.62%,7.72%,1.65%,2.08%,14.11%,-6.64%,-25.56%,-5.09%,12.20%,11.74%,11.18%,11.10%,-9.39%,10.05%,14.53%,9.33%,10.67%,6.19%,7.49%,8.36%,8.81%,9.11%,8.83%,9.59%,4.14%,4.92%,4.68%,2.95%,0.24%,6.29%,3.28%,3.40%,8.27%,6.57%,4.06%,-2.33%
612,DZA,PPPGDP,Algeria,12.74%,12.97%,9.53%,9.41%,8.94%,1.81%,1.76%,1.56%,8.91%,4.57%,2.14%,3.92%,0.22%,1.22%,6.03%,5.70%,2.84%,6.28%,4.69%,6.12%,5.26%,7.27%,9.19%,7.11%,9.20%,4.76%,6.15%,4.35%,2.41%,4.82%,5.05%,0.48%,0.13%,1.64%,-5.69%,-1.25%,3.06%,3.63%,2.60%,-4.85%
614,AGO,PPPGDP,Angola,4.64%,6.18%,8.28%,9.83%,6.78%,4.97%,6.65%,9.87%,3.96%,0.16%,15.88%,13.94%,13.60%,12.87%,12.68%,13.24%,9.12%,5.87%,3.66%,5.36%,6.49%,15.46%,4.90%,13.94%,18.61%,14.92%,17.07%,13.33%,1.63%,6.08%,5.63%,14.51%,7.38%,10.26%,-7.15%,0.13%,6.40%,0.35%,1.17%,-2.81%
311,ATG,PPPGDP,Antigua and Barbuda,13.50%,6.11%,9.70%,14.09%,10.90%,13.76%,9.21%,8.96%,9.35%,6.93%,5.66%,3.39%,7.83%,8.90%,-2.26%,8.47%,7.30%,5.95%,5.17%,9.08%,-2.88%,2.64%,8.03%,8.59%,9.71%,16.12%,12.21%,1.91%,-11.41%,-6.54%,0.11%,-2.42%,-2.93%,2.44%,0.45%,6.38%,0.53%,9.51%,5.21%,-16.28%
213,ARG,PPPGDP,Argentina,3.17%,2.84%,7.80%,5.68%,-4.01%,9.30%,5.06%,1.50%,-3.36%,2.36%,14.24%,12.81%,8.77%,8.09%,-0.81%,7.46%,9.98%,5.02%,-1.99%,1.43%,-2.31%,-9.48%,10.98%,11.84%,12.24%,11.32%,11.94%,6.08%,-5.20%,11.41%,8.22%,2.81%,3.65%,-1.14%,3.25%,2.08%,17.41%,-0.23%,-0.34%,-8.86%
911,ARM,PPPGDP,Armenia,,,,,,,,,,,,,-12.01%,7.66%,10.29%,7.10%,5.18%,7.47%,4.65%,8.23%,11.86%,16.63%,16.17%,13.45%,17.67%,16.62%,16.80%,9.03%,-13.50%,3.39%,6.89%,16.99%,5.52%,2.56%,-0.22%,7.76%,13.52%,7.75%,9.50%,-6.45%
314,ABW,PPPGDP,Aruba,,,,,,,19.00%,22.86%,16.51%,7.84%,11.61%,8.31%,9.82%,10.55%,4.64%,3.13%,8.85%,3.02%,2.82%,10.01%,-0.83%,-1.74%,3.85%,10.83%,4.38%,4.11%,4.77%,2.11%,-10.67%,-2.20%,5.66%,-1.99%,6.95%,0.47%,1.99%,1.23%,3.98%,3.64%,2.19%,-24.56%
193,AUS,PPPGDP,Australia,13.98%,6.25%,3.42%,10.18%,8.79%,4.51%,7.49%,7.93%,8.73%,5.30%,2.35%,4.90%,6.36%,7.14%,4.99%,6.07%,6.37%,5.89%,5.97%,5.33%,4.86%,5.78%,4.69%,6.93%,6.24%,5.81%,7.23%,4.67%,2.65%,3.55%,5.00%,1.37%,10.14%,2.59%,0.14%,5.48%,4.97%,5.31%,3.77%,-1.25%
122,AUT,PPPGDP,Austria,9.35%,8.20%,6.83%,3.95%,5.48%,4.40%,4.20%,4.52%,7.96%,8.25%,6.94%,4.42%,2.91%,4.59%,4.82%,4.27%,3.85%,4.75%,5.05%,5.69%,3.49%,3.26%,2.82%,5.50%,5.43%,6.58%,6.51%,3.43%,-3.03%,3.02%,5.07%,4.99%,3.76%,2.63%,3.36%,6.76%,4.17%,5.04%,3.23%,-5.46%
912,AZE,PPPGDP,Azerbaijan,,,,,,,,,,,,,-21.28%,-17.96%,-11.21%,4.41%,10.76%,7.20%,13.00%,8.60%,8.82%,11.17%,12.25%,12.20%,31.95%,38.53%,28.83%,12.74%,10.20%,6.01%,0.48%,9.23%,9.12%,2.76%,-13.34%,-2.72%,-0.77%,3.94%,4.04%,-3.13%
313,BHS,PPPGDP,The Bahamas,6.28%,12.87%,10.96%,6.10%,7.40%,4.68%,6.25%,5.86%,6.31%,4.83%,-0.93%,-1.64%,2.67%,5.36%,6.57%,6.12%,6.76%,5.89%,8.70%,6.47%,4.88%,4.33%,0.58%,3.60%,6.61%,5.62%,4.18%,-0.43%,-3.45%,2.72%,2.71%,4.52%,-0.09%,5.00%,1.78%,3.21%,7.35%,5.50%,3.02%,-15.26%
419,BHR,PPPGDP,Bahrain,12.50%,12.98%,11.19%,7.94%,2.21%,2.50%,1.22%,9.69%,4.97%,7.38%,5.75%,9.56%,10.16%,5.42%,4.06%,5.14%,4.11%,6.03%,7.50%,9.41%,4.74%,4.98%,8.27%,9.86%,10.09%,9.69%,11.20%,8.31%,3.32%,5.55%,4.11%,8.78%,2.80%,0.83%,-8.43%,2.09%,11.67%,4.16%,3.81%,-4.25%
513,BGD,PPPGDP,Bangladesh,15.58%,9.58%,8.71%,7.94%,7.03%,6.08%,5.48%,6.00%,8.39%,8.52%,7.73%,7.19%,6.79%,6.75%,6.97%,6.94%,7.12%,6.23%,6.94%,7.96%,7.13%,6.50%,7.74%,8.97%,9.61%,10.08%,9.38%,7.57%,6.12%,7.27%,8.72%,12.55%,7.47%,8.75%,7.51%,9.29%,9.21%,10.61%,10.57%,0.58%
316,BRB,PPPGDP,Barbados,7.39%,0.98%,4.44%,7.28%,4.35%,7.18%,5.15%,7.16%,7.63%,0.32%,-0.64%,-3.54%,3.17%,4.20%,4.15%,5.88%,6.54%,4.91%,1.79%,6.76%,-0.20%,2.38%,4.08%,4.13%,7.18%,8.87%,4.95%,2.67%,-4.36%,-1.15%,1.41%,-5.85%,0.37%,-0.87%,2.41%,3.00%,-0.88%,1.81%,1.67%,-16.59%
913,BLR,PPPGDP,Belarus,,,,,,,,,,,,,-5.41%,-9.82%,-9.22%,4.66%,13.36%,9.66%,4.85%,8.13%,7.01%,6.71%,9.02%,14.44%,12.86%,13.33%,11.56%,12.38%,0.93%,9.06%,7.49%,9.14%,4.87%,0.13%,-4.67%,-1.62%,3.09%,5.61%,3.26%,0.30%
124,BEL,PPPGDP,Belgium,9.16%,6.81%,4.24%,6.16%,4.87%,3.87%,4.84%,8.42%,7.53%,7.00%,5.28%,3.84%,1.38%,5.43%,4.53%,3.18%,5.58%,3.11%,5.04%,6.04%,3.32%,3.32%,2.91%,6.36%,5.51%,5.66%,6.46%,2.40%,-1.27%,4.06%,3.82%,3.94%,3.75%,3.34%,3.45%,5.68%,4.57%,4.26%,3.56%,-5.29%
339,BLZ,PPPGDP,Belize,9.66%,-2.20%,10.36%,15.51%,1.77%,9.38%,25.08%,14.72%,19.91%,15.31%,15.36%,14.56%,8.84%,1.89%,2.73%,3.29%,5.35%,4.88%,10.34%,14.68%,8.09%,6.40%,11.32%,7.64%,5.07%,8.03%,3.20%,5.52%,-0.26%,5.50%,4.06%,-3.16%,1.63%,1.80%,2.99%,0.99%,0.91%,5.36%,3.60%,-13.02%
638,BEN,PPPGDP,Benin,11.58%,7.98%,1.83%,4.02%,7.63%,4.81%,0.35%,7.09%,0.96%,13.06%,7.74%,5.31%,8.34%,4.20%,8.28%,6.23%,7.56%,5.13%,5.86%,8.22%,7.65%,6.30%,5.36%,7.24%,4.88%,7.09%,8.83%,6.94%,3.10%,3.30%,5.11%,6.34%,9.87%,9.13%,4.75%,7.00%,4.15%,9.26%,8.78%,3.23%
514,BTN,PPPGDP,Bhutan,24.23%,14.94%,11.55%,11.65%,7.54%,10.24%,23.23%,19.05%,10.50%,13.12%,8.40%,4.43%,5.65%,4.46%,8.22%,7.89%,7.31%,7.24%,8.66%,9.28%,9.43%,11.25%,11.32%,9.77%,9.98%,10.38%,15.89%,13.10%,6.61%,10.76%,12.18%,10.79%,5.16%,7.49%,12.26%,10.30%,9.13%,6.33%,6.14%,0.38%
218,BOL,PPPGDP,Bolivia,9.79%,1.99%,-0.28%,3.40%,1.43%,-0.61%,5.00%,6.53%,7.86%,8.56%,8.83%,3.96%,6.74%,6.90%,6.87%,6.27%,6.76%,6.21%,1.88%,4.80%,3.91%,4.11%,4.62%,6.98%,7.67%,7.97%,7.37%,8.21%,4.15%,5.34%,7.40%,10.20%,13.65%,8.18%,2.63%,6.70%,13.96%,6.73%,4.04%,-6.58%
963,BIH,PPPGDP,Bosnia and Herzegovina,,,,,,,,,,,,,,,,,24.97%,15.10%,12.35%,6.78%,4.61%,6.71%,5.79%,9.12%,7.48%,8.89%,8.83%,7.65%,-0.06%,1.94%,3.01%,1.67%,5.04%,1.94%,3.68%,7.42%,4.84%,6.23%,4.67%,-4.35%
616,BWA,PPPGDP,Botswana,18.38%,23.04%,15.14%,10.35%,11.13%,10.80%,17.72%,27.77%,8.78%,12.85%,9.83%,2.06%,6.49%,1.33%,9.28%,7.76%,9.89%,1.85%,11.26%,4.26%,2.45%,7.75%,6.56%,5.47%,7.82%,11.64%,11.19%,8.31%,-6.95%,9.83%,8.27%,-3.51%,9.44%,12.23%,-3.16%,13.07%,2.05%,6.99%,4.87%,-7.14%
223,BRA,PPPGDP,Brazil,4.64%,6.81%,0.38%,9.11%,11.31%,9.71%,6.16%,3.80%,7.25%,-0.58%,4.45%,1.80%,7.15%,7.58%,6.61%,4.08%,5.18%,1.47%,1.92%,6.72%,3.61%,4.68%,3.02%,8.61%,6.42%,7.11%,8.92%,7.14%,0.64%,8.78%,6.15%,0.94%,4.51%,1.70%,-5.41%,-2.51%,2.71%,4.23%,3.22%,-2.90%
516,BRN,PPPGDP,Brunei Darussalam,,,,,,-0.82%,2.79%,3.15%,6.22%,4.87%,6.63%,7.15%,2.68%,5.36%,6.66%,4.77%,0.23%,0.56%,4.54%,5.15%,5.00%,5.51%,4.81%,3.21%,3.51%,7.25%,-1.18%,-2.03%,-1.15%,3.94%,5.91%,6.55%,-3.76%,-1.60%,-22.18%,-8.93%,9.55%,2.45%,5.72%,2.43%
918,BGR,PPPGDP,Bulgaria,15.26%,10.64%,7.03%,8.37%,5.02%,7.42%,7.29%,6.01%,3.40%,-5.70%,-7.74%,-6.34%,-9.53%,-1.61%,0.46%,-6.36%,-12.71%,5.46%,-6.96%,7.13%,6.09%,7.63%,7.10%,9.31%,10.49%,10.03%,9.42%,8.15%,-2.64%,1.73%,4.49%,3.10%,1.53%,5.26%,3.82%,8.34%,6.40%,5.57%,5.55%,-2.68%
748,BFA,PPPGDP,Burkina Faso,12.39%,7.66%,2.67%,5.27%,14.81%,10.12%,2.24%,9.52%,6.17%,3.11%,12.77%,2.51%,5.92%,3.47%,7.94%,13.05%,8.15%,8.52%,8.88%,4.17%,8.95%,6.00%,9.81%,7.29%,12.05%,9.47%,6.91%,7.86%,3.75%,9.71%,8.85%,5.17%,7.08%,3.57%,4.27%,13.79%,11.62%,9.39%,7.58%,2.01%
618,BDI,PPPGDP,Burundi,22.72%,5.07%,7.79%,3.75%,15.33%,5.33%,8.13%,8.71%,5.33%,7.32%,9.36%,3.33%,-4.02%,-1.79%,-5.96%,-6.34%,2.17%,5.93%,2.60%,4.08%,3.89%,3.98%,4.37%,6.56%,7.62%,8.59%,6.24%,6.91%,4.60%,6.34%,6.21%,4.53%,10.70%,8.20%,11.79%,-2.26%,0.20%,4.06%,3.63%,-0.09%
624,CPV,PPPGDP,Cabo Verde,19.03%,8.92%,13.99%,7.49%,11.98%,4.98%,6.87%,9.76%,9.90%,4.41%,4.93%,5.37%,9.87%,9.13%,9.83%,8.59%,9.47%,9.66%,13.45%,9.73%,8.42%,6.94%,9.51%,7.75%,9.10%,12.43%,12.17%,8.71%,-0.51%,2.64%,6.17%,-1.24%,0.82%,0.51%,5.61%,6.74%,6.34%,7.03%,7.56%,-12.99%
522,KHM,PPPGDP,Cambodia,,,,,,,,13.47%,7.39%,4.91%,11.22%,9.51%,6.50%,10.50%,8.20%,7.84%,5.79%,5.86%,14.33%,12.03%,10.94%,8.26%,10.52%,13.31%,16.78%,14.13%,13.17%,8.77%,0.85%,7.20%,9.31%,11.66%,7.93%,6.32%,8.11%,10.16%,8.45%,10.11%,8.96%,-2.36%
622,CMR,PPPGDP,Cameroon,28.13%,14.20%,11.03%,11.35%,11.52%,8.94%,0.27%,-4.61%,2.08%,-2.65%,-0.51%,-0.84%,-0.87%,-0.41%,5.47%,6.83%,7.13%,6.08%,5.57%,5.87%,6.66%,5.89%,6.51%,9.66%,5.20%,6.59%,7.72%,5.50%,2.98%,4.63%,6.30%,5.79%,8.05%,8.99%,5.14%,7.25%,7.18%,6.56%,5.71%,-1.59%
156,CAN,PPPGDP,Canada,13.30%,2.79%,6.62%,9.73%,8.05%,4.20%,6.65%,8.09%,6.33%,3.91%,1.23%,3.20%,5.09%,6.73%,4.85%,3.48%,6.08%,5.07%,6.68%,7.53%,4.02%,4.65%,3.69%,5.86%,6.42%,5.74%,4.81%,2.97%,-2.19%,4.29%,5.30%,2.61%,5.86%,4.33%,-1.63%,5.23%,5.87%,4.89%,3.68%,-4.26%
626,CAF,PPPGDP,Central African Republic,23.63%,2.33%,-2.35%,13.91%,7.06%,9.29%,2.47%,5.36%,7.82%,5.18%,2.56%,-2.79%,1.14%,15.00%,5.31%,-4.44%,5.91%,4.50%,4.39%,-1.42%,4.86%,3.71%,-0.44%,2.60%,6.14%,7.92%,6.82%,4.61%,3.60%,5.86%,6.37%,9.25%,-32.81%,-2.10%,9.95%,9.22%,8.62%,6.32%,4.82%,1.20%
628,TCD,PPPGDP,Chad,-2.37%,11.84%,20.24%,9.05%,11.30%,8.10%,6.21%,11.34%,5.94%,7.05%,14.15%,4.73%,0.23%,7.75%,1.32%,3.99%,7.48%,8.15%,0.75%,1.33%,14.11%,10.21%,16.85%,37.22%,11.69%,3.69%,6.04%,5.07%,4.93%,14.92%,2.21%,-0.24%,-6.24%,10.59%,11.61%,-4.63%,-1.90%,4.76%,4.80%,0.31%
228,CHL,PPPGDP,Chile,16.26%,-8.25%,1.00%,9.71%,5.19%,7.72%,9.22%,11.07%,14.94%,7.55%,11.36%,13.67%,9.25%,7.30%,11.13%,8.83%,9.27%,5.53%,0.98%,7.69%,5.57%,4.73%,6.02%,10.09%,9.03%,9.53%,7.73%,5.58%,-0.84%,7.06%,8.34%,6.78%,5.39%,2.61%,0.75%,1.40%,5.69%,6.21%,2.82%,-4.70%
924,CHN,PPPGDP,China,15.04%,15.73%,15.14%,19.36%,17.09%,11.09%,14.46%,15.12%,8.29%,7.78%,12.07%,16.84%,16.72%,15.44%,13.34%,12.00%,11.05%,9.10%,9.51%,10.92%,10.75%,10.78%,12.18%,13.12%,14.80%,16.14%,17.15%,11.78%,10.17%,12.11%,11.75%,10.21%,7.53%,5.67%,3.95%,4.59%,5.95%,9.29%,7.71%,3.51%
233,COL,PPPGDP,Colombia,11.95%,7.19%,5.55%,7.08%,6.37%,7.95%,7.97%,7.73%,7.47%,8.18%,5.83%,6.73%,8.22%,7.39%,7.41%,3.92%,5.21%,1.70%,-2.82%,5.23%,3.91%,4.13%,5.85%,8.17%,7.97%,9.95%,9.61%,5.29%,1.91%,5.71%,9.18%,4.51%,6.86%,5.62%,0.86%,6.61%,4.17%,5.03%,5.12%,-5.72%
632,COM,PPPGDP,Comoros,15.53%,10.48%,7.30%,7.71%,6.32%,4.16%,4.75%,8.71%,3.01%,11.51%,-3.05%,9.90%,4.91%,-1.95%,7.82%,1.35%,6.19%,1.14%,4.18%,1.19%,7.82%,6.26%,3.84%,5.86%,9.11%,1.09%,3.55%,5.96%,4.01%,5.00%,6.31%,10.12%,7.54%,5.52%,2.13%,8.12%,8.34%,6.12%,3.70%,0.70%
636,COD,PPPGDP,Democratic Republic of the Congo,10.49%,5.70%,5.38%,8.63%,3.64%,6.83%,5.21%,4.01%,2.61%,-3.07%,-5.35%,-8.42%,-11.42%,-4.14%,4.92%,-0.14%,-6.25%,-2.79%,-2.42%,-6.08%,0.05%,4.58%,7.54%,9.61%,9.44%,8.51%,9.11%,8.29%,3.64%,8.36%,9.11%,3.49%,16.35%,16.58%,10.13%,9.98%,13.62%,8.36%,6.24%,1.15%
634,COG,PPPGDP,Republic of Congo,12.34%,8.72%,6.41%,6.08%,5.59%,4.39%,4.88%,26.19%,26.03%,4.78%,6.91%,6.55%,3.72%,0.70%,6.15%,5.39%,0.70%,10.18%,-2.29%,14.25%,-2.73%,2.58%,2.32%,2.49%,12.61%,11.25%,-4.11%,8.37%,12.49%,11.21%,4.34%,19.79%,-1.82%,0.14%,-19.81%,-15.59%,13.99%,-4.18%,1.15%,-6.70%
238,CRI,PPPGDP,Costa Rica,6.98%,-1.55%,6.89%,11.92%,3.91%,7.66%,7.36%,7.08%,9.81%,7.47%,5.72%,11.69%,9.64%,6.75%,6.34%,3.21%,7.30%,8.36%,5.72%,6.19%,5.76%,5.05%,6.25%,7.24%,7.22%,10.58%,11.12%,6.77%,-0.12%,6.59%,6.58%,6.98%,5.99%,8.28%,7.53%,9.64%,7.77%,4.51%,3.99%,-3.64%
662,CIV,PPPGDP,Côte d'Ivoire,13.29%,6.39%,1.32%,1.54%,6.88%,6.91%,1.96%,4.71%,6.99%,2.61%,3.42%,2.02%,2.19%,2.31%,7.79%,10.12%,7.54%,6.11%,3.09%,0.12%,2.32%,-0.11%,0.47%,3.96%,4.89%,4.59%,4.50%,4.54%,4.04%,3.21%,-2.87%,10.67%,10.41%,13.38%,10.38%,4.20%,4.83%,9.46%,8.13%,3.52%
960,HRV,PPPGDP,Croatia,,,,,,,,,,,,,-5.82%,8.16%,8.87%,7.81%,8.49%,3.01%,0.50%,6.07%,5.22%,7.35%,7.60%,6.96%,7.56%,8.17%,7.89%,3.88%,-6.62%,-0.17%,1.89%,1.44%,2.79%,0.69%,3.45%,7.34%,6.37%,5.28%,4.69%,-7.90%
423,CYP,PPPGDP,Cyprus,12.82%,12.83%,9.44%,12.75%,8.05%,5.67%,9.79%,12.12%,12.33%,11.42%,4.15%,11.86%,3.08%,8.16%,12.23%,3.10%,4.41%,7.31%,6.51%,8.33%,6.23%,5.36%,4.53%,7.85%,8.12%,7.88%,7.92%,5.66%,-1.27%,3.20%,2.50%,-2.97%,-4.80%,-2.06%,5.20%,12.74%,7.58%,7.77%,4.92%,-3.96%
935,CZE,PPPGDP,Czech Republic,,,,,,,,,,,,,,,,6.44%,1.20%,0.77%,2.85%,6.33%,5.30%,3.18%,5.51%,7.64%,9.92%,10.00%,8.41%,4.68%,-3.93%,3.63%,3.89%,1.01%,5.38%,5.58%,4.53%,6.65%,8.26%,5.68%,4.14%,-4.41%
128,DNK,PPPGDP,Denmark,8.74%,10.08%,6.61%,7.93%,7.29%,7.01%,2.73%,3.52%,4.59%,5.27%,4.83%,4.28%,2.38%,7.58%,5.19%,4.79%,5.04%,3.36%,4.43%,6.07%,3.03%,2.06%,2.25%,5.43%,5.53%,7.06%,3.62%,1.42%,-4.18%,3.05%,3.45%,1.28%,4.73%,3.04%,3.14%,6.77%,7.51%,4.63%,4.69%,-2.11%
611,DJI,PPPGDP,Djibouti,,,,,,,,,,,,2.84%,-4.52%,0.74%,-1.47%,-1.98%,0.51%,1.26%,4.35%,2.98%,4.05%,4.84%,5.14%,5.55%,6.31%,8.00%,7.82%,7.87%,2.40%,5.35%,9.55%,4.03%,5.50%,6.40%,9.07%,4.23%,5.77%,11.10%,9.41%,0.20%
321,DMA,PPPGDP,Dominica,21.77%,10.60%,6.59%,7.87%,4.69%,8.96%,9.13%,11.72%,3.75%,9.39%,4.62%,4.42%,4.53%,2.31%,5.08%,5.11%,3.84%,4.93%,1.88%,4.61%,2.20%,-1.29%,8.30%,5.85%,3.62%,7.90%,9.20%,9.20%,-0.43%,1.87%,1.83%,-2.35%,2.83%,7.58%,1.54%,7.31%,-4.70%,2.96%,9.58%,-9.40%
243,DOM,PPPGDP,Dominican Republic,14.14%,7.99%,8.72%,4.91%,0.97%,5.61%,12.84%,5.76%,8.49%,-1.92%,4.36%,13.75%,9.91%,4.79%,7.90%,7.92%,10.76%,7.92%,7.47%,7.00%,4.71%,6.15%,0.49%,5.33%,12.84%,12.48%,10.30%,5.22%,1.72%,9.60%,5.29%,1.47%,6.13%,9.21%,10.65%,10.52%,5.04%,9.55%,6.93%,-5.60%
248,ECU,PPPGDP,Ecuador,13.73%,7.45%,1.01%,7.96%,7.70%,5.17%,-3.65%,14.38%,4.21%,6.86%,8.67%,5.98%,4.42%,6.48%,4.40%,3.59%,6.13%,4.43%,-3.36%,3.35%,6.30%,5.74%,4.63%,11.12%,8.57%,7.56%,4.94%,8.43%,1.33%,4.73%,10.12%,6.18%,9.80%,6.65%,-4.03%,1.48%,7.17%,3.72%,1.80%,-6.38%
469,EGY,PPPGDP,Egypt,11.87%,13.93%,13.14%,11.92%,10.82%,6.87%,6.85%,7.66%,7.03%,6.18%,5.55%,2.59%,5.34%,6.41%,6.67%,6.80%,7.75%,8.75%,7.64%,7.74%,5.79%,4.82%,5.11%,6.89%,7.73%,10.08%,9.96%,9.24%,5.47%,6.37%,3.89%,11.36%,3.48%,-0.68%,8.02%,-0.67%,0.49%,7.84%,7.44%,4.83%
253,SLV,PPPGDP,El Salvador,3.19%,-0.52%,5.51%,4.99%,3.81%,2.20%,5.05%,5.47%,4.92%,8.76%,4.93%,9.46%,8.32%,6.93%,6.93%,2.66%,4.92%,3.81%,3.64%,3.38%,3.09%,3.18%,3.45%,3.60%,5.91%,7.50%,4.60%,4.12%,-1.34%,3.29%,5.98%,1.61%,5.61%,5.66%,5.54%,6.32%,5.70%,4.89%,4.21%,-7.47%
642,GNQ,PPPGDP,Equatorial Guinea,15.56%,8.65%,8.85%,4.88%,16.28%,-0.67%,7.38%,6.25%,2.35%,6.32%,2.16%,35.98%,13.23%,19.24%,29.11%,55.58%,152.22%,26.22%,28.26%,115.18%,63.54%,21.51%,16.58%,33.90%,11.58%,9.72%,18.38%,20.09%,2.12%,-7.86%,8.75%,14.52%,-3.41%,1.05%,-25.71%,-11.51%,14.47%,-4.11%,-3.88%,-4.64%
643,ERI,PPPGDP,Eritrea,,,,,,,,,,,,,15.57%,23.47%,4.46%,11.16%,9.75%,3.11%,1.64%,-10.40%,11.15%,4.63%,-0.86%,4.19%,5.78%,2.01%,4.16%,-17.88%,13.05%,12.15%,28.32%,3.85%,-8.88%,33.40%,-19.44%,8.13%,-8.65%,15.76%,5.68%,0.58%
939,EST,PPPGDP,Estonia,,,,,,,,,,,,,,0.46%,4.30%,6.86%,14.99%,5.51%,1.03%,12.57%,8.30%,8.49%,9.56%,9.64%,12.90%,13.04%,10.47%,-3.24%,-13.78%,3.89%,9.67%,5.31%,5.17%,5.12%,0.96%,7.44%,7.62%,6.86%,6.87%,-1.76%
734,SWZ,PPPGDP,Eswatini,17.01%,7.69%,3.38%,6.15%,5.15%,21.02%,12.70%,11.37%,13.70%,13.98%,5.18%,5.58%,5.54%,4.60%,7.02%,5.74%,4.88%,3.78%,4.42%,4.05%,3.26%,6.04%,5.81%,6.40%,9.31%,9.19%,7.24%,2.79%,2.34%,5.00%,4.39%,3.29%,6.09%,1.77%,0.99%,-0.31%,-2.49%,4.83%,4.08%,-2.17%
644,ETH,PPPGDP,Ethiopia,9.46%,7.20%,12.07%,1.22%,-8.61%,11.90%,16.69%,4.12%,3.45%,6.44%,-4.08%,-6.83%,16.05%,5.70%,8.34%,15.61%,4.61%,-3.11%,7.83%,12.29%,9.76%,3.21%,-0.28%,14.71%,16.11%,14.87%,14.80%,13.36%,10.84%,11.89%,13.73%,10.01%,8.80%,21.28%,12.55%,16.48%,10.50%,10.29%,10.98%,7.34%
819,FJI,PPPGDP,Fiji,16.01%,4.99%,-0.43%,14.07%,-0.72%,8.72%,-4.89%,7.12%,18.33%,9.77%,0.59%,8.53%,5.01%,7.35%,4.76%,6.72%,-0.73%,2.45%,10.27%,0.50%,4.14%,4.82%,2.67%,8.24%,1.78%,4.99%,1.77%,2.96%,-0.65%,4.20%,4.84%,7.17%,7.96%,9.95%,9.66%,2.21%,6.93%,6.31%,1.33%,-18.02%
172,FIN,PPPGDP,Finland,10.88%,9.46%,7.16%,6.94%,6.81%,4.79%,6.12%,8.92%,9.21%,3.96%,-2.70%,-1.09%,1.69%,6.18%,6.40%,5.57%,8.17%,6.64%,5.89%,8.14%,4.86%,3.32%,3.90%,6.79%,5.98%,7.18%,8.13%,2.74%,-7.37%,4.39%,4.69%,0.37%,1.99%,1.05%,2.14%,6.00%,6.14%,3.74%,3.08%,-1.72%
132,FRA,PPPGDP,France,10.63%,8.84%,5.21%,5.18%,4.84%,4.40%,5.10%,8.44%,8.43%,6.78%,4.47%,3.91%,1.73%,4.54%,4.25%,3.27%,4.10%,4.75%,4.91%,6.25%,4.22%,2.74%,2.70%,5.60%,4.83%,5.55%,5.18%,2.20%,-2.13%,3.14%,4.33%,1.13%,5.44%,2.05%,2.15%,5.32%,4.66%,4.31%,3.30%,-7.12%
646,GAB,PPPGDP,Gabon,5.08%,10.54%,5.99%,8.69%,9.14%,-0.13%,-13.30%,7.15%,19.96%,9.08%,9.70%,-0.88%,6.41%,5.93%,7.18%,5.52%,7.56%,4.64%,-7.62%,0.31%,4.39%,1.77%,3.59%,3.84%,2.30%,1.06%,9.19%,3.71%,-1.54%,7.51%,9.33%,1.99%,2.22%,5.43%,-1.13%,0.19%,8.03%,3.26%,5.80%,-0.57%
648,GMB,PPPGDP,The Gambia,-0.97%,28.13%,18.04%,-4.33%,6.93%,4.41%,5.34%,5.32%,8.39%,9.68%,5.62%,4.08%,6.30%,-1.34%,5.50%,4.78%,3.18%,7.70%,7.89%,7.91%,8.05%,-1.69%,8.84%,9.94%,0.69%,2.45%,5.80%,8.34%,7.46%,7.14%,-6.21%,2.34%,-0.60%,-1.51%,5.07%,3.13%,3.22%,9.81%,7.94%,1.21%
915,GEO,PPPGDP,Georgia,,,,,,,,,,,,,,,4.75%,12.52%,12.43%,4.27%,4.35%,4.12%,7.10%,7.14%,13.12%,8.65%,13.00%,12.73%,15.61%,4.41%,-2.92%,7.49%,9.60%,16.67%,7.67%,9.13%,4.60%,6.43%,5.70%,7.36%,6.88%,-4.96%
134,DEU,PPPGDP,Germany,9.58%,5.34%,5.53%,6.54%,5.42%,4.48%,3.98%,7.39%,7.99%,9.68%,8.56%,4.24%,1.37%,4.59%,3.67%,2.66%,3.54%,3.17%,3.36%,5.20%,3.92%,1.38%,1.14%,3.91%,3.86%,6.96%,5.75%,2.92%,-4.98%,5.40%,6.09%,2.11%,4.05%,4.92%,2.18%,7.06%,5.69%,3.70%,2.35%,-3.75%
652,GHA,PPPGDP,Ghana,5.33%,-2.38%,-2.54%,13.42%,9.91%,8.11%,9.33%,10.34%,8.62%,7.47%,8.35%,6.76%,7.23%,5.73%,6.40%,6.66%,7.65%,6.18%,6.04%,5.94%,6.08%,6.28%,7.05%,8.20%,9.52%,9.04%,6.92%,11.09%,6.35%,9.01%,16.58%,13.86%,5.65%,6.10%,-4.02%,-2.27%,4.47%,8.82%,8.38%,2.10%
174,GRC,PPPGDP,Greece,7.76%,4.98%,2.80%,5.69%,5.76%,2.54%,0.16%,7.97%,7.87%,3.74%,6.59%,2.99%,0.73%,4.18%,4.24%,4.75%,6.29%,5.06%,4.56%,6.24%,6.41%,5.57%,7.76%,7.89%,3.73%,8.85%,6.05%,1.60%,-3.57%,-4.43%,-8.27%,-3.48%,3.40%,1.99%,-0.34%,2.34%,3.89%,4.00%,3.68%,-7.14%
328,GRD,PPPGDP,Grenada,10.94%,10.80%,7.20%,7.91%,9.16%,9.73%,11.62%,6.58%,7.71%,8.35%,4.85%,1.26%,0.41%,4.13%,4.37%,6.27%,6.62%,13.09%,8.61%,7.38%,0.13%,5.08%,11.49%,1.95%,16.81%,-1.09%,9.02%,2.87%,-5.83%,0.61%,2.86%,1.10%,7.17%,10.42%,9.23%,6.83%,8.51%,6.67%,3.70%,-12.42%
258,GTM,PPPGDP,Guatemala,10.16%,2.42%,1.29%,4.14%,2.54%,2.12%,6.14%,7.55%,8.02%,6.96%,6.49%,6.98%,5.85%,5.71%,6.59%,4.68%,5.89%,5.78%,5.20%,4.79%,4.64%,5.89%,4.52%,5.74%,6.27%,8.77%,8.90%,5.68%,1.40%,4.00%,6.63%,5.52%,4.53%,6.01%,7.42%,2.01%,2.82%,5.69%,5.70%,-0.31%
656,GIN,PPPGDP,Guinea,10.13%,8.11%,5.27%,5.06%,8.31%,5.19%,5.86%,10.06%,8.09%,8.22%,5.96%,5.64%,7.54%,6.22%,6.88%,6.37%,6.99%,4.82%,5.31%,4.80%,5.93%,6.83%,3.13%,5.10%,6.21%,5.59%,9.38%,6.17%,-0.79%,5.44%,7.82%,1.78%,6.67%,2.13%,3.21%,17.31%,19.72%,8.73%,7.53%,6.50%
654,GNB,PPPGDP,Guinea-Bissau,8.86%,10.65%,0.38%,9.21%,7.75%,0.96%,8.23%,5.56%,6.93%,8.42%,10.99%,5.49%,4.69%,5.17%,6.12%,5.68%,7.85%,-21.61%,18.57%,3.30%,7.10%,5.29%,1.56%,3.90%,9.86%,5.80%,5.31%,6.58%,3.24%,6.82%,10.35%,-2.53%,3.42%,5.20%,21.51%,7.80%,16.55%,5.85%,6.36%,-1.23%
336,GUY,PPPGDP,Guyana,10.06%,-3.27%,-8.01%,5.79%,3.58%,1.73%,2.38%,-2.70%,-1.22%,0.64%,9.60%,10.24%,10.75%,10.80%,7.27%,9.92%,8.02%,-0.60%,4.46%,0.87%,4.51%,2.75%,1.18%,4.31%,1.11%,8.30%,9.90%,3.96%,4.11%,5.59%,7.63%,16.89%,5.74%,-0.12%,2.80%,1.40%,6.81%,6.94%,7.23%,45.13%
263,HTI,PPPGDP,Haiti,10.63%,3.21%,2.35%,3.82%,3.95%,2.29%,2.03%,4.10%,2.75%,3.28%,4.69%,-0.02%,-2.67%,-9.71%,12.19%,6.05%,4.47%,3.34%,4.19%,3.12%,1.85%,2.52%,5.28%,1.43%,6.84%,4.83%,8.40%,4.47%,7.12%,-2.68%,8.37%,-0.07%,5.49%,2.31%,1.60%,5.62%,-0.19%,4.11%,0.07%,-2.53%
268,HND,PPPGDP,Honduras,12.23%,4.70%,2.96%,8.11%,7.48%,2.75%,8.66%,8.29%,8.43%,3.84%,6.75%,8.03%,8.75%,0.80%,6.27%,5.47%,6.80%,4.06%,0.70%,9.69%,4.98%,5.40%,6.49%,9.09%,9.35%,9.79%,9.04%,6.26%,-1.69%,4.94%,6.00%,4.59%,4.60%,9.41%,10.23%,8.56%,9.90%,6.19%,4.48%,-6.88%
532,HKG,PPPGDP,Hong Kong SAR,19.52%,9.24%,10.17%,13.97%,3.90%,13.34%,16.20%,12.34%,6.29%,7.72%,9.28%,8.66%,8.72%,8.30%,4.52%,6.17%,6.91%,-4.82%,3.99%,10.07%,2.77%,3.26%,4.97%,11.63%,10.73%,10.27%,9.32%,4.11%,-1.72%,8.01%,7.00%,1.03%,3.20%,2.75%,3.85%,2.07%,5.38%,5.32%,0.51%,-5.00%
944,HUN,PPPGDP,Hungary,12.60%,9.20%,4.67%,6.36%,2.90%,3.58%,6.62%,3.46%,4.69%,0.12%,-8.91%,-0.86%,1.78%,5.15%,4.69%,1.91%,4.92%,5.07%,4.56%,6.81%,6.36%,6.40%,6.02%,7.64%,7.49%,7.18%,2.93%,3.02%,-5.99%,2.30%,4.07%,0.38%,5.28%,4.39%,4.21%,3.89%,6.61%,7.94%,6.45%,-3.81%
176,ISL,PPPGDP,Iceland,14.10%,8.47%,1.69%,7.90%,6.55%,8.41%,11.22%,3.44%,4.20%,4.95%,3.14%,-1.17%,3.72%,5.81%,2.23%,6.48%,7.59%,8.58%,5.52%,7.33%,6.30%,2.16%,4.04%,10.71%,9.43%,9.53%,11.36%,4.20%,-6.95%,-1.71%,3.97%,3.16%,6.73%,4.74%,8.11%,10.18%,7.41%,7.23%,4.40%,-5.52%
534,IND,PPPGDP,India,16.04%,9.87%,11.49%,7.57%,8.58%,6.89%,6.54%,13.49%,10.10%,9.48%,4.47%,7.89%,7.23%,8.94%,9.83%,9.52%,5.84%,7.38%,10.03%,6.30%,7.25%,5.55%,9.95%,10.75%,12.69%,12.57%,12.75%,5.91%,9.31%,11.54%,8.87%,9.52%,5.27%,4.69%,5.59%,8.03%,7.01%,9.09%,5.90%,-6.85%
536,IDN,PPPGDP,Indonesia,17.78%,8.56%,8.27%,11.46%,7.19%,9.35%,9.21%,10.75%,13.36%,13.08%,12.61%,8.95%,10.51%,9.84%,10.49%,9.79%,6.51%,-12.15%,2.25%,7.33%,5.92%,6.15%,6.73%,7.86%,8.98%,8.69%,9.20%,9.53%,5.50%,7.62%,8.39%,8.25%,5.04%,3.44%,0.97%,3.67%,5.44%,7.70%,6.89%,-0.88%
429,IRN,PPPGDP,Islamic Republic of Iran,0.09%,20.08%,18.23%,-6.63%,1.03%,-7.21%,5.52%,-6.30%,9.33%,22.50%,14.52%,4.43%,3.66%,0.61%,3.14%,8.16%,1.17%,3.06%,1.76%,9.26%,3.02%,12.00%,11.25%,7.18%,6.40%,8.18%,11.06%,2.20%,1.78%,7.03%,4.79%,-10.36%,-3.05%,1.03%,-9.63%,4.52%,5.19%,-3.77%,-5.12%,2.75%
433,IRQ,PPPGDP,Iraq,,,,,,,,,,,,,,,,,,,26.55%,-2.20%,-4.52%,-6.34%,85.16%,57.52%,4.84%,8.84%,4.63%,10.33%,4.17%,7.64%,9.79%,16.44%,6.52%,-4.69%,-24.74%,-6.11%,16.85%,3.25%,6.33%,-9.81%
178,IRL,PPPGDP,Ireland,12.21%,7.76%,3.16%,6.93%,5.17%,2.44%,6.21%,6.63%,9.75%,11.74%,5.08%,5.94%,4.74%,8.15%,11.89%,11.09%,12.66%,10.04%,11.59%,11.17%,7.92%,7.51%,5.63%,9.24%,9.06%,8.19%,8.13%,-2.67%,-4.29%,2.64%,2.61%,3.52%,3.91%,7.56%,36.69%,4.67%,11.03%,11.56%,7.81%,3.72%
436,ISR,PPPGDP,Israel,14.63%,7.69%,6.60%,5.90%,7.75%,5.64%,10.15%,7.22%,5.40%,10.62%,8.16%,9.60%,6.23%,9.30%,11.95%,7.01%,5.69%,5.36%,5.07%,11.33%,2.29%,1.42%,3.02%,7.61%,7.28%,8.96%,8.89%,5.22%,1.71%,6.79%,6.88%,5.89%,9.79%,2.28%,5.59%,8.68%,4.92%,5.97%,5.29%,-1.19%
136,ITA,PPPGDP,Italy,10.07%,6.34%,4.88%,6.73%,5.87%,4.78%,5.62%,7.70%,7.30%,5.80%,4.87%,3.02%,1.51%,4.25%,4.84%,3.12%,3.59%,2.96%,3.09%,6.11%,4.19%,1.84%,2.00%,4.15%,3.96%,4.87%,4.21%,0.96%,-4.56%,2.90%,2.81%,-0.04%,0.69%,0.59%,1.88%,7.98%,4.51%,3.37%,2.08%,-7.77%
343,JAM,PPPGDP,Jamaica,14.29%,9.45%,8.22%,4.60%,2.24%,9.16%,10.36%,-0.61%,8.80%,8.80%,4.24%,5.12%,4.64%,4.05%,4.67%,2.07%,0.06%,-0.10%,2.44%,3.03%,3.50%,2.26%,5.60%,4.05%,4.03%,6.01%,4.17%,1.11%,-2.68%,-0.29%,3.54%,0.91%,3.73%,1.79%,3.46%,5.12%,4.94%,4.27%,2.77%,-9.14%
158,JPN,PPPGDP,Japan,14.07%,9.70%,7.58%,8.27%,8.56%,5.41%,7.32%,10.55%,8.97%,8.82%,6.92%,3.15%,1.84%,3.03%,4.78%,5.02%,2.72%,-0.16%,1.11%,5.06%,2.59%,1.62%,3.42%,4.94%,4.97%,4.44%,4.21%,0.70%,-4.97%,5.31%,2.11%,3.68%,4.62%,0.26%,3.31%,-0.79%,1.72%,2.97%,2.06%,-3.68%
439,JOR,PPPGDP,Jordan,26.23%,11.74%,4.17%,9.39%,1.96%,7.59%,5.27%,5.69%,-7.87%,4.84%,5.91%,15.86%,5.58%,7.29%,8.67%,2.51%,6.07%,4.43%,4.31%,6.60%,7.15%,8.69%,5.84%,11.03%,11.79%,12.17%,10.90%,9.02%,5.82%,3.51%,4.88%,3.18%,6.83%,3.11%,7.11%,2.90%,8.47%,4.38%,3.78%,-0.79%
916,KAZ,PPPGDP,Kazakhstan,,,,,,,,,,,,,-7.05%,-10.71%,-6.28%,2.34%,3.45%,-0.80%,4.18%,12.25%,15.99%,11.54%,11.33%,12.55%,13.12%,14.05%,11.83%,5.31%,1.97%,8.55%,9.64%,7.53%,12.84%,2.40%,-4.69%,4.03%,5.81%,6.60%,6.37%,-1.42%
664,KEN,PPPGDP,Kenya,13.95%,11.55%,5.57%,5.27%,7.36%,9.13%,8.43%,9.83%,8.65%,8.03%,4.77%,1.18%,2.27%,4.72%,6.47%,6.05%,2.14%,4.14%,3.67%,2.59%,6.26%,2.07%,4.86%,7.45%,8.96%,9.06%,9.72%,2.18%,4.10%,9.67%,8.33%,6.59%,12.27%,12.01%,14.08%,10.78%,13.96%,8.87%,7.25%,1.08%
826,KIR,PPPGDP,Kiribati,9.26%,6.78%,1.59%,4.69%,-1.49%,3.03%,2.94%,14.29%,0.00%,2.50%,3.66%,3.53%,3.41%,4.40%,2.11%,2.06%,4.04%,7.77%,0.00%,8.11%,0.83%,5.79%,3.91%,0.75%,8.21%,3.45%,4.67%,0.00%,1.27%,0.00%,3.77%,6.67%,6.25%,1.07%,11.64%,6.16%,2.68%,6.52%,5.71%,0.77%
542,KOR,PPPGDP,Korea,17.39%,15.03%,17.82%,14.54%,11.25%,13.57%,15.51%,15.94%,11.27%,13.99%,14.52%,8.62%,9.41%,11.60%,11.91%,9.87%,8.00%,-4.06%,13.08%,11.50%,7.15%,9.43%,5.06%,8.03%,7.56%,8.45%,8.64%,5.02%,1.56%,8.05%,5.85%,3.65%,2.51%,3.80%,7.88%,4.79%,3.92%,5.38%,3.86%,0.24%
967,UVK,PPPGDP,Kosovo,,,,,,,,,,,,,,,,,,,,,13.50%,1.40%,7.69%,5.61%,7.07%,6.54%,11.21%,6.52%,4.39%,4.51%,6.56%,4.03%,4.50%,2.40%,4.47%,4.44%,5.45%,6.31%,6.81%,-4.86%
443,KWT,PPPGDP,Kuwait,-11.25%,-3.91%,9.38%,9.04%,-1.23%,10.75%,10.82%,-6.88%,30.83%,-23.47%,-39.01%,86.97%,38.33%,10.93%,3.80%,2.44%,4.26%,4.82%,-0.37%,7.03%,2.41%,4.64%,19.52%,13.74%,13.50%,10.77%,8.84%,4.47%,-6.37%,-1.23%,11.92%,11.82%,-0.59%,-6.03%,-29.97%,-2.40%,16.66%,3.68%,2.22%,-7.02%
917,KGZ,PPPGDP,Kyrgyz Republic,,,,,,,,,,,,,-10.95%,-18.09%,-3.45%,9.04%,11.81%,3.27%,5.16%,7.79%,7.63%,1.57%,9.02%,9.91%,2.93%,6.22%,11.46%,9.66%,3.67%,0.69%,8.17%,11.57%,13.98%,8.06%,0.48%,13.35%,9.91%,5.94%,6.33%,-6.86%
544,LAO,PPPGDP,Lao P.D.R.,26.27%,11.18%,7.06%,10.27%,12.55%,6.95%,1.50%,1.34%,14.21%,10.69%,7.51%,9.44%,8.38%,10.47%,9.29%,8.86%,8.75%,5.45%,5.54%,8.80%,7.08%,8.50%,8.15%,10.07%,10.27%,12.26%,10.75%,9.92%,8.20%,9.28%,10.24%,15.62%,10.89%,12.72%,6.62%,12.67%,7.67%,8.84%,6.52%,0.77%
941,LVA,PPPGDP,Latvia,,,,,,,,,,,,,-9.30%,4.38%,-0.03%,4.45%,10.74%,7.54%,4.22%,8.03%,8.65%,8.78%,10.45%,11.42%,14.17%,15.37%,12.98%,-1.45%,-13.60%,-3.29%,8.69%,6.36%,5.43%,3.36%,4.04%,5.99%,6.38%,6.52%,3.85%,-2.46%
446,LBN,PPPGDP,Lebanon,10.06%,-32.88%,27.51%,49.70%,28.23%,-4.90%,19.62%,-25.68%,-39.93%,-10.18%,42.87%,6.88%,9.53%,10.34%,8.73%,5.94%,12.09%,5.07%,0.63%,3.36%,6.18%,5.04%,3.59%,10.39%,5.95%,4.62%,12.25%,11.19%,11.07%,9.23%,2.98%,7.54%,7.91%,6.26%,4.60%,5.59%,4.90%,0.43%,-5.04%,-24.09%
666,LSO,PPPGDP,Lesotho,12.70%,12.13%,7.00%,8.09%,6.60%,6.19%,4.66%,11.51%,9.66%,9.11%,8.35%,8.61%,6.33%,6.73%,4.95%,6.85%,5.25%,2.56%,3.06%,7.23%,5.57%,3.17%,6.01%,5.16%,6.32%,7.57%,7.80%,5.78%,1.13%,6.32%,7.25%,2.28%,12.76%,9.60%,8.03%,-2.76%,-10.63%,1.35%,2.87%,-3.38%
668,LBR,PPPGDP,Liberia,,,,,,,,,,,,,,,,,,,,,5.01%,6.06%,-27.65%,6.79%,9.14%,11.78%,16.12%,8.19%,5.99%,7.58%,9.94%,11.19%,18.45%,4.81%,-5.15%,11.93%,15.06%,3.66%,-0.77%,-1.79%
672,LBY,PPPGDP,Libya,-12.47%,7.79%,-0.98%,-5.00%,3.79%,-9.57%,-12.59%,11.37%,11.40%,7.60%,19.57%,-0.49%,-1.48%,4.11%,-10.56%,4.51%,1.11%,0.74%,1.91%,6.00%,0.39%,0.61%,15.12%,7.27%,15.35%,9.72%,9.21%,-16.53%,-2.25%,4.38%,-65.96%,124.80%,-33.09%,-46.06%,-9.62%,5.28%,35.26%,20.71%,15.21%,-59.23%
946,LTU,PPPGDP,Lithuania,,,,,,,,,,,,,,,,7.17%,10.18%,8.68%,0.28%,6.02%,8.86%,8.44%,12.62%,9.44%,11.09%,10.66%,14.09%,4.61%,-14.19%,2.84%,8.25%,6.51%,7.08%,4.57%,1.38%,5.86%,7.87%,6.43%,6.20%,0.38%
137,LUX,PPPGDP,Luxembourg,10.33%,7.29%,5.87%,8.51%,8.94%,12.19%,6.52%,12.29%,14.11%,9.26%,12.33%,4.14%,6.67%,6.04%,3.56%,3.37%,7.76%,7.69%,9.99%,10.87%,4.78%,5.46%,3.52%,6.40%,6.39%,8.36%,11.27%,0.64%,-3.63%,6.09%,4.68%,2.00%,6.77%,8.50%,4.87%,8.97%,4.47%,5.59%,4.12%,-0.12%
546,MAC,PPPGDP,Macao SAR,,,,,,,,,,,,,,,,,,,,,,10.63%,13.72%,30.04%,11.44%,16.82%,17.55%,5.40%,2.05%,26.58%,24.16%,13.59%,17.30%,1.75%,-22.36%,0.56%,11.54%,9.02%,-0.89%,-55.78%
674,MDG,PPPGDP,Madagascar,-1.26%,4.15%,4.85%,5.43%,4.36%,4.01%,3.68%,7.05%,8.16%,6.99%,-3.14%,3.49%,4.52%,2.09%,3.81%,4.02%,5.48%,5.09%,6.21%,6.79%,8.31%,-11.02%,11.82%,8.09%,8.02%,8.59%,8.55%,8.79%,-3.25%,1.79%,3.70%,1.62%,3.06%,4.10%,2.14%,6.70%,1.30%,5.67%,6.27%,-3.08%
676,MWI,PPPGDP,Malawi,3.71%,8.84%,7.78%,9.15%,7.90%,1.79%,4.15%,6.79%,5.34%,9.63%,12.41%,-5.22%,12.31%,-8.41%,16.22%,11.99%,8.43%,2.19%,5.04%,3.03%,-1.97%,3.37%,7.67%,8.26%,6.48%,7.87%,12.55%,9.73%,9.16%,8.11%,7.05%,0.10%,10.29%,0.10%,-2.48%,4.01%,1.65%,5.65%,6.37%,1.82%
548,MYS,PPPGDP,Malaysia,17.06%,12.49%,10.41%,11.65%,2.26%,3.19%,8.00%,13.81%,13.34%,13.09%,13.25%,11.37%,12.50%,11.54%,12.13%,12.02%,9.18%,-6.32%,7.66%,11.10%,2.72%,7.06%,7.75%,9.66%,8.25%,8.78%,9.15%,6.87%,-0.76%,8.78%,7.49%,7.44%,3.55%,6.23%,0.72%,4.41%,5.79%,7.29%,6.16%,-4.44%
556,MDV,PPPGDP,Maldives,18.11%,14.29%,8.23%,21.69%,17.36%,10.85%,11.57%,12.60%,13.60%,-0.50%,10.53%,8.84%,7.92%,9.85%,9.58%,11.15%,12.27%,11.05%,8.74%,7.13%,5.71%,7.80%,27.72%,8.87%,-10.44%,29.96%,10.58%,11.62%,-6.52%,8.52%,10.84%,5.53%,12.91%,13.31%,9.64%,8.53%,8.27%,10.73%,8.90%,-31.43%
678,MLI,PPPGDP,Mali,4.50%,-6.10%,7.26%,6.13%,6.50%,8.24%,5.01%,3.58%,15.03%,13.40%,11.33%,0.68%,6.01%,6.03%,5.15%,9.24%,6.60%,4.09%,7.78%,2.17%,17.91%,4.74%,11.14%,4.29%,9.85%,7.83%,6.27%,6.81%,5.48%,6.64%,5.40%,-0.55%,5.81%,8.76%,9.29%,10.95%,5.76%,7.26%,6.63%,-0.79%
181,MLT,PPPGDP,Malta,12.45%,6.26%,6.62%,4.46%,5.61%,5.89%,8.33%,10.54%,11.33%,8.57%,9.47%,10.54%,6.42%,6.83%,9.12%,5.89%,6.66%,4.57%,5.27%,1.23%,1.00%,4.19%,6.01%,2.83%,6.61%,5.61%,7.58%,5.85%,-0.38%,6.77%,2.57%,5.32%,8.30%,8.48%,11.73%,8.74%,11.68%,7.70%,7.42%,-5.87%
867,MHL,PPPGDP,Marshall Islands,,,,,,,,,,,,,,,,,,0.97%,0.00%,3.85%,9.26%,5.08%,0.81%,2.40%,5.47%,2.22%,6.52%,-4.76%,3.57%,8.28%,1.27%,-0.63%,5.70%,1.20%,2.37%,2.31%,5.65%,5.35%,8.63%,-2.34%
682,MRT,PPPGDP,Mauritania,,,,,,,,,,,3.40%,4.08%,8.38%,-0.98%,12.12%,7.76%,-2.40%,3.94%,9.27%,-1.77%,1.38%,2.99%,8.92%,7.54%,11.96%,21.91%,0.67%,1.61%,0.86%,3.81%,6.34%,3.34%,9.84%,-6.39%,0.66%,15.15%,11.11%,4.57%,7.47%,-0.98%
684,MUS,PPPGDP,Mauritius,15.91%,12.03%,4.31%,8.57%,10.25%,11.95%,12.87%,10.55%,8.58%,11.19%,7.96%,8.95%,7.57%,6.35%,6.48%,7.53%,7.50%,7.28%,4.08%,10.62%,5.47%,3.23%,7.95%,7.11%,4.61%,7.67%,8.57%,7.44%,4.10%,5.59%,6.26%,2.14%,5.55%,3.67%,4.15%,7.72%,3.54%,6.25%,4.85%,-14.78%
273,MEX,PPPGDP,Mexico,18.79%,5.63%,0.29%,7.14%,5.42%,-1.13%,4.24%,4.86%,8.19%,9.11%,7.74%,5.90%,5.17%,7.18%,-4.33%,8.73%,8.69%,6.35%,4.24%,7.29%,1.78%,1.54%,3.33%,6.72%,5.49%,7.66%,5.04%,3.11%,-4.56%,6.34%,5.83%,5.31%,2.57%,5.27%,2.64%,6.85%,3.74%,4.65%,1.73%,-7.13%
868,FSM,PPPGDP,Micronesia,,,,,,,,,,,,,,,,-1.38%,-4.65%,3.90%,3.29%,7.27%,4.24%,2.03%,3.59%,-0.38%,5.02%,2.94%,0.71%,-0.35%,1.78%,3.50%,5.41%,0.00%,-1.92%,-0.65%,5.59%,2.18%,4.57%,2.62%,2.84%,-0.28%
921,MDA,PPPGDP,Moldova,,,,,,,,,,,,,1.14%,-29.43%,0.64%,-4.18%,3.35%,-5.45%,-2.00%,4.38%,8.43%,9.50%,8.58%,10.29%,10.85%,7.97%,5.77%,9.90%,-5.28%,8.35%,8.03%,6.49%,13.80%,5.25%,4.02%,13.34%,7.97%,6.50%,5.43%,-6.38%
948,MNG,PPPGDP,Mongolia,18.63%,15.05%,9.93%,9.73%,9.01%,11.62%,6.11%,8.86%,8.27%,1.16%,-6.14%,-7.18%,-0.89%,4.32%,8.60%,4.10%,5.70%,4.50%,4.56%,3.40%,6.93%,6.93%,9.35%,12.38%,9.83%,11.43%,11.68%,9.91%,-1.32%,8.57%,19.74%,17.00%,5.23%,6.92%,-0.68%,1.70%,7.28%,9.82%,7.04%,-4.19%
943,MNE,PPPGDP,Montenegro,,,,,,,,,,,,,,,,,,,,,3.31%,3.52%,4.41%,7.21%,7.44%,11.89%,9.66%,9.29%,-5.08%,3.90%,5.35%,-4.12%,7.36%,3.48%,6.34%,11.41%,8.29%,7.61%,5.90%,-14.18%
686,MAR,PPPGDP,Morocco,6.43%,16.39%,3.34%,8.10%,9.69%,10.48%,-0.13%,14.31%,6.38%,7.93%,10.84%,0.13%,1.61%,12.95%,-3.42%,14.43%,0.14%,8.44%,2.54%,4.19%,9.67%,4.75%,7.93%,7.62%,6.51%,10.83%,6.31%,7.98%,5.04%,5.03%,7.44%,1.26%,4.66%,-3.07%,7.76%,2.62%,4.15%,5.63%,4.31%,-5.89%
688,MOZ,PPPGDP,Mozambique,14.93%,-1.14%,-12.42%,-3.09%,4.17%,-0.33%,17.53%,12.03%,10.67%,4.78%,10.14%,-3.95%,13.21%,8.80%,4.41%,13.23%,13.22%,11.17%,13.31%,3.46%,14.54%,11.02%,8.91%,10.84%,9.96%,13.02%,10.62%,9.38%,7.12%,7.73%,9.65%,4.05%,7.72%,7.96%,16.62%,8.69%,-3.10%,5.93%,4.11%,0.71%
518,MMR,PPPGDP,Myanmar,,,,,,,,,,,,,,,,,,,10.00%,14.93%,14.94%,11.67%,15.30%,18.42%,17.10%,16.74%,15.52%,9.65%,5.18%,6.47%,7.67%,12.64%,7.50%,5.70%,3.16%,-1.13%,5.46%,8.96%,8.66%,4.44%
728,NAM,PPPGDP,Namibia,,,,,,,,,,,8.91%,11.76%,0.72%,5.20%,6.30%,5.09%,6.01%,4.46%,4.85%,5.81%,4.64%,8.37%,5.40%,9.50%,7.93%,7.10%,6.43%,4.65%,1.06%,7.28%,7.28%,7.66%,6.06%,9.44%,3.44%,-0.11%,-0.61%,3.52%,0.11%,-6.12%
836,NRU,PPPGDP,Nauru,,,,,,,,,,,,,,,,,,,,,,,,,2.86%,11.11%,-20.00%,25.00%,7.50%,13.95%,12.24%,12.73%,33.87%,28.92%,4.67%,4.46%,-4.27%,8.04%,3.31%,1.60%
558,NPL,PPPGDP,Nepal,18.60%,10.20%,0.82%,13.64%,9.50%,6.67%,4.21%,11.50%,8.42%,8.55%,9.96%,6.48%,6.31%,10.53%,5.64%,7.26%,7.08%,4.10%,5.99%,8.49%,7.94%,1.70%,5.87%,7.50%,6.70%,6.49%,6.19%,8.17%,5.33%,6.04%,5.58%,9.28%,7.57%,9.03%,2.07%,0.70%,20.87%,10.21%,8.56%,-0.69%
138,NLD,PPPGDP,Netherlands,8.90%,4.82%,5.74%,6.84%,5.90%,5.20%,4.37%,8.27%,8.58%,8.08%,5.92%,3.90%,3.66%,5.21%,4.93%,5.39%,6.13%,5.85%,6.55%,6.53%,4.57%,1.80%,2.02%,4.73%,5.23%,6.59%,6.56%,4.16%,-2.93%,2.52%,3.67%,1.82%,4.47%,0.34%,2.62%,4.49%,6.49%,4.82%,3.49%,-2.63%
196,NZL,PPPGDP,New Zealand,12.70%,9.23%,3.79%,10.71%,4.42%,3.86%,4.97%,4.10%,4.36%,3.74%,2.03%,3.00%,7.70%,7.83%,7.09%,5.97%,4.24%,1.43%,6.05%,6.63%,4.79%,6.39%,6.18%,7.61%,6.37%,6.02%,6.23%,1.79%,-0.47%,2.97%,3.95%,1.68%,9.22%,6.02%,1.99%,8.61%,6.52%,5.90%,4.26%,-1.81%
278,NIC,PPPGDP,Nicaragua,15.34%,5.31%,8.71%,1.99%,-1.06%,0.98%,1.75%,-9.32%,2.16%,3.62%,3.22%,2.69%,1.96%,7.23%,8.14%,8.29%,5.76%,4.88%,8.58%,6.43%,5.22%,2.35%,4.42%,8.15%,7.53%,6.95%,7.90%,5.45%,-2.56%,5.63%,8.54%,5.26%,5.51%,8.61%,8.53%,8.95%,6.80%,-1.65%,-2.16%,-1.82%
692,NER,PPPGDP,Niger,9.24%,8.51%,-0.10%,-13.81%,11.12%,8.47%,2.57%,10.65%,4.92%,2.38%,2.93%,4.34%,2.69%,4.03%,4.60%,1.93%,3.27%,11.22%,1.21%,1.00%,9.63%,6.58%,4.07%,3.07%,10.68%,9.13%,5.92%,9.83%,2.74%,9.84%,4.50%,12.75%,1.21%,5.23%,4.55%,4.21%,5.30%,9.78%,7.80%,2.43%
694,NGA,PPPGDP,Nigeria,,,,,,,,,,,2.81%,4.52%,3.98%,2.40%,4.01%,5.96%,4.66%,3.65%,1.97%,7.88%,9.01%,16.42%,11.54%,13.42%,10.34%,9.96%,10.20%,9.28%,9.18%,12.56%,7.08%,3.38%,7.34%,8.24%,1.18%,-0.96%,1.77%,4.37%,4.03%,-0.60%
962,MKD,PPPGDP,North Macedonia,,,,,,,,,,,,,-5.31%,0.30%,0.97%,3.05%,3.10%,4.54%,5.86%,6.88%,-0.95%,3.10%,4.12%,7.49%,7.98%,8.32%,9.33%,7.52%,0.40%,4.56%,4.48%,2.06%,6.97%,5.73%,3.54%,9.08%,3.47%,5.35%,5.02%,-3.38%
142,NOR,PPPGDP,Norway,11.21%,6.43%,8.04%,9.88%,8.89%,6.14%,4.27%,3.26%,5.00%,5.75%,6.57%,5.93%,5.28%,7.30%,6.34%,6.95%,7.10%,3.78%,3.49%,5.51%,4.31%,3.05%,2.78%,6.77%,5.82%,5.50%,5.76%,2.43%,-0.98%,1.88%,3.09%,6.67%,3.70%,-0.48%,-7.44%,-1.54%,7.66%,3.55%,2.65%,0.44%
449,OMN,PPPGDP,Oman,28.18%,18.39%,20.48%,18.02%,18.15%,4.20%,-1.62%,8.96%,7.02%,12.43%,9.63%,10.96%,8.66%,6.06%,7.03%,4.77%,8.01%,3.86%,1.78%,8.93%,6.77%,0.46%,-0.86%,4.02%,5.68%,8.56%,7.26%,10.31%,6.92%,3.14%,4.71%,10.20%,1.91%,-1.62%,-14.41%,-3.15%,4.73%,3.34%,0.95%,-5.23%
564,PAK,PPPGDP,Pakistan,16.26%,14.21%,10.97%,7.73%,12.15%,8.50%,8.43%,10.19%,8.92%,8.50%,8.68%,10.02%,4.52%,6.60%,7.26%,8.55%,3.46%,4.66%,5.69%,6.23%,4.20%,4.74%,6.67%,10.38%,12.35%,9.02%,8.37%,7.03%,1.13%,3.78%,5.79%,2.79%,4.28%,5.47%,5.35%,2.97%,5.83%,8.07%,3.73%,0.82%
565,PLW,PPPGDP,Palau,,,,,,,,,,,,,,,,,,,,,8.28%,5.29%,-1.12%,7.34%,7.37%,2.45%,3.83%,-3.69%,-5.26%,1.52%,6.97%,3.72%,0.00%,8.07%,5.81%,0.78%,-0.39%,8.59%,0.00%,-9.35%
283,PAN,PPPGDP,Panama,19.55%,11.86%,-0.76%,6.42%,8.26%,5.65%,0.62%,-10.32%,5.54%,12.14%,13.13%,10.67%,7.95%,5.05%,3.89%,9.34%,8.31%,8.54%,5.38%,5.04%,2.76%,3.86%,6.16%,10.40%,10.52%,11.82%,15.13%,11.99%,2.01%,7.06%,13.64%,12.28%,13.32%,11.92%,12.48%,11.81%,11.30%,6.09%,4.88%,-16.95%
853,PNG,PPPGDP,Papua New Guinea,10.75%,7.04%,7.50%,2.59%,6.85%,7.78%,5.30%,6.54%,2.44%,0.49%,13.28%,16.42%,16.02%,12.85%,-1.42%,8.55%,-4.72%,5.86%,3.33%,-0.32%,2.07%,1.42%,11.07%,3.28%,7.50%,5.64%,10.71%,1.64%,7.62%,11.41%,3.22%,6.66%,5.65%,15.64%,7.59%,6.60%,5.48%,2.12%,7.75%,-2.71%
288,PRY,PPPGDP,Paraguay,19.50%,4.69%,0.75%,6.53%,7.16%,2.28%,6.65%,9.62%,9.97%,8.02%,6.99%,4.01%,7.42%,7.57%,9.06%,3.43%,6.04%,1.19%,0.06%,-0.13%,1.34%,1.56%,6.26%,6.86%,5.31%,7.98%,8.25%,8.43%,0.50%,12.44%,6.43%,-3.15%,12.15%,4.47%,1.76%,6.27%,6.07%,5.84%,1.75%,0.30%
293,PER,PPPGDP,Peru,15.44%,5.84%,-5.78%,7.55%,5.32%,14.36%,10.40%,-6.23%,-10.03%,-1.54%,5.68%,1.73%,7.74%,14.71%,9.66%,4.68%,8.31%,0.73%,2.96%,4.99%,2.82%,7.12%,6.10%,7.78%,9.60%,10.78%,11.43%,11.27%,1.82%,9.71%,8.68%,4.22%,6.23%,3.26%,1.88%,6.19%,5.70%,6.46%,4.05%,-10.04%
566,PHL,PPPGDP,Philippines,13.21%,10.02%,5.86%,-3.98%,-4.38%,5.50%,6.89%,10.52%,10.37%,6.89%,2.93%,2.71%,4.60%,6.60%,6.82%,7.80%,7.00%,0.61%,4.84%,6.72%,5.31%,5.36%,7.04%,9.44%,8.21%,8.50%,9.38%,6.37%,2.22%,8.59%,6.03%,9.20%,6.84%,6.98%,4.89%,8.82%,6.95%,8.89%,7.93%,-8.42%
964,POL,PPPGDP,Poland,-1.48%,1.03%,9.74%,3.23%,7.15%,5.58%,4.83%,6.93%,7.88%,-3.70%,-3.86%,4.36%,6.76%,7.49%,8.97%,8.18%,8.93%,6.16%,6.03%,6.59%,3.42%,3.05%,5.42%,7.81%,6.73%,9.34%,9.94%,6.23%,3.62%,4.95%,6.95%,4.02%,3.40%,3.62%,5.40%,5.35%,6.51%,7.88%,6.41%,-1.54%
182,PRT,PPPGDP,Portugal,13.32%,8.48%,4.93%,2.53%,4.85%,5.40%,10.29%,9.05%,10.83%,11.90%,6.87%,5.48%,1.67%,3.66%,4.45%,5.40%,6.20%,5.99%,5.41%,6.14%,4.18%,2.37%,0.91%,4.53%,3.92%,4.70%,5.26%,2.27%,-2.38%,2.92%,0.36%,-1.64%,5.09%,2.33%,2.80%,6.19%,4.43%,5.32%,4.32%,-6.47%
453,QAT,PPPGDP,Qatar,5.20%,-2.54%,-1.62%,20.17%,-10.28%,5.79%,3.40%,8.39%,9.43%,-11.45%,1.81%,12.94%,1.46%,4.11%,2.46%,6.14%,29.95%,11.49%,5.27%,9.34%,6.79%,8.57%,5.92%,22.43%,11.15%,31.96%,21.37%,19.78%,13.92%,19.12%,13.63%,9.63%,3.84%,-1.73%,-24.85%,-7.52%,13.32%,3.67%,2.57%,-1.44%
968,ROU,PPPGDP,Romania,9.57%,10.32%,10.15%,9.82%,3.06%,4.46%,3.29%,3.01%,-2.11%,-2.08%,-9.98%,-6.69%,3.93%,6.15%,9.38%,5.85%,-4.43%,-3.75%,0.28%,5.22%,7.53%,7.38%,4.24%,13.40%,7.93%,11.30%,10.11%,11.43%,-4.80%,-2.78%,4.03%,4.97%,4.45%,4.04%,4.13%,11.65%,11.83%,6.98%,5.99%,-2.73%
922,RUS,PPPGDP,Russia,,,,,,,,,,,,,-6.54%,-10.84%,-2.09%,-1.84%,3.13%,-4.28%,7.89%,12.51%,7.40%,6.40%,9.34%,10.06%,9.69%,11.43%,11.45%,7.29%,-7.12%,5.72%,7.26%,6.78%,7.51%,0.58%,-6.31%,0.35%,7.92%,5.28%,3.85%,-1.88%
714,RWA,PPPGDP,Rwanda,12.17%,3.53%,10.19%,17.07%,7.68%,7.63%,2.17%,3.83%,-2.00%,4.15%,-1.05%,9.03%,-8.26%,-40.66%,27.17%,13.64%,16.88%,9.56%,4.80%,10.77%,10.86%,14.98%,4.12%,10.34%,12.79%,12.51%,10.55%,13.33%,7.05%,8.59%,10.20%,5.22%,6.22%,13.36%,8.51%,7.06%,7.20%,11.19%,11.35%,1.01%
862,WSM,PPPGDP,Samoa,0.00%,4.69%,4.48%,5.71%,9.01%,7.02%,3.09%,6.37%,10.21%,-3.19%,0.99%,6.54%,3.99%,8.85%,8.67%,9.23%,2.51%,2.23%,0.87%,7.34%,9.86%,7.33%,7.17%,5.89%,9.92%,5.20%,3.25%,5.54%,0.24%,3.69%,6.31%,-2.16%,1.32%,1.85%,5.35%,9.14%,2.98%,0.27%,5.41%,-1.97%
135,SMR,PPPGDP,San Marino,,,,,,,,,,,,,,,,,,8.70%,10.56%,4.49%,7.89%,1.86%,5.86%,7.38%,5.60%,6.98%,10.01%,1.52%,-9.45%,-4.71%,-6.62%,-4.69%,-0.46%,4.89%,1.37%,4.05%,2.96%,3.99%,4.17%,-8.62%
716,STP,PPPGDP,São Tomé and Príncipe,-1.45%,9.56%,-0.67%,-2.70%,13.19%,-4.29%,0.00%,5.13%,7.32%,1.70%,4.47%,3.21%,3.11%,4.52%,4.33%,3.23%,2.68%,3.91%,3.77%,2.82%,4.71%,3.75%,8.66%,6.64%,10.28%,12.43%,6.03%,10.43%,3.22%,7.90%,6.55%,0.72%,14.54%,17.08%,2.41%,3.27%,2.66%,5.55%,3.04%,-5.33%
456,SAU,PPPGDP,Saudi Arabia,11.59%,-15.83%,-12.76%,-1.22%,-6.94%,19.37%,-4.32%,17.10%,3.40%,19.50%,18.90%,6.36%,0.97%,2.71%,2.31%,4.52%,2.85%,4.05%,-2.37%,7.99%,0.96%,-1.28%,13.31%,10.87%,8.86%,5.90%,4.58%,8.32%,-1.31%,6.26%,12.29%,5.40%,0.46%,2.54%,-10.51%,-4.29%,6.11%,4.89%,2.12%,-2.99%
722,SEN,PPPGDP,Senegal,15.01%,14.50%,-1.62%,7.50%,6.55%,5.20%,8.71%,2.92%,8.05%,3.04%,6.02%,3.55%,3.71%,1.91%,8.32%,3.74%,4.49%,7.16%,7.51%,6.21%,6.60%,1.65%,7.56%,7.46%,7.56%,5.43%,5.59%,5.72%,3.54%,4.59%,3.45%,5.52%,2.95%,6.16%,7.96%,6.47%,7.12%,8.76%,6.27%,2.05%
942,SRB,PPPGDP,Serbia,,,,,,,,,,,,,,,,,,,,,7.30%,8.81%,6.35%,11.98%,13.59%,8.29%,9.30%,7.71%,-1.99%,1.91%,4.17%,0.87%,4.48%,-0.26%,1.29%,5.63%,4.27%,7.00%,6.11%,0.22%
718,SYC,PPPGDP,Seychelles,5.04%,4.11%,3.29%,7.96%,13.86%,2.85%,7.30%,9.15%,14.62%,11.44%,6.23%,9.51%,9.84%,-0.26%,2.51%,12.11%,14.14%,3.52%,3.40%,6.59%,-0.18%,2.83%,-4.13%,-0.27%,12.41%,12.72%,13.41%,-0.25%,-0.31%,7.17%,7.57%,3.93%,5.67%,8.50%,2.98%,8.10%,7.70%,3.78%,3.72%,-12.28%
724,SLE,PPPGDP,Sierra Leone,11.51%,8.06%,2.27%,5.37%,-3.80%,2.16%,4.90%,5.67%,9.05%,5.43%,-4.89%,-7.58%,2.42%,5.70%,-8.13%,-23.40%,-16.18%,0.28%,-6.80%,6.16%,20.73%,28.42%,11.37%,9.45%,7.77%,7.37%,10.97%,7.45%,3.98%,6.58%,8.53%,19.46%,27.07%,4.64%,-8.57%,7.25%,-0.54%,5.95%,7.39%,-1.06%
576,SGP,PPPGDP,Singapore,21.30%,13.72%,12.81%,12.72%,2.52%,3.38%,13.54%,15.19%,14.48%,13.93%,10.30%,9.07%,14.10%,13.47%,9.45%,9.44%,10.19%,-1.09%,7.25%,11.48%,1.10%,5.56%,6.48%,12.78%,10.70%,12.30%,11.95%,3.85%,0.88%,15.86%,8.56%,5.06%,2.79%,3.04%,4.25%,4.15%,6.73%,5.98%,3.15%,-4.24%
936,SVK,PPPGDP,Slovak Republic,,,,,,,,,,,,,,8.48%,10.13%,8.90%,6.25%,5.25%,1.34%,3.43%,5.52%,6.16%,7.46%,8.11%,9.94%,11.78%,13.81%,7.63%,-4.73%,7.10%,5.00%,3.57%,3.95%,3.65%,3.31%,-0.78%,4.39%,6.26%,4.14%,-4.05%
961,SVN,PPPGDP,Slovenia,,,,,,,,,,,,,5.24%,7.55%,6.28%,5.50%,6.86%,4.44%,6.85%,5.99%,5.48%,5.14%,4.87%,7.17%,7.03%,8.95%,9.85%,5.52%,-6.84%,2.53%,2.97%,0.60%,3.34%,3.09%,2.56%,7.34%,8.14%,6.89%,5.03%,-4.39%
813,SLB,PPPGDP,Solomon Islands,7.62%,4.17%,8.00%,4.07%,-0.36%,2.14%,10.84%,5.05%,8.11%,6.11%,9.69%,15.27%,6.42%,10.31%,12.52%,3.45%,0.76%,2.41%,1.03%,-12.35%,-5.97%,-1.23%,8.39%,9.56%,8.87%,8.01%,7.29%,7.87%,3.31%,9.84%,9.54%,3.82%,7.19%,2.88%,2.41%,6.97%,7.37%,6.40%,3.04%,-3.19%
726,SOM,PPPGDP,Somalia,,,,,,,,,,,,,,,,,,,,,,,,,,,,,,,,-22.50%,-11.23%,9.42%,15.02%,7.79%,3.48%,5.27%,4.74%,-0.31%
199,ZAF,PPPGDP,South Africa,15.33%,5.77%,2.00%,8.89%,1.91%,2.03%,4.63%,7.87%,6.41%,3.41%,2.33%,0.09%,3.63%,5.44%,5.28%,6.22%,4.42%,1.65%,3.84%,6.48%,4.99%,5.31%,4.86%,7.37%,8.56%,8.80%,8.19%,5.20%,-0.79%,4.24%,5.44%,0.64%,4.93%,2.17%,1.80%,1.80%,2.31%,3.21%,1.94%,-5.83%
733,SSD,PPPGDP,South Sudan,,,,,,,,,,,,,,,,,,,,,,,,,,,,,,,,-55.22%,21.54%,-1.37%,-6.97%,-22.26%,-11.07%,0.43%,2.67%,-5.45%
184,ESP,PPPGDP,Spain,9.01%,7.49%,5.63%,5.37%,5.60%,5.51%,8.32%,9.00%,9.12%,7.73%,5.99%,3.15%,1.02%,4.52%,6.31%,4.30%,5.66%,5.64%,6.26%,7.40%,6.22%,4.35%,4.90%,5.89%,6.89%,7.25%,6.39%,2.85%,-3.04%,1.33%,1.26%,-0.40%,1.92%,3.06%,4.06%,6.88%,6.40%,4.89%,3.77%,-9.88%
524,LKA,PPPGDP,Sri Lanka,15.31%,11.74%,7.36%,10.58%,8.28%,6.38%,3.96%,6.32%,6.26%,10.15%,14.57%,-0.93%,10.02%,10.34%,8.27%,14.22%,12.19%,-0.54%,4.37%,10.84%,0.20%,5.37%,7.91%,8.28%,9.55%,10.93%,9.67%,8.01%,4.33%,9.27%,10.67%,14.66%,6.03%,4.70%,3.62%,6.94%,4.11%,5.75%,4.08%,-2.40%
361,KNA,PPPGDP,St. Kitts and Nevis,12.59%,12.50%,1.75%,13.79%,9.60%,11.06%,10.79%,14.23%,10.16%,9.52%,5.71%,5.40%,8.05%,7.45%,5.67%,7.95%,9.02%,2.20%,5.45%,12.23%,7.54%,2.99%,-2.14%,6.83%,13.15%,6.29%,3.31%,8.16%,-3.32%,0.56%,3.97%,-4.80%,4.01%,9.06%,0.74%,5.06%,2.56%,5.38%,4.67%,-17.65%
362,LCA,PPPGDP,St. Lucia,15.09%,8.54%,8.15%,11.95%,16.01%,16.80%,6.51%,17.85%,13.23%,14.10%,3.70%,10.49%,2.95%,3.76%,3.88%,4.82%,1.03%,7.45%,4.16%,2.31%,-1.30%,2.01%,6.19%,10.12%,2.73%,9.40%,4.71%,6.92%,-1.11%,1.68%,6.99%,-0.69%,3.59%,2.51%,-1.10%,6.02%,5.13%,5.10%,3.52%,-17.87%
364,VCT,PPPGDP,St. Vincent and the Grenadines,13.53%,8.81%,7.62%,8.85%,7.72%,7.55%,3.16%,17.01%,7.27%,8.67%,5.74%,9.67%,6.02%,0.81%,9.05%,2.95%,5.56%,5.60%,3.54%,4.19%,3.87%,8.03%,9.69%,6.90%,5.66%,11.04%,6.08%,3.55%,-1.32%,-2.23%,1.64%,1.61%,4.50%,3.88%,3.25%,7.32%,-1.39%,4.61%,2.13%,-2.99%
732,SDN,PPPGDP,Sudan,16.38%,10.56%,2.35%,-2.22%,2.52%,12.14%,9.10%,7.97%,5.40%,4.61%,10.64%,7.95%,5.18%,5.73%,11.14%,7.40%,7.89%,9.46%,5.74%,10.81%,13.30%,7.62%,8.26%,7.97%,8.94%,9.76%,8.58%,5.87%,-2.03%,5.07%,-1.19%,-18.86%,3.30%,18.16%,1.45%,29.27%,-14.88%,0.05%,-0.80%,-2.46%
366,SUR,PPPGDP,Suriname,11.54%,-0.53%,-1.37%,0.49%,2.27%,-0.43%,-6.55%,14.67%,6.32%,2.18%,-10.88%,6.27%,0.12%,-5.02%,13.66%,13.23%,8.83%,3.36%,0.52%,2.15%,7.20%,5.38%,8.16%,10.20%,8.18%,8.96%,7.93%,6.18%,3.79%,6.40%,8.06%,10.27%,7.73%,3.77%,-5.90%,-10.70%,16.39%,5.04%,2.06%,-12.40%
144,SWE,PPPGDP,Sweden,14.43%,7.66%,6.05%,8.11%,5.56%,5.04%,5.86%,6.08%,6.68%,4.52%,2.24%,1.32%,0.50%,6.15%,6.11%,3.44%,4.85%,5.49%,5.75%,7.11%,3.67%,3.81%,4.21%,7.15%,6.06%,7.83%,6.22%,1.49%,-3.61%,7.19%,5.35%,2.60%,2.80%,2.90%,5.20%,3.96%,6.01%,4.40%,3.18%,-1.64%
146,CHE,PPPGDP,Switzerland,11.22%,4.65%,4.50%,6.94%,7.05%,3.84%,4.07%,6.81%,8.56%,7.58%,2.51%,2.05%,2.17%,3.44%,2.68%,2.40%,4.00%,4.19%,3.15%,6.40%,3.87%,1.61%,1.78%,5.39%,6.06%,7.30%,6.86%,4.65%,-1.30%,4.40%,4.04%,4.55%,5.05%,4.26%,4.16%,4.22%,3.17%,5.51%,2.92%,-1.81%
463,SYR,PPPGDP,Syria,18.72%,8.92%,5.58%,-3.12%,10.69%,-2.84%,3.76%,16.70%,-2.38%,14.49%,14.47%,15.83%,9.96%,7.79%,7.63%,4.85%,0.62%,6.74%,-1.72%,4.58%,5.95%,7.57%,-0.22%,9.78%,9.52%,8.22%,8.51%,6.51%,6.72%,4.64%,,,,,,,,,,
923,TJK,PPPGDP,Tajikistan,,,,,,,,,,,,,-9.00%,-19.72%,-10.65%,-2.63%,3.45%,6.49%,5.20%,10.72%,12.61%,10.84%,12.24%,13.58%,10.03%,10.24%,10.70%,10.00%,4.69%,7.74%,9.64%,12.70%,13.45%,12.45%,-8.48%,6.09%,2.09%,9.88%,9.42%,5.76%
738,TZA,PPPGDP,Tanzania,10.01%,6.81%,6.41%,7.13%,7.91%,8.75%,8.52%,8.08%,7.87%,11.05%,5.53%,2.88%,3.60%,3.74%,5.74%,6.46%,5.31%,4.88%,6.35%,7.28%,8.32%,8.86%,8.87%,10.73%,10.71%,7.83%,11.38%,7.62%,6.19%,7.60%,10.16%,-2.14%,7.72%,5.33%,7.86%,8.78%,5.07%,9.53%,8.88%,2.25%
578,THA,PPPGDP,Thailand,15.93%,11.86%,9.72%,9.58%,7.95%,7.66%,12.23%,17.28%,16.59%,15.80%,12.07%,11.72%,11.25%,10.30%,10.39%,7.59%,-1.08%,-6.59%,6.08%,6.79%,5.71%,7.83%,9.18%,9.15%,7.43%,8.14%,8.27%,3.70%,0.07%,8.77%,2.95%,10.52%,4.08%,0.90%,2.62%,5.41%,5.22%,6.69%,4.09%,-4.95%
537,TLS,PPPGDP,Timor-Leste,,,,,,,,,,,,,,,,,,,,,18.89%,-5.25%,-0.40%,3.10%,6.24%,-1.16%,13.13%,13.49%,10.86%,10.72%,8.01%,13.32%,8.94%,11.56%,9.05%,9.56%,2.46%,1.30%,20.85%,-6.87%
742,TGO,PPPGDP,Togo,5.70%,2.26%,-1.46%,9.71%,6.99%,5.36%,-0.08%,14.01%,8.19%,9.86%,2.77%,-1.00%,-14.34%,16.36%,22.20%,-2.10%,5.58%,-1.16%,4.03%,1.24%,3.03%,5.47%,8.70%,1.69%,-1.70%,5.75%,1.47%,6.08%,6.34%,7.34%,8.62%,4.13%,6.71%,6.91%,7.92%,6.30%,5.55%,7.49%,7.34%,1.92%
866,TON,PPPGDP,Tonga,23.88%,20.48%,10.00%,49.09%,8.54%,11.24%,4.04%,0.00%,5.34%,8.29%,9.79%,-1.94%,2.37%,4.25%,10.00%,2.02%,0.99%,3.59%,3.79%,6.08%,3.72%,6.08%,1.82%,0.77%,2.79%,0.74%,0.25%,6.60%,-4.36%,1.92%,8.94%,2.81%,2.10%,3.91%,2.18%,7.75%,5.22%,2.74%,2.50%,0.65%
369,TTO,PPPGDP,Trinidad and Tobago,14.47%,10.22%,-6.79%,-2.35%,-1.09%,-1.33%,-2.20%,-0.53%,3.05%,5.31%,6.61%,12.59%,1.69%,5.78%,5.98%,9.10%,9.37%,9.34%,9.59%,9.29%,5.98%,8.84%,15.99%,10.22%,9.19%,17.64%,7.06%,5.30%,-4.10%,4.67%,1.89%,-3.39%,0.65%,-0.57%,-7.21%,-3.17%,0.29%,2.47%,0.52%,-6.72%
744,TUN,PPPGDP,Tunisia,15.50%,5.66%,8.78%,9.55%,9.01%,0.53%,9.34%,3.60%,6.60%,11.08%,7.66%,10.47%,4.90%,5.84%,4.83%,8.81%,7.55%,6.14%,7.55%,6.63%,6.07%,2.93%,6.65%,9.10%,6.71%,8.43%,9.58%,6.26%,3.83%,4.72%,0.13%,2.48%,1.12%,3.12%,-1.24%,2.60%,3.08%,5.18%,2.78%,-7.69%
186,TUR,PPPGDP,Turkey,14.24%,9.82%,8.86%,10.68%,7.56%,9.09%,12.75%,5.72%,4.18%,13.34%,4.34%,8.40%,10.60%,-3.44%,9.44%,8.97%,9.38%,4.25%,-1.87%,9.32%,-3.68%,8.13%,7.73%,12.75%,12.39%,10.18%,7.87%,2.78%,-4.10%,9.69%,13.52%,6.64%,9.87%,9.20%,8.73%,4.61%,7.85%,5.43%,2.72%,3.03%
925,TKM,PPPGDP,Turkmenistan,,,,,,,,,,,,,-7.86%,-15.54%,-5.25%,-5.00%,-9.77%,7.91%,18.18%,21.23%,23.04%,17.60%,19.27%,17.78%,16.56%,14.33%,14.04%,16.98%,6.94%,10.43%,17.12%,8.68%,7.63%,7.87%,3.32%,3.02%,4.20%,8.75%,8.23%,2.00%
869,TUV,PPPGDP,Tuvalu,,,,,,,,,,,,,,,,,,,,,0.00%,9.09%,0.00%,0.00%,0.00%,8.33%,7.69%,10.71%,-6.45%,0.00%,10.34%,-3.13%,6.45%,3.03%,11.76%,5.26%,7.50%,4.65%,8.89%,2.04%
746,UGA,PPPGDP,Uganda,13.69%,14.89%,9.01%,0.51%,0.06%,2.98%,6.57%,12.11%,10.58%,10.48%,5.22%,8.26%,9.21%,10.00%,11.46%,8.55%,6.42%,7.27%,9.51%,6.27%,11.15%,8.75%,8.13%,8.65%,13.44%,10.29%,10.97%,12.58%,8.89%,8.74%,9.93%,-4.69%,3.92%,4.84%,0.73%,1.61%,4.19%,8.51%,9.97%,-0.92%
926,UKR,PPPGDP,Ukraine,,,,,,,,,,,,,-12.17%,-21.25%,-10.36%,-8.35%,-1.33%,-0.80%,1.24%,8.27%,11.19%,6.97%,11.53%,14.81%,6.31%,10.86%,11.11%,4.19%,-14.45%,5.31%,7.66%,4.61%,14.17%,-5.01%,-5.74%,9.24%,5.98%,5.89%,5.08%,-3.06%
466,ARE,PPPGDP,United Arab Emirates,18.24%,-1.45%,-1.54%,8.22%,0.56%,-17.64%,7.91%,0.81%,20.27%,28.19%,5.60%,5.44%,2.34%,9.65%,8.81%,7.27%,10.43%,1.93%,5.25%,14.84%,3.51%,4.10%,10.83%,12.53%,8.13%,13.16%,6.00%,5.22%,-4.51%,2.78%,9.16%,4.32%,2.47%,4.80%,-11.37%,-0.39%,6.44%,3.62%,3.49%,-4.78%
112,GBR,PPPGDP,United Kingdom,8.70%,8.27%,8.28%,5.93%,7.42%,5.23%,8.00%,9.46%,6.60%,4.50%,2.24%,2.69%,4.92%,6.06%,4.68%,4.37%,6.79%,4.87%,4.79%,5.82%,4.98%,3.80%,5.24%,5.04%,6.16%,5.80%,5.11%,1.66%,-3.38%,3.26%,3.39%,3.76%,4.96%,4.16%,3.94%,4.47%,4.71%,3.68%,3.25%,-8.83%
111,USA,PPPGDP,United States,12.24%,4.26%,8.68%,11.11%,7.46%,5.55%,6.02%,7.85%,7.74%,5.70%,3.27%,5.88%,5.19%,6.25%,4.84%,5.67%,6.25%,5.66%,6.27%,6.45%,3.21%,3.35%,4.77%,6.59%,6.74%,5.97%,4.61%,1.81%,-1.79%,3.76%,3.67%,4.21%,3.63%,4.42%,4.06%,2.78%,4.26%,5.47%,3.98%,-2.34%
298,URY,PPPGDP,Uruguay,11.54%,-3.74%,0.51%,2.48%,4.69%,11.05%,10.60%,5.05%,5.07%,4.05%,7.04%,10.39%,5.09%,9.57%,0.62%,7.51%,6.86%,5.45%,-1.56%,0.42%,-1.34%,-5.58%,4.23%,7.46%,10.13%,7.25%,9.40%,9.26%,5.04%,9.06%,7.36%,1.35%,5.48%,5.38%,0.96%,2.60%,2.85%,2.89%,2.12%,-4.56%
927,UZB,PPPGDP,Uzbekistan,,,,,,,,,,,,,0.02%,-3.18%,1.18%,6.41%,7.02%,5.47%,5.81%,6.12%,6.49%,5.65%,6.13%,10.29%,10.33%,10.75%,12.44%,11.12%,8.92%,8.54%,10.04%,5.62%,5.66%,5.40%,4.81%,3.51%,2.74%,7.98%,7.69%,2.88%
846,VUT,PPPGDP,Vanuatu,13.76%,8.06%,7.46%,13.19%,4.29%,1.76%,0.00%,1.73%,5.11%,16.22%,6.51%,4.80%,3.33%,11.29%,3.26%,4.21%,6.73%,2.21%,1.85%,8.18%,-1.40%,-3.69%,6.19%,6.94%,8.57%,11.72%,5.57%,7.71%,3.95%,2.36%,5.31%,2.86%,2.29%,5.11%,1.22%,5.86%,8.37%,5.37%,5.09%,-8.16%
299,VEN,PPPGDP,Venezuela,8.05%,8.99%,-6.32%,9.02%,4.06%,8.22%,7.39%,10.27%,-10.54%,10.45%,13.44%,8.48%,2.65%,-0.26%,6.13%,1.63%,8.21%,1.42%,-4.61%,6.00%,5.66%,-7.41%,-6.04%,21.47%,13.75%,13.20%,11.68%,7.33%,-2.46%,-0.34%,6.35%,7.65%,3.12%,-2.12%,-5.33%,-16.17%,-14.09%,-17.69%,-33.84%,-29.15%
582,VNM,PPPGDP,Vietnam,15.81%,14.83%,11.29%,12.31%,8.96%,5.44%,5.09%,8.81%,12.03%,8.98%,9.39%,11.18%,10.64%,11.16%,11.84%,11.34%,10.02%,6.96%,6.29%,9.17%,9.24%,8.77%,9.33%,10.69%,10.90%,10.22%,10.01%,7.72%,6.20%,7.66%,8.64%,11.04%,6.79%,8.83%,6.00%,10.08%,10.40%,9.65%,8.93%,4.15%
487,WBG,PPPGDP,West Bank and Gaza,,,,,,,,,,,,,,,9.37%,3.07%,16.65%,15.62%,9.84%,-6.50%,-7.33%,-11.11%,16.14%,25.21%,14.77%,2.00%,6.58%,9.52%,9.42%,7.01%,11.89%,19.85%,4.69%,10.10%,10.57%,8.30%,3.57%,3.66%,3.17%,-9.88%
474,YEM,PPPGDP,Yemen,,,,,,,,,,,9.89%,10.67%,6.47%,9.00%,7.89%,6.55%,7.05%,7.20%,5.28%,8.55%,6.08%,5.58%,5.67%,6.77%,8.88%,6.29%,6.11%,5.66%,4.66%,8.96%,-10.89%,-0.51%,8.56%,1.66%,-27.31%,-8.42%,-3.29%,3.17%,3.92%,-3.85%
754,ZMB,PPPGDP,Zambia,16.73%,3.08%,2.73%,1.82%,4.44%,3.75%,4.00%,13.13%,0.12%,3.14%,2.70%,4.38%,2.29%,-11.46%,5.06%,8.16%,5.60%,0.74%,6.16%,6.22%,7.63%,6.16%,8.93%,9.91%,10.58%,11.17%,11.26%,9.87%,10.05%,11.58%,7.77%,6.22%,7.90%,2.03%,-0.06%,2.27%,5.43%,6.53%,3.25%,-2.33%
698,ZWE,PPPGDP,Zimbabwe,,,,,,,,,,,,,,,,,,,0.32%,-2.09%,1.73%,-6.24%,-14.67%,-3.74%,-4.53%,-0.64%,-0.81%,-14.70%,8.22%,21.08%,16.58%,14.98%,9.71%,3.83%,4.28%,3.81%,11.43%,5.98%,-5.75%,-6.89%
