ISO,Country,1980,1981,1982,1983,1984,1985,1986,1987,1988,1989,1990,1991,1992,1993,1994,1995,1996,1997,1998,1999,2000,2001,2002,2003,2004,2005,2006,2007,2008,2009,2010,2011,2012,2013,2014,2015,2016,2017,2018,2019,2020
AFG,Afghanistan,,,,,,,,,,,,,,,,,,,,,,,7.81%,11.38%,11.65%,15.21%,16.79%,16.41%,18.94%,17.31%,20.35%,25.01%,17.34%,14.52%,13.55%,12.35%,11.85%,11.40%,11.77%,11.85%,11.67%
ALB,Albania,10.53%,8.99%,8.39%,6.61%,5.69%,5.59%,6.22%,5.34%,6.42%,6.62%,6.46%,7.62%,9.79%,10.27%,9.89%,11.97%,14.01%,10.43%,10.04%,10.11%,10.38%,10.54%,10.82%,12.70%,14.61%,14.50%,15.44%,19.41%,22.14%,18.82%,19.52%,21.67%,20.80%,22.15%,22.21%,18.19%,18.91%,19.88%,21.44%,20.47%,19.77%
DZA,Algeria,26.54%,24.96%,20.65%,18.28%,16.56%,14.47%,10.55%,10.30%,10.38%,10.62%,12.82%,11.63%,10.21%,9.68%,9.69%,10.26%,10.00%,10.53%,8.85%,9.06%,12.19%,11.81%,11.46%,12.89%,15.65%,18.40%,20.70%,22.02%,28.57%,18.72%,20.70%,23.60%,24.58%,23.78%,23.19%,17.64%,16.57%,16.81%,18.30%,15.47%,11.92%
AGO,Angola,25.45%,26.00%,19.06%,20.33%,21.13%,24.10%,16.63%,20.56%,21.32%,22.91%,29.02%,22.62%,24.23%,15.22%,13.62%,14.56%,16.20%,15.22%,11.90%,13.47%,19.03%,17.45%,16.66%,19.93%,25.86%,33.03%,40.65%,44.59%,62.90%,40.61%,45.38%,52.24%,51.87%,48.20%,42.71%,27.57%,19.51%,21.55%,24.63%,21.14%,14.65%
ATG,Antigua and Barbuda,13.58%,8.78%,12.58%,10.21%,10.50%,12.40%,15.36%,17.17%,29.91%,31.16%,25.43%,27.03%,22.92%,20.72%,39.50%,35.68%,36.99%,34.83%,37.05%,65.51%,131.34%,69.82%,109.01%,75.87%,54.41%,72.46%,76.94%,96.19%,104.58%,86.84%,114.95%,123.02%,127.97%,115.88%,113.97%,110.28%,69.88%,71.14%,73.57%,71.35%,63.50%
ARG,Argentina,10.18%,10.77%,7.56%,7.15%,6.77%,6.75%,6.03%,6.13%,6.85%,7.24%,7.97%,8.68%,9.13%,9.27%,10.45%,11.64%,12.77%,13.46%,12.91%,11.24%,11.52%,11.01%,9.33%,10.77%,12.48%,13.17%,13.64%,15.65%,18.52%,14.49%,16.96%,19.17%,18.00%,17.71%,15.76%,13.47%,12.68%,12.04%,12.01%,11.04%,10.96%
ARM,Armenia,,,,,,,,,,,,,1.21%,7.37%,11.67%,13.18%,12.29%,11.74%,9.82%,7.94%,9.85%,8.86%,10.84%,11.79%,12.86%,14.56%,13.45%,15.57%,15.64%,12.28%,14.24%,15.77%,15.92%,16.20%,16.67%,13.85%,13.60%,14.67%,16.12%,16.74%,16.42%
ABW,Aruba,,,,,,,0.30%,0.08%,7.63%,16.14%,23.65%,34.36%,45.65%,53.50%,48.93%,49.23%,66.53%,69.74%,55.80%,55.12%,85.28%,60.88%,63.41%,89.69%,149.39%,195.06%,197.55%,192.15%,236.35%,111.11%,48.82%,228.42%,138.46%,116.54%,124.99%,80.47%,53.87%,54.70%,38.75%,36.27%,37.73%
AUS,Australia,27.28%,26.81%,25.28%,22.05%,22.61%,21.43%,20.45%,21.24%,24.17%,25.65%,24.65%,24.08%,24.06%,22.83%,24.73%,26.27%,27.09%,26.39%,23.42%,22.67%,23.77%,21.88%,22.01%,23.90%,27.84%,30.77%,33.31%,36.28%,43.94%,35.26%,42.92%,50.79%,50.53%,44.25%,42.02%,35.35%,32.72%,37.06%,37.70%,36.48%,34.27%
AUT,Austria,45.50%,39.96%,34.88%,33.18%,32.20%,32.94%,40.68%,47.64%,52.33%,50.80%,56.92%,54.97%,56.33%,51.22%,53.24%,57.04%,55.67%,52.37%,53.53%,52.19%,50.72%,50.11%,52.56%,63.06%,73.10%,74.51%,80.93%,90.30%,96.37%,77.24%,84.73%,95.04%,85.75%,85.66%,84.66%,71.41%,67.01%,71.24%,74.87%,70.57%,69.22%
AZE,Azerbaijan,,,,,,,,,,,,,1.38%,4.82%,8.22%,8.23%,10.20%,10.59%,8.54%,7.16%,9.22%,8.72%,9.70%,11.88%,15.56%,16.20%,20.44%,22.31%,30.95%,20.70%,24.25%,33.05%,29.26%,28.78%,26.34%,20.17%,14.91%,18.97%,21.85%,20.37%,15.84%
BHS,The Bahamas,192.35%,149.62%,101.63%,103.75%,102.58%,84.81%,59.00%,53.47%,48.74%,54.19%,60.82%,56.95%,73.78%,73.59%,54.10%,44.17%,64.52%,44.99%,43.28%,47.84%,56.97%,48.26%,74.43%,73.02%,70.40%,105.45%,111.16%,113.52%,137.85%,118.51%,129.23%,132.98%,121.47%,115.75%,128.95%,99.55%,71.67%,77.29%,78.79%,81.27%,52.48%
BHR,Bahrain,75.69%,84.17%,62.48%,45.31%,39.17%,34.56%,29.08%,32.74%,29.54%,34.01%,38.59%,35.86%,34.32%,31.86%,30.89%,29.95%,31.66%,30.58%,26.48%,23.89%,32.97%,30.30%,29.06%,32.49%,35.93%,42.29%,45.59%,44.69%,57.88%,34.44%,43.41%,52.11%,55.25%,50.66%,51.46%,40.20%,33.93%,36.78%,44.95%,42.79%,36.53%
BGD,Bangladesh,7.24%,5.87%,5.30%,4.52%,5.51%,5.11%,4.87%,5.53%,5.47%,5.77%,5.79%,5.18%,5.60%,5.67%,6.41%,7.81%,7.50%,7.62%,7.44%,7.00%,7.91%,7.49%,6.90%,7.57%,8.40%,8.44%,9.26%,9.36%,10.67%,9.76%,11.91%,13.93%,12.38%,12.86%,13.25%,12.65%,12.03%,12.19%,12.41%,11.47%,9.91%
BRB,Barbados,41.60%,42.84%,41.85%,45.34%,47.10%,37.55%,30.29%,26.09%,26.40%,27.55%,27.60%,27.01%,22.08%,24.20%,24.14%,31.60%,40.55%,40.22%,33.87%,34.90%,32.64%,37.59%,35.50%,37.68%,39.84%,46.61%,41.22%,38.88%,48.36%,33.87%,46.68%,56.72%,40.25%,52.72%,51.44%,41.90%,36.81%,43.04%,41.93%,36.35%,43.82%
BLR,Belarus,,,,,,,,,,,,,1.57%,5.16%,20.41%,25.95%,26.58%,31.79%,27.39%,21.01%,23.85%,7.27%,22.40%,26.74%,11.69%,27.06%,20.95%,39.86%,47.04%,14.48%,16.53%,31.66%,41.32%,35.31%,33.89%,25.87%,24.93%,29.53%,32.41%,31.24%,29.01%
BEL,Belgium,,,,,,,,,,,,,,,,,,31.90%,32.38%,109.18%,109.25%,105.40%,112.92%,131.72%,150.17%,157.93%,168.09%,184.46%,202.93%,157.53%,168.42%,191.96%,174.81%,173.43%,170.50%,139.24%,130.48%,133.76%,141.66%,130.88%,126.71%
BLZ,Belize,119.03%,102.99%,96.29%,64.17%,73.15%,64.31%,61.76%,57.45%,73.81%,66.38%,55.93%,48.85%,48.22%,47.14%,47.32%,52.80%,58.76%,58.14%,53.50%,59.91%,55.31%,48.01%,41.35%,45.60%,42.82%,51.57%,47.27%,50.46%,58.76%,45.78%,47.02%,59.74%,77.83%,72.30%,64.70%,55.39%,54.98%,58.27%,54.56%,48.10%,49.98%
BEN,Benin,17.16%,18.77%,20.03%,10.67%,9.37%,11.43%,11.04%,10.83%,10.08%,7.18%,8.22%,8.82%,9.68%,10.65%,8.66%,12.02%,12.35%,12.53%,11.93%,11.82%,12.83%,14.47%,13.36%,14.96%,15.60%,19.43%,23.65%,29.58%,37.31%,31.34%,38.81%,55.55%,36.85%,38.59%,39.64%,27.67%,20.29%,22.10%,20.02%,17.52%,13.31%
BTN,Bhutan,,,,,,,,0.00%,3.80%,0.80%,11.43%,15.93%,5.07%,3.26%,3.07%,4.76%,3.67%,4.35%,2.94%,3.57%,3.67%,3.84%,5.19%,8.30%,13.46%,10.76%,11.37%,12.62%,10.27%,8.65%,11.23%,11.94%,10.35%,10.10%,9.96%,13.46%,10.41%,9.35%,13.33%,12.36%,11.20%
BOL,Bolivia,16.21%,15.86%,10.70%,10.62%,11.41%,9.58%,9.75%,9.89%,8.97%,8.95%,10.88%,9.68%,10.35%,10.02%,10.64%,14.75%,12.19%,13.61%,13.58%,9.76%,8.61%,8.17%,8.34%,9.64%,11.52%,13.39%,15.89%,17.41%,23.24%,17.37%,21.33%,26.24%,28.51%,27.74%,27.91%,20.70%,17.53%,16.58%,15.85%,14.90%,13.20%
BIH,Bosnia and Herzegovina,,,,,,,,,,,,,,,,,17.26%,18.25%,17.55%,16.53%,18.21%,18.42%,20.80%,25.01%,28.17%,27.98%,32.78%,37.72%,43.46%,31.04%,33.85%,40.18%,36.89%,37.44%,39.16%,31.89%,30.97%,33.66%,35.29%,31.94%,30.85%
BWA,Botswana,10.50%,14.65%,8.43%,9.07%,8.27%,6.02%,5.85%,6.26%,6.96%,7.02%,7.88%,7.31%,6.37%,5.66%,6.01%,5.94%,7.44%,7.44%,5.66%,6.42%,7.12%,11.37%,12.04%,14.18%,18.93%,21.95%,17.09%,12.63%,11.54%,9.57%,29.98%,42.03%,47.11%,47.40%,40.01%,34.18%,34.64%,33.94%,29.05%,26.19%,24.82%
BRA,Brazil,6.77%,7.40%,6.57%,5.95%,6.09%,5.43%,4.75%,5.03%,5.64%,5.62%,5.73%,5.55%,5.70%,5.69%,6.48%,7.62%,7.56%,8.11%,7.72%,6.87%,7.49%,7.43%,6.78%,7.51%,9.01%,10.11%,11.12%,12.51%,15.45%,11.67%,14.40%,16.96%,16.58%,15.53%,14.78%,12.52%,11.73%,13.30%,14.06%,13.34%,12.73%
BRN,Brunei Darussalam,,,,,,26.81%,22.89%,23.13%,23.00%,23.70%,26.35%,26.83%,27.32%,27.89%,27.65%,27.88%,33.72%,30.25%,19.17%,16.39%,21.77%,19.49%,20.00%,21.43%,22.56%,26.22%,29.97%,31.60%,44.65%,31.16%,38.15%,55.60%,53.70%,56.00%,50.30%,45.80%,34.36%,31.50%,41.17%,40.35%,37.78%
BGR,Bulgaria,13.02%,11.65%,9.08%,8.43%,7.45%,9.14%,8.62%,9.01%,9.61%,8.38%,6.17%,5.87%,9.91%,10.23%,11.86%,15.77%,14.69%,16.80%,15.89%,17.18%,18.49%,18.76%,19.15%,23.14%,29.06%,31.56%,38.69%,41.75%,49.42%,33.98%,39.93%,49.42%,48.54%,49.56%,48.52%,40.80%,39.10%,43.24%,44.28%,41.77%,40.17%
BFA,Burkina Faso,15.22%,13.04%,11.54%,10.33%,8.98%,8.25%,10.43%,10.55%,11.35%,9.62%,11.38%,10.15%,16.11%,7.86%,6.13%,7.53%,7.73%,7.61%,9.81%,6.73%,5.58%,5.19%,6.24%,6.86%,7.98%,7.37%,9.86%,9.18%,9.31%,9.58%,8.77%,12.13%,17.03%,17.99%,16.86%,13.65%,12.82%,14.62%,14.01%,13.66%,15.76%
BDI,Burundi,18.77%,16.34%,19.49%,13.68%,14.79%,11.79%,13.94%,12.74%,12.63%,10.73%,10.12%,8.56%,8.54%,8.84%,9.36%,13.59%,7.52%,5.66%,5.27%,5.69%,4.87%,4.40%,3.85%,4.62%,6.00%,7.88%,7.22%,8.29%,7.13%,7.86%,8.88%,9.52%,11.79%,11.13%,10.51%,8.08%,7.53%,7.61%,8.52%,9.01%,9.97%
CPV,Cabo Verde,49.47%,38.57%,35.63%,31.38%,25.20%,25.97%,22.49%,25.86%,21.52%,21.29%,23.58%,23.37%,27.95%,25.92%,27.48%,29.45%,35.26%,13.53%,23.06%,23.39%,20.31%,17.65%,20.33%,20.25%,22.68%,22.90%,27.09%,28.74%,32.90%,26.43%,30.07%,34.63%,27.17%,30.57%,30.12%,33.93%,27.77%,23.26%,24.06%,24.95%,25.48%
KHM,Cambodia,,,,,,,,0.70%,0.84%,1.36%,1.79%,1.98%,13.37%,16.64%,16.88%,21.65%,19.87%,21.84%,21.79%,24.44%,26.86%,26.41%,27.60%,28.92%,31.31%,31.01%,34.49%,35.32%,38.30%,33.56%,44.46%,49.66%,53.98%,55.99%,57.32%,57.32%,55.95%,59.49%,67.02%,69.95%,68.10%
CMR,Cameroon,32.30%,26.62%,23.69%,19.14%,20.22%,19.22%,15.62%,15.56%,13.54%,14.48%,17.28%,14.43%,13.93%,11.90%,12.45%,15.09%,14.78%,14.94%,13.35%,11.89%,13.38%,12.55%,11.19%,13.75%,14.40%,15.10%,17.69%,18.14%,19.80%,14.46%,17.15%,20.27%,20.21%,19.53%,18.76%,14.63%,11.87%,11.71%,12.49%,12.10%,11.97%
CAN,Canada,40.34%,39.64%,35.15%,35.76%,39.33%,37.24%,35.73%,38.81%,41.90%,42.93%,43.40%,43.39%,44.20%,45.19%,48.37%,52.23%,52.81%,54.46%,52.49%,53.23%,56.19%,51.26%,48.28%,49.87%,53.78%,57.36%,58.86%,60.71%,64.09%,48.63%,56.79%,62.13%,62.04%,59.28%,57.78%,51.53%,46.65%,47.61%,48.86%,47.14%,43.09%
CAF,Central African Republic,22.13%,16.89%,14.33%,14.57%,14.58%,14.83%,15.18%,11.56%,12.84%,14.64%,23.25%,20.65%,16.50%,7.75%,10.57%,14.00%,13.97%,12.00%,14.37%,13.13%,12.27%,9.88%,9.72%,7.90%,8.67%,8.21%,8.93%,9.75%,12.49%,8.51%,13.02%,19.55%,10.72%,16.77%,12.11%,22.31%,10.20%,9.33%,9.75%,9.53%,9.31%
TCD,Chad,5.88%,7.11%,4.90%,8.07%,7.39%,6.15%,4.74%,5.07%,5.18%,5.87%,5.83%,5.27%,4.13%,3.44%,3.36%,4.91%,4.97%,4.27%,4.37%,3.44%,3.15%,5.15%,5.49%,4.04%,12.29%,16.42%,18.16%,18.18%,26.04%,16.99%,18.91%,21.71%,18.75%,21.12%,19.56%,12.50%,9.27%,7.84%,10.13%,8.77%,9.27%
CHL,Chile,25.85%,22.37%,18.08%,16.51%,16.03%,14.24%,15.16%,16.33%,19.53%,21.03%,20.84%,20.59%,21.57%,19.61%,21.12%,25.49%,24.34%,23.62%,20.25%,18.70%,21.11%,19.29%,17.93%,19.69%,24.92%,28.54%,34.65%,38.06%,40.84%,30.74%,38.23%,43.54%,41.02%,38.47%,35.96%,31.32%,28.62%,30.44%,33.03%,30.28%,29.20%
CHN,China,12.05%,11.79%,9.74%,8.79%,9.25%,10.63%,9.96%,10.45%,11.82%,12.16%,12.40%,13.98%,15.04%,15.76%,15.93%,17.04%,16.51%,16.35%,14.68%,14.69%,17.41%,16.19%,17.28%,20.06%,23.13%,24.62%,25.47%,26.30%,27.16%,21.30%,24.91%,26.17%,24.53%,23.76%,23.21%,20.95%,19.35%,20.59%,20.73%,18.67%,17.88%
COL,Colombia,11.57%,9.31%,9.01%,7.55%,7.14%,6.83%,7.47%,7.05%,7.14%,7.15%,7.34%,7.03%,8.24%,8.05%,9.26%,10.21%,9.80%,10.29%,9.77%,8.68%,9.26%,8.82%,8.43%,8.76%,10.25%,12.01%,13.07%,14.88%,17.49%,13.71%,16.17%,19.73%,20.66%,19.54%,18.84%,14.43%,11.83%,12.34%,12.96%,12.04%,10.44%
COM,Comoros,15.10%,21.54%,12.74%,11.38%,10.67%,10.08%,12.16%,15.45%,14.21%,15.10%,14.83%,20.53%,18.31%,15.34%,10.18%,18.43%,18.70%,18.44%,18.13%,8.09%,8.29%,11.62%,10.68%,13.14%,12.62%,11.77%,15.87%,15.62%,21.92%,15.55%,19.02%,18.18%,20.19%,14.70%,15.10%,22.55%,25.38%,17.57%,23.87%,13.74%,11.65%
COD,Democratic Republic of the Congo,18.43%,14.30%,10.99%,10.00%,10.74%,10.13%,10.50%,11.74%,13.19%,10.10%,11.77%,8.66%,7.54%,7.30%,9.52%,11.56%,11.31%,9.72%,8.36%,7.92%,8.92%,8.65%,10.29%,8.71%,10.04%,11.39%,12.68%,14.64%,21.58%,16.09%,23.60%,28.36%,29.35%,27.72%,24.13%,18.49%,14.42%,15.02%,20.23%,16.22%,19.44%
COG,Republic of Congo,45.33%,51.90%,57.03%,43.68%,44.14%,38.63%,29.47%,30.27%,24.25%,22.41%,23.46%,21.33%,23.90%,17.54%,19.64%,23.05%,31.28%,29.57%,21.70%,20.80%,29.94%,28.77%,25.70%,29.50%,39.78%,50.31%,65.74%,72.66%,89.80%,54.72%,63.90%,71.71%,56.57%,58.19%,62.53%,54.84%,55.62%,47.44%,67.80%,63.06%,49.55%
CRI,Costa Rica,31.00%,25.15%,21.86%,22.50%,21.51%,21.20%,22.23%,23.25%,23.80%,25.78%,26.64%,27.48%,29.52%,29.45%,32.17%,31.49%,32.17%,34.19%,38.34%,45.07%,42.69%,37.41%,43.22%,47.38%,48.54%,49.49%,52.60%,52.29%,54.75%,51.80%,64.61%,70.44%,75.24%,71.84%,61.59%,31.81%,28.94%,27.98%,27.92%,26.38%,27.52%
CIV,Côte d'Ivoire,27.48%,21.32%,16.86%,14.79%,16.71%,16.81%,17.28%,16.62%,14.87%,13.89%,14.94%,14.57%,15.09%,13.13%,13.71%,17.38%,16.87%,14.87%,15.61%,14.24%,13.65%,11.64%,13.50%,14.37%,15.79%,16.65%,17.59%,19.94%,23.46%,20.03%,22.82%,24.25%,24.24%,24.79%,21.98%,18.65%,17.70%,18.76%,18.23%,16.94%,16.65%
HRV,Croatia,,,,,,,,,,,,,,19.41%,23.52%,26.32%,25.00%,23.70%,22.33%,19.61%,18.33%,19.77%,22.36%,26.08%,31.18%,31.26%,34.91%,39.45%,44.59%,33.64%,35.29%,39.58%,34.93%,35.09%,37.03%,33.53%,32.98%,36.20%,39.50%,38.10%,37.97%
CYP,Cyprus,65.05%,57.05%,52.01%,46.94%,48.40%,43.37%,41.47%,47.65%,47.32%,54.56%,50.74%,53.70%,57.37%,52.16%,48.95%,50.97%,42.69%,40.11%,44.48%,39.66%,51.75%,47.46%,48.52%,66.86%,75.48%,74.13%,90.39%,86.62%,82.51%,60.31%,64.41%,72.45%,75.48%,74.87%,63.36%,50.11%,40.95%,46.17%,51.16%,43.61%,37.89%
CZE,Czech Republic,,,,,,,,,,,,,,,,29.24%,29.98%,30.57%,32.87%,32.53%,34.48%,36.50%,40.16%,48.78%,55.55%,59.92%,67.93%,81.02%,91.70%,73.73%,84.41%,97.97%,93.04%,91.20%,92.24%,79.76%,77.30%,80.00%,84.80%,79.35%,78.48%
DNK,Denmark,47.86%,42.19%,37.18%,35.07%,33.39%,32.71%,38.58%,43.34%,45.20%,44.52%,50.59%,49.58%,51.49%,41.87%,44.92%,58.57%,56.26%,52.76%,51.06%,50.68%,49.13%,47.52%,51.17%,59.07%,66.30%,70.55%,74.72%,79.42%,89.50%,72.33%,73.62%,83.00%,77.99%,76.76%,76.53%,63.67%,58.95%,60.08%,63.93%,59.04%,59.07%
DJI,Djibouti,,,,,,,,,,,,28.37%,30.81%,33.08%,29.60%,30.52%,28.18%,29.04%,39.32%,42.13%,61.18%,64.94%,57.72%,70.25%,72.09%,90.06%,100.80%,110.73%,138.29%,101.02%,108.44%,135.82%,151.36%,134.59%,128.85%,119.43%,119.97%,120.34%,105.97%,116.48%,111.71%
DMA,Dominica,50.36%,46.82%,43.61%,43.80%,51.63%,45.08%,41.04%,55.23%,97.13%,88.21%,81.97%,95.08%,89.82%,82.15%,93.18%,83.72%,71.13%,70.36%,69.20%,69.38%,70.47%,64.89%,53.72%,49.10%,50.83%,58.96%,59.92%,65.99%,113.66%,71.59%,86.99%,83.69%,85.05%,79.56%,80.21%,79.35%,72.20%,86.80%,97.55%,71.00%,36.34%
DOM,Dominican Republic,20.56%,18.71%,14.65%,13.91%,14.68%,14.25%,14.66%,15.02%,17.28%,18.70%,19.26%,19.49%,20.49%,20.89%,22.80%,22.40%,22.60%,24.34%,23.69%,21.78%,23.86%,20.94%,20.85%,19.62%,20.85%,20.63%,20.46%,20.78%,21.47%,15.81%,17.87%,19.12%,18.88%,18.27%,18.02%,15.45%,14.91%,14.32%,14.55%,14.31%,13.61%
ECU,Ecuador,17.45%,17.46%,15.46%,12.82%,12.95%,14.06%,11.76%,10.93%,10.36%,10.22%,10.23%,11.82%,11.96%,11.61%,14.11%,15.34%,14.26%,15.13%,14.04%,11.91%,13.24%,14.40%,14.21%,14.48%,16.82%,19.77%,22.08%,22.96%,30.04%,22.18%,27.02%,29.27%,30.36%,29.10%,27.65%,21.71%,17.84%,19.68%,21.76%,21.58%,19.65%
EGY,Egypt,17.44%,17.31%,15.30%,13.66%,13.00%,11.41%,8.42%,8.27%,7.54%,7.27%,7.95%,7.31%,7.78%,7.28%,7.20%,7.63%,7.75%,7.72%,7.02%,6.55%,6.36%,5.83%,5.49%,5.92%,7.21%,8.04%,9.19%,10.72%,12.88%,10.15%,11.35%,11.97%,11.22%,10.34%,11.39%,9.27%,9.03%,9.69%,9.77%,9.19%,8.00%
SLV,El Salvador,19.54%,17.57%,15.62%,16.62%,16.27%,15.08%,14.96%,12.73%,13.11%,12.52%,12.10%,12.83%,14.46%,15.36%,17.59%,19.28%,20.27%,23.63%,24.64%,24.55%,28.53%,27.71%,26.47%,27.62%,28.21%,28.56%,29.79%,30.81%,33.72%,25.74%,29.74%,35.56%,36.41%,32.73%,30.20%,29.18%,26.40%,26.39%,27.62%,26.16%,25.19%
GNQ,Equatorial Guinea,78.95%,69.82%,68.01%,43.44%,55.58%,34.94%,46.86%,53.90%,74.22%,72.70%,70.40%,65.43%,40.53%,41.75%,33.68%,59.47%,48.86%,32.89%,31.63%,37.81%,24.04%,20.07%,18.86%,28.24%,26.91%,37.32%,42.86%,39.85%,54.21%,33.22%,38.87%,47.24%,46.45%,47.56%,41.88%,30.94%,23.79%,21.18%,27.25%,22.81%,16.23%
ERI,Eritrea,,,,,,,,,,,,,,,4.06%,6.43%,9.21%,9.70%,10.67%,5.80%,7.20%,7.95%,9.46%,9.93%,9.75%,9.84%,7.33%,8.77%,9.87%,10.77%,12.49%,17.41%,20.77%,17.77%,14.87%,16.65%,11.29%,13.20%,16.13%,13.21%,13.27%
EST,Estonia,,,,,,,,,,,,,,13.58%,26.86%,40.34%,42.74%,45.35%,48.06%,46.95%,54.57%,48.99%,50.62%,55.82%,64.60%,71.42%,82.57%,77.90%,83.37%,65.86%,82.16%,111.80%,107.20%,102.68%,101.96%,77.57%,75.62%,75.53%,77.30%,70.14%,70.02%
SWZ,Eswatini,27.56%,23.53%,23.01%,14.42%,15.13%,12.84%,13.03%,13.05%,16.21%,12.84%,14.77%,14.64%,16.86%,12.12%,12.06%,10.62%,9.16%,9.07%,6.86%,8.47%,9.57%,10.04%,12.59%,15.30%,17.34%,17.34%,17.02%,15.83%,17.17%,14.73%,48.88%,43.15%,44.25%,42.46%,42.64%,37.03%,34.74%,42.55%,42.29%,42.11%,36.08%
ETH,Ethiopia,8.80%,9.91%,10.04%,9.34%,10.52%,11.69%,11.46%,9.18%,10.18%,9.06%,8.06%,6.67%,7.91%,6.67%,6.62%,7.94%,7.32%,7.22%,6.93%,5.64%,5.00%,3.88%,4.24%,6.53%,6.95%,7.71%,6.83%,7.34%,8.10%,7.39%,7.80%,7.80%,8.70%,7.66%,9.32%,9.78%,7.88%,7.20%,6.78%,6.29%,5.28%
FJI,Fiji,42.35%,36.09%,32.08%,29.11%,24.17%,22.47%,21.14%,21.43%,27.42%,28.54%,29.67%,28.11%,28.51%,27.21%,30.10%,30.51%,31.34%,30.79%,28.18%,30.41%,24.72%,22.89%,22.66%,25.61%,28.41%,31.35%,31.44%,30.19%,34.79%,27.14%,30.42%,35.00%,34.38%,36.64%,32.11%,26.49%,25.30%,24.66%,25.63%,25.60%,21.55%
FIN,Finland,48.73%,55.67%,47.48%,43.05%,40.60%,40.54%,44.47%,51.10%,53.29%,52.55%,55.65%,49.03%,51.29%,45.20%,55.23%,66.40%,64.64%,58.58%,56.57%,55.03%,55.77%,51.07%,50.84%,60.16%,68.62%,73.10%,79.42%,85.28%,92.15%,64.35%,69.06%,76.86%,72.02%,71.19%,69.92%,55.62%,51.16%,54.83%,58.35%,54.04%,50.16%
FRA,France,37.76%,33.73%,30.02%,26.88%,25.57%,25.28%,28.61%,33.10%,34.87%,34.78%,39.27%,37.89%,38.41%,32.61%,35.05%,40.08%,39.44%,38.13%,38.67%,38.07%,36.90%,35.33%,35.60%,40.79%,45.62%,46.18%,48.53%,52.83%,57.49%,46.68%,49.36%,54.53%,51.26%,49.37%,48.52%,41.04%,38.68%,40.18%,41.54%,39.44%,37.47%
GAB,Gabon,48.22%,40.46%,35.25%,31.29%,32.77%,31.56%,22.42%,24.83%,23.95%,22.25%,29.53%,28.92%,26.25%,23.54%,21.91%,22.73%,25.03%,26.98%,19.21%,28.86%,30.58%,27.38%,22.52%,26.28%,29.54%,33.19%,31.16%,40.72%,50.62%,32.58%,42.26%,58.64%,57.35%,60.38%,52.80%,35.60%,29.83%,28.61%,29.91%,28.38%,22.35%
GMB,The Gambia,18.63%,17.73%,14.74%,13.47%,13.27%,11.47%,14.88%,17.97%,21.78%,21.65%,24.58%,27.22%,35.57%,23.68%,22.59%,23.26%,23.74%,23.30%,20.26%,17.36%,13.94%,13.69%,15.05%,17.13%,17.45%,18.53%,20.01%,22.55%,22.35%,19.99%,18.99%,29.45%,26.38%,27.89%,30.28%,25.16%,25.20%,31.03%,27.36%,29.57%,29.09%
GEO,Georgia,,,,,,,,,,,,,,,8.82%,9.94%,13.13%,14.76%,12.72%,9.61%,11.82%,11.27%,11.19%,17.27%,19.45%,20.43%,25.46%,27.74%,35.74%,24.02%,27.34%,34.95%,31.53%,30.76%,28.96%,22.02%,20.35%,21.52%,22.30%,22.40%,20.40%
DEU,Germany,38.98%,33.69%,31.38%,29.04%,27.60%,27.72%,33.69%,39.04%,40.33%,39.14%,44.46%,42.44%,42.41%,37.14%,39.60%,46.74%,45.35%,42.88%,43.52%,44.23%,43.23%,41.93%,43.43%,51.92%,60.25%,62.66%,66.11%,73.93%,80.60%,65.34%,70.40%,76.86%,72.37%,71.10%,69.93%,60.53%,56.27%,57.90%,61.00%,57.34%,56.00%
GHA,Ghana,15.25%,15.43%,13.02%,10.37%,7.68%,8.59%,9.93%,10.70%,9.88%,9.61%,11.45%,9.97%,9.99%,10.26%,10.92%,11.45%,12.70%,11.89%,11.87%,10.82%,9.35%,8.17%,8.56%,10.15%,11.72%,11.80%,12.53%,15.42%,17.96%,13.76%,16.75%,23.03%,24.22%,22.71%,20.79%,19.31%,19.70%,19.62%,19.81%,17.80%,17.79%
GRC,Greece,23.02%,22.14%,18.04%,16.92%,16.28%,14.99%,15.53%,18.06%,18.65%,18.94%,21.12%,20.38%,21.33%,18.77%,18.81%,21.68%,21.36%,19.47%,19.42%,19.70%,20.31%,18.83%,18.79%,22.07%,24.46%,24.16%,26.53%,30.23%,33.53%,27.30%,27.73%,32.70%,33.19%,32.57%,32.48%,25.75%,25.33%,27.83%,32.00%,30.30%,29.38%
GRD,Grenada,25.30%,34.05%,21.05%,20.93%,17.61%,18.92%,19.22%,21.53%,29.68%,31.57%,29.54%,28.75%,32.18%,27.82%,23.34%,25.96%,32.72%,26.09%,29.71%,30.53%,32.15%,31.45%,26.18%,26.59%,30.23%,31.03%,29.57%,30.19%,30.46%,21.34%,23.68%,26.33%,25.49%,27.86%,25.62%,20.20%,15.69%,17.10%,16.82%,28.88%,21.52%
GTM,Guatemala,17.81%,15.07%,12.07%,10.38%,10.85%,9.69%,9.65%,9.98%,10.14%,11.03%,10.95%,11.56%,13.29%,13.77%,14.20%,16.43%,15.84%,17.59%,18.19%,17.55%,18.52%,17.88%,17.86%,18.26%,19.61%,20.46%,21.36%,21.32%,22.69%,19.13%,21.04%,25.48%,23.64%,22.52%,21.93%,20.73%,19.63%,20.83%,19.85%,18.92%,18.31%
GIN,Guinea,27.96%,26.31%,21.66%,19.76%,22.00%,22.15%,19.41%,21.06%,19.15%,21.16%,21.48%,23.05%,28.66%,23.82%,19.50%,18.76%,20.00%,19.91%,17.25%,15.76%,16.36%,15.80%,15.55%,15.62%,16.77%,19.82%,21.21%,25.39%,26.36%,20.76%,26.27%,29.24%,30.32%,33.07%,32.72%,26.39%,30.25%,36.38%,34.81%,33.91%,35.94%
GNB,Guinea-Bissau,18.73%,14.84%,14.70%,15.79%,10.64%,9.68%,9.43%,11.97%,12.86%,15.68%,17.69%,14.97%,12.01%,14.64%,19.78%,19.99%,13.33%,10.83%,15.87%,11.39%,16.79%,12.52%,11.37%,14.71%,15.09%,17.65%,13.13%,27.30%,18.25%,20.89%,17.88%,28.58%,19.70%,23.56%,25.55%,18.71%,20.69%,17.82%,11.60%,13.47%,12.30%
GUY,Guyana,42.66%,41.41%,28.96%,24.38%,25.99%,24.77%,21.78%,22.99%,20.91%,22.91%,25.32%,26.98%,31.18%,34.59%,30.08%,32.19%,37.39%,34.05%,33.04%,31.11%,30.15%,28.97%,24.25%,25.79%,24.67%,29.16%,31.84%,28.83%,37.36%,30.63%,37.26%,44.02%,38.23%,36.87%,36.62%,28.99%,30.53%,28.77%,29.21%,40.84%,31.76%
HTI,Haiti,9.52%,8.52%,8.28%,9.22%,9.58%,9.34%,8.69%,9.41%,9.84%,9.10%,8.47%,6.65%,3.45%,4.16%,3.36%,7.45%,6.61%,7.11%,7.71%,8.13%,8.54%,7.55%,7.99%,8.21%,8.51%,9.19%,11.57%,11.24%,12.59%,11.15%,16.81%,17.39%,16.79%,17.15%,17.19%,16.50%,14.52%,16.89%,17.06%,15.13%,15.99%
HND,Honduras,36.31%,29.83%,24.67%,24.51%,25.10%,22.15%,23.65%,23.50%,22.78%,22.47%,22.08%,22.13%,26.06%,27.24%,30.83%,35.51%,39.23%,45.01%,47.77%,47.15%,50.35%,47.60%,46.84%,46.58%,48.31%,48.09%,47.66%,50.18%,52.82%,41.01%,48.54%,57.69%,56.96%,51.68%,49.16%,43.39%,38.04%,36.57%,36.54%,35.57%,32.64%
HKG,Hong Kong SAR,107.40%,99.86%,87.35%,82.98%,86.53%,87.06%,91.34%,102.57%,119.01%,120.48%,125.73%,135.15%,144.92%,122.92%,132.97%,148.17%,138.12%,140.86%,128.91%,123.47%,127.48%,116.29%,125.12%,137.35%,146.45%,147.12%,152.49%,154.73%,156.83%,139.02%,164.30%,181.01%,196.32%,217.03%,198.43%,175.19%,165.28%,161.15%,162.12%,146.82%,151.42%
HUN,Hungary,16.35%,23.60%,20.10%,18.46%,17.01%,17.81%,19.00%,19.75%,19.29%,18.43%,17.32%,18.69%,20.21%,20.00%,22.61%,27.51%,29.72%,33.97%,38.78%,39.51%,41.18%,41.37%,43.07%,50.86%,57.74%,59.89%,66.63%,81.81%,89.77%,68.79%,78.81%,87.81%,81.75%,82.17%,83.49%,72.87%,71.71%,74.85%,76.60%,71.54%,72.04%
ISL,Iceland,70.80%,65.87%,57.96%,50.13%,47.46%,48.51%,56.97%,66.80%,65.15%,59.07%,66.07%,63.39%,64.27%,56.46%,59.02%,66.76%,68.79%,59.51%,63.28%,64.99%,68.87%,54.84%,52.88%,59.40%,66.63%,71.40%,73.61%,78.16%,74.24%,58.15%,73.11%,85.59%,73.99%,66.38%,70.64%,62.88%,57.94%,61.25%,63.16%,52.53%,49.74%
IND,India,4.78%,5.98%,5.72%,4.86%,4.88%,4.40%,4.13%,4.43%,4.56%,4.57%,4.53%,3.98%,3.94%,4.28%,4.49%,5.07%,5.20%,5.05%,4.56%,4.57%,5.29%,4.73%,5.00%,5.72%,6.96%,7.81%,8.69%,10.25%,12.84%,9.16%,11.21%,12.84%,12.27%,11.27%,10.78%,8.79%,7.72%,8.54%,8.89%,8.14%,7.19%
IDN,Indonesia,17.99%,16.91%,14.42%,11.61%,10.71%,8.73%,6.99%,7.32%,7.42%,7.63%,8.41%,8.25%,8.60%,8.40%,8.72%,9.59%,9.42%,9.63%,8.31%,8.74%,10.07%,8.97%,8.78%,11.37%,12.72%,13.30%,13.78%,14.80%,16.62%,12.55%,15.54%,18.23%,17.44%,16.10%,14.88%,12.22%,11.19%,11.80%,12.55%,11.27%,10.12%
IRN,Islamic Republic of Iran,10.62%,8.79%,8.99%,10.75%,8.98%,7.61%,5.69%,6.37%,5.87%,6.77%,7.87%,8.31%,8.03%,6.34%,5.11%,5.50%,5.93%,5.89%,4.34%,4.82%,6.17%,5.83%,5.34%,7.01%,8.44%,9.69%,11.38%,12.02%,15.21%,10.64%,13.08%,14.09%,12.78%,10.61%,11.50%,8.83%,9.28%,11.15%,11.32%,6.13%,3.90%
IRQ,Iraq,,,,,,,,,,,,,,,,,,,9.19%,12.52%,20.36%,18.81%,18.08%,8.66%,10.75%,10.72%,13.59%,16.94%,26.54%,20.08%,22.25%,26.56%,27.37%,25.64%,26.43%,24.38%,22.75%,25.19%,31.13%,28.83%,24.57%
IRL,Ireland,74.70%,63.78%,56.74%,54.37%,53.97%,54.13%,62.55%,72.76%,80.23%,80.18%,84.13%,81.81%,88.13%,79.91%,88.36%,101.71%,95.54%,95.61%,96.35%,103.38%,105.52%,102.64%,103.23%,108.56%,114.36%,115.77%,111.70%,114.20%,116.96%,102.83%,105.15%,111.36%,101.24%,97.52%,94.01%,70.57%,68.74%,66.32%,69.08%,64.20%,65.03%
ISR,Israel,40.23%,37.62%,34.13%,32.21%,31.33%,31.29%,33.85%,38.64%,39.61%,38.12%,40.03%,39.49%,39.67%,40.24%,43.29%,44.84%,44.66%,44.19%,43.38%,46.16%,49.15%,44.27%,43.19%,44.15%,50.28%,52.10%,52.02%,56.06%,61.53%,45.28%,51.74%,57.25%,53.44%,49.69%,50.56%,43.61%,39.71%,39.51%,39.34%,36.13%,33.50%
ITA,Italy,26.12%,23.38%,20.96%,19.18%,18.55%,18.22%,20.57%,24.07%,24.85%,25.18%,28.85%,27.70%,28.08%,22.82%,24.93%,28.86%,28.76%,27.96%,27.88%,27.44%,27.65%,26.53%,27.56%,32.24%,36.53%,37.29%,41.01%,46.66%,52.20%,39.59%,44.28%,49.06%,46.19%,46.34%,46.69%,39.47%,36.58%,38.70%,41.40%,38.96%,38.41%
JAM,Jamaica,32.70%,35.71%,29.20%,24.42%,22.79%,19.73%,17.19%,20.83%,24.02%,27.40%,26.97%,24.65%,22.76%,24.73%,24.49%,28.76%,29.09%,29.17%,27.51%,26.20%,26.77%,26.35%,25.66%,27.69%,27.03%,32.39%,34.34%,34.52%,41.51%,24.25%,25.94%,30.71%,31.61%,29.87%,27.00%,21.37%,19.28%,22.06%,24.54%,22.73%,20.25%
JPN,Japan,22.29%,22.89%,19.62%,18.21%,18.64%,17.74%,18.59%,19.56%,20.86%,20.78%,20.61%,20.36%,20.69%,21.42%,23.12%,25.38%,23.84%,23.11%,20.51%,21.77%,24.45%,21.33%,21.00%,22.99%,26.08%,27.13%,28.37%,29.67%,33.55%,26.01%,31.62%,35.46%,35.00%,31.30%,30.25%,24.92%,24.54%,25.52%,26.82%,25.28%,23.55%
JOR,Jordan,36.09%,48.32%,52.20%,45.23%,36.04%,35.54%,30.58%,35.08%,29.44%,26.54%,23.69%,22.09%,22.11%,21.61%,20.44%,22.60%,22.68%,20.48%,19.03%,18.00%,23.93%,25.32%,27.44%,30.55%,34.74%,34.15%,33.41%,38.04%,46.81%,34.65%,36.84%,40.48%,42.68%,41.64%,41.27%,32.11%,28.45%,28.24%,27.10%,27.05%,24.47%
KAZ,Kazakhstan,,,,,,,,,,,,,0.84%,2.53%,7.37%,9.98%,10.61%,10.91%,10.22%,9.87%,12.44%,10.42%,10.91%,12.74%,17.26%,19.76%,23.23%,26.99%,33.01%,22.49%,26.98%,32.23%,31.47%,28.33%,24.38%,16.80%,14.13%,17.31%,18.66%,18.11%,16.30%
KEN,Kenya,23.34%,17.60%,13.77%,11.16%,12.44%,10.82%,12.29%,10.57%,10.03%,9.84%,9.74%,8.86%,8.76%,8.37%,10.07%,11.80%,11.41%,11.49%,10.34%,9.66%,11.71%,11.62%,11.12%,12.10%,14.47%,16.16%,17.54%,18.95%,23.63%,18.55%,20.00%,23.36%,24.38%,21.92%,22.73%,17.10%,13.36%,11.97%,12.05%,10.75%,10.44%
KIR,Kiribati,48.41%,61.44%,65.96%,37.70%,34.70%,24.20%,23.77%,24.31%,44.15%,53.54%,51.77%,65.50%,116.79%,92.31%,73.93%,89.75%,111.10%,90.35%,72.75%,51.44%,51.24%,65.09%,83.97%,49.25%,49.19%,45.42%,38.41%,54.71%,54.32%,55.91%,77.75%,121.51%,126.80%,141.25%,139.55%,150.06%,125.29%,133.90%,106.51%,88.73%,94.75%
KOR,Korea,42.62%,40.76%,34.40%,30.02%,30.05%,27.76%,31.18%,36.74%,40.20%,38.92%,36.96%,37.53%,34.77%,34.14%,37.07%,43.14%,41.48%,38.48%,32.82%,35.71%,40.71%,34.18%,33.74%,38.07%,44.99%,48.26%,52.02%,54.33%,60.11%,46.59%,56.54%,63.98%,63.21%,62.14%,61.01%,50.20%,45.60%,50.39%,51.70%,46.83%,44.52%
UVK,Kosovo,,,,,,,,,,,,,,,,,,,,,,,,3.58%,4.35%,8.26%,12.06%,12.79%,20.06%,17.87%,17.66%,19.33%,14.64%,14.38%,13.90%,11.30%,11.90%,12.91%,13.79%,13.45%,13.79%
KWT,Kuwait,53.81%,59.78%,44.57%,39.95%,36.34%,32.16%,24.97%,27.19%,26.28%,24.59%,22.18%,17.33%,18.55%,19.50%,18.10%,20.86%,23.74%,22.64%,17.79%,18.95%,24.37%,21.16%,21.11%,21.95%,24.74%,28.71%,32.71%,35.67%,47.78%,31.81%,41.58%,49.26%,51.43%,51.10%,51.46%,45.94%,39.08%,39.07%,44.76%,41.00%,32.88%
KGZ,Kyrgyz Republic,,,,,,,,,,,,,0.64%,6.26%,12.09%,16.95%,18.72%,15.45%,16.07%,11.10%,10.08%,8.26%,9.09%,12.02%,15.90%,20.32%,32.95%,46.21%,81.68%,48.73%,45.77%,49.92%,51.04%,47.68%,43.56%,33.26%,31.94%,32.83%,32.94%,34.95%,25.84%
LAO,Lao P.D.R.,7.15%,3.75%,4.01%,3.96%,1.67%,2.31%,2.24%,2.98%,4.56%,4.55%,4.58%,4.92%,6.76%,9.15%,16.82%,13.53%,11.96%,11.31%,10.53%,12.67%,9.80%,9.12%,8.47%,8.57%,9.85%,11.37%,15.11%,16.05%,19.06%,17.66%,21.51%,26.50%,28.78%,30.09%,30.47%,26.12%,22.36%,23.02%,23.59%,22.34%,21.46%
LVA,Latvia,,,,,,,,,,,,,6.01%,16.59%,27.14%,37.75%,41.40%,43.50%,38.58%,35.67%,41.19%,36.36%,34.83%,39.68%,46.26%,47.16%,53.48%,61.89%,82.01%,58.78%,73.32%,95.40%,95.89%,92.70%,96.69%,69.40%,61.09%,62.70%,67.04%,62.22%,59.32%
LBN,Lebanon,27.29%,24.46%,32.94%,26.01%,13.87%,7.90%,8.32%,6.51%,11.52%,17.03%,20.60%,21.26%,22.93%,21.80%,23.20%,25.76%,25.55%,23.49%,20.29%,18.07%,19.40%,20.28%,19.21%,22.86%,24.61%,21.02%,22.15%,26.68%,38.17%,27.22%,29.39%,29.76%,29.62%,29.25%,26.58%,21.79%,19.90%,20.62%,20.71%,20.12%,20.27%
LSO,Lesotho,3.97%,4.32%,4.66%,3.86%,4.46%,3.38%,3.28%,5.26%,5.82%,7.08%,6.17%,9.56%,10.02%,8.09%,8.02%,7.79%,8.46%,10.82%,9.20%,8.47%,10.23%,15.50%,19.17%,22.57%,26.40%,22.83%,23.30%,26.69%,24.18%,18.03%,55.33%,61.97%,58.29%,48.22%,43.63%,37.34%,37.01%,48.19%,49.72%,47.78%,39.81%
LBR,Liberia,,,,,,,,,,,,,,,,,,,,,219.77%,187.16%,167.25%,252.63%,282.82%,277.06%,317.51%,324.14%,349.41%,361.23%,446.86%,448.11%,336.62%,265.00%,225.84%,183.46%,177.34%,138.60%,150.79%,185.52%,158.62%
LBY,Libya,29.04%,34.76%,22.00%,20.66%,18.89%,16.89%,12.06%,15.16%,14.68%,12.76%,16.70%,13.83%,12.42%,10.83%,9.78%,12.24%,13.50%,12.79%,9.80%,10.10%,13.33%,12.39%,11.95%,13.50%,17.19%,20.61%,25.17%,27.17%,45.32%,31.97%,36.87%,41.56%,55.11%,70.74%,74.96%,50.24%,38.53%,41.92%,52.18%,47.02%,58.41%
LTU,Lithuania,,,,,,,,,,,,,,,,24.53%,26.81%,29.17%,26.70%,24.80%,28.85%,29.64%,32.27%,37.41%,41.78%,44.55%,48.69%,54.08%,63.19%,47.12%,55.68%,74.70%,71.17%,71.90%,67.09%,55.65%,53.43%,58.52%,63.89%,58.51%,56.47%
LUX,Luxembourg,,,,,,,,,,,,,,,,,,28.36%,27.37%,64.43%,75.37%,73.40%,72.39%,94.31%,113.32%,109.58%,119.16%,113.21%,134.02%,100.74%,100.19%,109.74%,99.12%,94.48%,89.84%,73.80%,64.24%,65.24%,68.76%,64.70%,57.48%
MAC,Macao SAR,,,,,,,,,,,,,,,,,,,,,,33.37%,31.30%,31.48%,27.50%,23.84%,41.51%,47.69%,48.47%,35.02%,32.90%,26.45%,16.11%,18.48%,18.38%,23.83%,17.41%,19.45%,19.12%,20.04%,36.47%
MDG,Madagascar,11.38%,9.04%,8.99%,7.16%,7.09%,6.27%,6.66%,7.01%,5.97%,5.20%,6.28%,5.37%,5.89%,5.57%,7.14%,8.00%,7.91%,8.19%,8.62%,7.71%,9.80%,9.91%,8.52%,10.94%,12.75%,10.62%,10.24%,12.13%,14.83%,12.89%,11.30%,15.41%,15.28%,16.94%,17.50%,15.07%,14.62%,17.85%,17.49%,16.07%,12.87%
MWI,Malawi,18.89%,17.96%,14.54%,11.81%,11.97%,11.68%,11.39%,12.49%,12.76%,12.53%,16.00%,18.08%,23.52%,14.71%,18.22%,14.86%,16.28%,16.94%,14.82%,15.07%,13.47%,11.69%,13.78%,13.35%,13.72%,14.22%,13.61%,14.93%,17.52%,16.32%,16.42%,17.23%,18.51%,17.42%,15.86%,15.13%,13.95%,14.64%,13.89%,13.78%,11.63%
MYS,Malaysia,56.67%,48.71%,43.59%,42.79%,43.48%,38.58%,34.39%,39.52%,43.88%,45.08%,47.55%,51.11%,50.56%,54.24%,63.53%,73.15%,67.09%,63.57%,56.68%,59.00%,66.65%,58.51%,57.79%,60.89%,64.90%,66.26%,70.10%,72.15%,76.31%,61.77%,74.56%,79.80%,76.15%,75.40%,70.97%,61.71%,55.36%,59.78%,61.65%,58.41%,57.44%
MDV,Maldives,10.18%,15.82%,23.00%,21.08%,18.24%,17.35%,18.32%,18.15%,24.84%,23.89%,28.68%,29.35%,27.42%,26.28%,27.88%,30.14%,34.47%,28.78%,27.35%,32.01%,32.87%,26.13%,24.80%,20.75%,25.09%,29.05%,27.23%,28.95%,33.18%,24.82%,27.34%,30.81%,30.86%,28.89%,28.08%,23.45%,25.64%,27.23%,29.67%,24.29%,22.26%
MLI,Mali,13.98%,11.07%,9.88%,9.94%,11.18%,11.28%,11.07%,10.63%,10.69%,10.03%,11.40%,9.77%,9.59%,8.69%,7.06%,9.91%,10.36%,9.68%,9.71%,8.63%,8.22%,7.36%,6.53%,6.53%,8.43%,7.96%,8.97%,9.34%,9.77%,8.73%,11.55%,13.09%,18.84%,19.97%,20.00%,19.13%,16.48%,12.30%,15.13%,20.11%,20.98%
MLT,Malta,70.98%,56.80%,49.06%,43.34%,43.23%,43.75%,49.74%,56.22%,63.60%,72.21%,79.83%,80.01%,85.33%,82.10%,86.07%,96.53%,81.34%,71.91%,80.29%,78.01%,95.57%,89.87%,96.05%,102.41%,108.27%,94.89%,119.17%,156.20%,227.61%,149.98%,173.71%,204.11%,188.07%,181.07%,174.14%,144.80%,110.81%,104.66%,112.64%,100.96%,88.39%
MHL,Marshall Islands,,,,,,,,,,,,,,,,,,,,,90.45%,303.99%,447.57%,372.04%,748.19%,1363.64%,916.26%,1805.78%,2456.47%,521.71%,567.12%,475.53%,440.28%,725.28%,1313.63%,1230.07%,2611.65%,7726.02%,6887.14%,5860.65%,6410.96%
MRT,Mauritania,,,,,,,,,,,17.70%,17.71%,17.27%,14.97%,15.27%,16.86%,14.93%,15.14%,13.29%,12.63%,13.37%,13.84%,15.02%,15.43%,17.66%,18.98%,20.01%,25.87%,33.19%,26.59%,32.39%,46.02%,45.63%,43.37%,43.49%,31.43%,27.02%,27.60%,29.56%,29.55%,28.79%
MUS,Mauritius,45.90%,32.78%,29.42%,26.46%,26.13%,25.76%,36.00%,43.33%,46.78%,42.24%,45.26%,43.76%,42.52%,39.88%,42.71%,43.59%,43.65%,41.42%,37.67%,42.52%,35.68%,33.51%,32.62%,37.29%,33.09%,34.28%,35.00%,36.02%,38.30%,28.37%,31.21%,37.75%,36.64%,33.50%,35.24%,31.33%,26.14%,26.41%,26.94%,26.20%,23.26%
MEX,Mexico,10.04%,10.44%,8.48%,7.86%,8.39%,8.26%,7.24%,8.32%,9.62%,10.59%,11.07%,11.37%,12.55%,12.55%,14.14%,15.63%,17.02%,18.83%,19.44%,20.80%,24.11%,22.91%,22.65%,22.54%,24.43%,25.78%,28.05%,28.98%,30.50%,25.84%,31.73%,35.61%,36.13%,36.02%,36.00%,34.48%,31.97%,33.22%,34.92%,34.28%,32.30%
FSM,Micronesia,,,,,,,,,,,,,,,,,,,,,0.48%,0.59%,8.17%,107.37%,131.78%,191.49%,264.40%,246.49%,344.61%,172.93%,201.19%,254.59%,172.69%,149.47%,140.36%,97.80%,164.72%,205.58%,223.35%,127.40%,125.09%
MDA,Moldova,,,,,,,,,,,,,2.16%,5.68%,22.41%,23.49%,28.50%,30.43%,25.75%,18.82%,21.25%,21.22%,20.28%,26.06%,30.88%,30.54%,30.09%,39.57%,45.83%,28.62%,29.48%,35.37%,39.37%,36.98%,36.28%,26.02%,22.27%,24.83%,27.43%,26.99%,26.01%
MNG,Mongolia,4.20%,3.31%,2.68%,2.19%,1.87%,3.16%,2.73%,3.14%,3.22%,3.21%,3.09%,3.15%,12.67%,8.65%,8.54%,11.86%,12.27%,12.54%,11.29%,8.65%,10.69%,11.15%,11.66%,12.27%,14.98%,15.44%,19.72%,22.36%,27.09%,21.39%,31.84%,43.13%,40.10%,34.36%,34.05%,26.03%,23.36%,28.75%,32.39%,31.13%,27.18%
MNE,Montenegro,,,,,,,,,,,,,,,,,,,,,,,,,,6.93%,16.78%,40.05%,49.49%,33.93%,32.55%,34.81%,36.00%,34.25%,35.25%,25.35%,25.01%,22.53%,20.28%,20.27%,26.11%
MAR,Morocco,22.02%,22.51%,18.88%,16.47%,15.58%,13.79%,13.92%,16.16%,16.92%,16.71%,20.36%,18.17%,19.23%,17.66%,16.79%,20.84%,18.36%,18.57%,17.73%,18.22%,18.21%,16.08%,16.65%,17.84%,20.16%,24.84%,21.50%,25.95%,30.27%,21.15%,23.35%,27.39%,27.12%,26.57%,28.20%,23.33%,24.37%,25.42%,26.94%,26.01%,24.82%
MOZ,Mozambique,46.37%,40.53%,36.56%,34.35%,24.90%,21.92%,22.98%,31.38%,33.02%,31.30%,33.11%,29.02%,33.64%,24.70%,24.36%,26.57%,22.80%,21.60%,17.52%,19.96%,23.19%,21.96%,25.79%,25.45%,29.75%,32.83%,32.98%,39.94%,40.08%,33.86%,39.61%,49.54%,53.34%,61.77%,64.74%,42.59%,32.71%,42.37%,45.61%,46.54%,39.12%
MMR,Myanmar,,,,,,,,,,,,,,,,,,,9.05%,9.30%,10.54%,10.13%,9.58%,8.59%,8.06%,7.56%,7.64%,8.07%,9.45%,8.80%,10.35%,12.99%,13.13%,14.93%,22.17%,16.41%,15.74%,16.69%,17.78%,18.06%,16.27%
NAM,Namibia,,,,,,,,,,,13.59%,9.38%,6.68%,6.38%,10.14%,8.66%,7.66%,7.29%,8.55%,12.76%,10.48%,15.07%,11.79%,12.75%,17.74%,17.38%,22.20%,22.38%,24.56%,28.19%,52.42%,57.61%,55.15%,59.14%,53.55%,46.16%,39.50%,41.33%,45.63%,40.94%,35.54%
NRU,Nauru,,,,,,,,,,,,,,,,,,,,,,,,,122.53%,116.91%,126.79%,259.40%,571.64%,297.02%,203.36%,209.55%,238.28%,292.86%,183.77%,116.25%,57.66%,78.34%,107.95%,91.32%,150.21%
NPL,Nepal,3.93%,3.59%,3.23%,3.42%,3.32%,3.77%,3.71%,4.80%,5.50%,5.19%,4.03%,4.17%,4.37%,4.48%,4.34%,4.48%,4.04%,4.32%,4.48%,4.88%,4.96%,4.34%,3.93%,4.64%,4.87%,4.87%,4.77%,6.56%,7.06%,5.76%,7.33%,9.37%,10.47%,10.62%,11.41%,7.83%,8.99%,9.56%,10.51%,9.90%,8.20%
NLD,Netherlands,97.48%,84.70%,77.14%,71.29%,68.39%,67.31%,70.63%,80.73%,83.76%,81.85%,89.99%,86.28%,87.44%,71.40%,77.81%,91.27%,89.53%,86.67%,83.21%,81.62%,84.85%,78.32%,80.28%,93.23%,109.04%,117.12%,127.16%,141.01%,157.38%,123.95%,142.36%,162.70%,157.47%,151.25%,151.03%,121.86%,113.68%,120.74%,131.33%,121.83%,114.94%
NZL,New Zealand,36.57%,35.81%,33.84%,30.00%,29.03%,27.50%,26.98%,29.87%,32.58%,34.44%,34.90%,32.57%,34.36%,33.48%,36.79%,39.65%,39.76%,38.15%,33.04%,33.36%,31.56%,30.68%,29.03%,33.75%,38.05%,39.37%,38.19%,41.39%,46.43%,36.32%,43.22%,49.97%,49.68%,47.44%,49.12%,41.04%,36.47%,37.97%,38.89%,37.03%,35.26%
NIC,Nicaragua,22.17%,18.37%,14.41%,14.02%,12.89%,10.59%,9.51%,10.85%,12.29%,10.57%,9.33%,11.77%,12.65%,10.87%,11.30%,14.26%,15.84%,15.81%,18.63%,17.17%,18.54%,18.27%,18.15%,19.33%,23.27%,25.08%,28.55%,31.60%,32.45%,27.34%,33.02%,38.97%,41.01%,39.61%,37.86%,35.17%,32.88%,30.48%,30.41%,31.29%,31.29%
NER,Niger,21.49%,15.17%,13.20%,10.56%,10.64%,10.09%,10.02%,13.48%,12.23%,10.09%,9.41%,7.95%,7.46%,8.06%,6.01%,7.38%,6.33%,8.36%,7.99%,8.00%,13.81%,7.22%,5.74%,5.65%,7.59%,7.21%,8.30%,7.48%,9.02%,10.87%,9.01%,11.06%,10.90%,12.67%,11.82%,10.27%,7.18%,7.63%,6.88%,8.19%,8.70%
NGA,Nigeria,,,,,,,,,,,11.70%,11.91%,11.86%,10.13%,8.69%,8.99%,10.86%,10.64%,8.10%,8.82%,11.82%,11.09%,8.81%,10.57%,12.23%,14.36%,16.56%,17.96%,21.87%,13.11%,15.79%,20.20%,18.84%,16.91%,15.77%,9.86%,7.16%,8.71%,10.49%,10.06%,8.01%
MKD,North Macedonia,,,,,,,,,,,,,,14.56%,25.04%,31.49%,24.15%,22.07%,22.45%,23.16%,24.64%,21.33%,19.66%,22.72%,26.09%,24.01%,29.85%,38.25%,42.66%,31.00%,34.52%,42.35%,38.95%,38.68%,42.58%,38.17%,36.79%,41.41%,45.96%,44.68%,38.52%
NOR,Norway,54.13%,49.53%,44.75%,40.33%,38.17%,36.44%,37.48%,40.99%,40.75%,41.69%,48.61%,46.48%,45.18%,39.03%,40.34%,45.73%,48.02%,46.94%,41.29%,38.38%,42.57%,39.48%,41.74%,49.01%,54.94%,60.59%,68.65%,73.48%,88.07%,65.16%,70.39%,82.40%,75.72%,70.74%,67.94%,58.90%,54.19%,55.84%,60.72%,54.27%,46.81%
OMN,Oman,37.51%,37.91%,29.25%,28.25%,23.93%,23.07%,16.93%,17.36%,17.03%,17.02%,19.70%,18.39%,17.66%,16.23%,15.99%,15.73%,16.42%,16.42%,13.26%,14.79%,18.82%,19.35%,20.10%,19.52%,23.42%,27.67%,34.48%,35.28%,48.17%,31.60%,39.47%,49.43%,52.01%,55.53%,53.66%,49.11%,45.73%,49.18%,56.51%,53.34%,48.49%
PAK,Pakistan,10.61%,10.19%,8.65%,8.25%,7.75%,7.15%,6.79%,7.05%,7.37%,6.84%,6.97%,7.34%,6.97%,6.66%,6.38%,6.84%,6.68%,6.25%,5.27%,5.22%,5.20%,5.11%,5.34%,6.05%,7.06%,7.48%,8.02%,8.11%,8.90%,7.36%,8.56%,9.85%,9.64%,9.22%,9.24%,8.26%,8.19%,8.69%,8.39%,7.18%,6.51%
PLW,Palau,,,,,,,,,,,,,,,,,,,,,10.61%,19.82%,14.95%,14.41%,17.31%,21.98%,30.61%,26.02%,35.37%,22.01%,26.25%,31.74%,25.76%,41.76%,32.92%,38.30%,61.79%,46.32%,51.61%,48.98%,45.53%
PAN,Panama,93.12%,97.50%,91.88%,75.76%,88.51%,88.23%,76.75%,74.93%,80.87%,88.31%,84.02%,84.39%,95.35%,86.59%,99.72%,110.00%,102.91%,95.67%,82.12%,78.52%,73.86%,68.43%,64.45%,68.24%,73.76%,79.83%,85.48%,92.40%,111.94%,98.86%,115.14%,117.96%,112.90%,92.53%,69.19%,47.61%,36.94%,36.76%,38.28%,35.44%,32.64%
PNG,Papua New Guinea,63.95%,56.13%,47.61%,45.61%,45.68%,40.73%,41.04%,45.90%,51.59%,52.92%,43.55%,48.57%,47.54%,47.62%,44.63%,44.65%,42.81%,41.33%,28.89%,31.22%,29.30%,25.34%,25.15%,30.36%,32.98%,39.05%,45.52%,47.40%,57.52%,50.37%,58.00%,75.23%,76.05%,58.92%,60.80%,53.91%,45.33%,47.61%,49.83%,47.78%,42.14%
PRY,Paraguay,15.57%,12.68%,9.63%,7.40%,8.18%,7.06%,8.87%,8.71%,9.98%,10.24%,12.58%,11.25%,10.65%,13.49%,15.88%,18.59%,16.60%,16.24%,14.68%,10.31%,10.81%,10.03%,8.52%,10.03%,11.55%,12.01%,12.94%,16.49%,22.60%,16.61%,21.43%,24.39%,23.67%,24.75%,24.50%,19.33%,18.72%,20.29%,20.02%,17.05%,15.81%
PER,Peru,12.83%,11.98%,9.88%,8.52%,8.04%,7.02%,6.70%,6.71%,6.75%,8.22%,8.42%,8.87%,9.09%,8.44%,9.68%,11.40%,11.16%,11.65%,10.35%,9.02%,10.15%,9.63%,9.80%,10.60%,13.36%,15.38%,18.55%,20.92%,22.84%,16.91%,21.71%,25.79%,27.27%,25.06%,22.63%,19.91%,18.71%,20.47%,20.91%,19.93%,19.88%
PHL,Philippines,16.10%,15.24%,12.67%,11.68%,11.12%,10.61%,9.92%,11.78%,12.78%,13.26%,13.92%,13.71%,15.86%,17.96%,20.11%,23.72%,26.84%,29.50%,28.03%,30.41%,35.17%,29.33%,29.03%,30.15%,31.07%,30.79%,31.50%,32.04%,31.08%,23.26%,28.99%,29.43%,28.29%,26.74%,27.01%,24.11%,23.06%,24.67%,24.83%,22.84%,22.78%
POL,Poland,11.07%,16.62%,12.53%,11.69%,11.58%,11.06%,10.77%,10.82%,12.02%,10.94%,11.39%,13.47%,13.04%,12.60%,13.32%,16.58%,17.08%,17.35%,17.42%,16.36%,16.66%,17.05%,18.27%,22.21%,26.61%,29.73%,35.94%,42.45%,49.64%,36.22%,40.88%,46.21%,42.46%,43.96%,45.15%,38.97%,38.43%,41.07%,43.11%,40.66%,41.37%
PRT,Portugal,20.49%,20.28%,17.61%,16.09%,15.99%,15.65%,19.13%,23.30%,26.14%,27.17%,30.68%,30.32%,31.94%,26.65%,28.49%,33.95%,34.19%,32.56%,32.66%,32.24%,31.80%,31.88%,31.68%,37.65%,42.03%,42.09%,44.46%,47.24%,51.73%,41.61%,44.28%,49.75%,46.71%,47.38%,47.37%,40.05%,37.85%,40.85%,43.06%,41.33%,39.87%
QAT,Qatar,34.02%,35.82%,32.17%,25.36%,23.93%,21.19%,13.48%,12.80%,12.58%,13.64%,19.29%,19.50%,18.89%,17.44%,16.65%,20.61%,21.20%,22.02%,17.29%,17.42%,27.61%,27.43%,23.92%,29.42%,31.86%,38.61%,40.52%,41.57%,52.21%,32.99%,35.74%,46.77%,49.09%,48.83%,49.73%,45.26%,38.38%,37.09%,44.79%,41.71%,31.29%
ROU,Romania,12.28%,17.64%,12.63%,10.85%,10.19%,10.42%,10.35%,10.32%,9.82%,9.39%,7.48%,5.88%,6.78%,6.96%,7.89%,10.01%,9.77%,10.27%,11.25%,10.70%,12.58%,13.38%,14.58%,18.44%,21.82%,24.24%,28.07%,29.32%,32.18%,24.98%,30.56%,36.58%,32.66%,33.98%,35.75%,30.45%,28.87%,29.24%,31.75%,29.25%,27.68%
RUS,Russia,,,,,,,,,,,,,2.14%,5.05%,7.92%,10.31%,11.36%,11.45%,10.20%,8.44%,10.23%,10.09%,9.92%,11.86%,14.46%,16.53%,18.66%,21.05%,25.48%,17.05%,21.05%,26.05%,25.13%,23.09%,21.18%,15.02%,13.46%,15.24%,16.85%,15.71%,13.69%
RWA,Rwanda,14.14%,12.26%,10.24%,9.56%,9.45%,8.70%,10.61%,9.65%,10.22%,8.53%,9.47%,7.45%,9.55%,8.18%,10.26%,9.23%,12.41%,9.25%,6.89%,5.57%,5.26%,5.19%,5.16%,5.52%,8.90%,5.84%,5.36%,6.39%,9.25%,7.94%,8.27%,9.97%,10.16%,10.20%,9.94%,8.52%,8.65%,8.00%,10.16%,8.16%,8.35%
WSM,Samoa,40.05%,39.43%,32.05%,31.85%,36.73%,35.37%,18.38%,25.37%,33.83%,24.97%,26.00%,33.28%,69.35%,54.18%,46.29%,48.62%,48.77%,43.93%,45.03%,45.27%,60.81%,52.96%,38.59%,49.21%,48.12%,50.21%,46.49%,48.97%,45.69%,41.02%,51.59%,49.01%,50.49%,49.69%,42.24%,39.18%,39.68%,39.31%,40.71%,43.26%,75.50%
SMR,San Marino,,,,,,,,,,,,,,,,,,,,,14.11%,16.01%,17.63%,20.49%,21.31%,21.43%,23.12%,26.37%,27.43%,20.82%,23.84%,26.53%,24.55%,23.55%,23.55%,20.40%,20.17%,22.10%,23.16%,22.56%,23.01%
STP,São Tomé and Príncipe,35.52%,25.59%,20.83%,9.76%,12.15%,11.89%,12.22%,14.15%,30.74%,27.60%,32.70%,19.12%,19.58%,23.05%,28.10%,21.93%,19.45%,21.32%,25.95%,25.01%,24.26%,24.72%,26.67%,25.55%,24.55%,26.99%,26.82%,31.06%,36.45%,32.21%,35.68%,38.47%,31.43%,26.76%,26.01%,21.07%,21.65%,77.66%,99.13%,71.33%,72.75%
SAU,Saudi Arabia,30.46%,32.54%,31.69%,26.86%,22.65%,17.53%,12.80%,14.90%,12.98%,13.73%,14.56%,14.44%,14.02%,12.47%,11.45%,12.44%,13.26%,13.82%,10.80%,11.28%,14.02%,13.03%,13.15%,14.45%,16.00%,19.51%,23.02%,25.09%,32.26%,20.56%,24.69%,30.24%,32.01%,32.09%,30.48%,24.62%,20.63%,21.14%,24.12%,22.37%,18.35%
SEN,Senegal,22.87%,19.69%,19.30%,17.83%,16.68%,13.99%,14.52%,15.67%,16.42%,15.70%,17.16%,14.91%,14.98%,11.67%,11.13%,13.87%,14.18%,12.89%,12.67%,13.56%,13.54%,12.65%,13.48%,14.47%,15.84%,19.07%,17.63%,24.02%,29.44%,21.19%,23.64%,31.21%,31.85%,30.52%,30.11%,26.92%,25.24%,27.00%,29.55%,28.55%,27.47%
SRB,Serbia,,,,,,,,,,,,,,,,,,,,,,,,,,6.22%,16.72%,25.53%,30.76%,21.49%,23.33%,28.48%,27.10%,29.88%,32.00%,28.85%,28.84%,32.31%,34.28%,32.85%,32.75%
SYC,Seychelles,26.88%,20.52%,33.64%,21.45%,17.67%,24.77%,29.97%,35.41%,48.49%,59.39%,40.47%,45.76%,40.02%,36.98%,31.46%,33.15%,42.99%,39.81%,39.92%,46.17%,41.70%,58.89%,57.21%,64.53%,68.47%,78.13%,69.31%,69.53%,113.70%,79.00%,89.58%,98.28%,78.15%,80.94%,71.16%,69.78%,63.87%,68.42%,74.23%,63.05%,69.27%
SLE,Sierra Leone,21.11%,15.31%,9.85%,8.38%,9.98%,8.98%,8.31%,8.90%,9.19%,10.62%,9.76%,11.41%,14.93%,9.38%,11.69%,10.35%,15.53%,16.63%,11.53%,11.60%,15.81%,14.61%,14.30%,16.29%,13.73%,14.75%,13.49%,15.38%,16.33%,14.19%,15.94%,24.67%,27.62%,27.38%,28.98%,17.24%,13.45%,16.99%,14.63%,18.05%,24.22%
SGP,Singapore,175.00%,158.78%,145.99%,130.88%,116.66%,103.78%,97.91%,110.94%,121.35%,126.73%,135.65%,136.47%,141.37%,141.44%,147.77%,163.81%,159.45%,144.78%,121.80%,122.18%,130.99%,111.72%,109.71%,114.99%,124.12%,131.66%,135.31%,135.35%,152.69%,119.68%,129.19%,140.30%,139.07%,135.95%,133.46%,108.80%,97.01%,101.61%,107.20%,98.84%,95.72%
SVK,Slovak Republic,,,,,,,,,,,,,,23.60%,26.12%,35.14%,36.36%,34.39%,35.97%,33.17%,34.80%,36.86%,40.42%,53.44%,61.50%,63.79%,74.45%,90.97%,102.45%,81.01%,93.03%,107.64%,105.04%,105.79%,103.42%,89.44%,91.38%,95.20%,101.54%,96.19%,94.60%
SVN,Slovenia,,,,,,,,,,,,,,47.48%,52.46%,64.15%,61.58%,58.30%,59.15%,54.61%,52.12%,50.83%,53.04%,63.39%,72.57%,70.93%,78.46%,93.59%,100.98%,79.34%,88.36%,103.60%,96.21%,98.74%,103.08%,89.34%,87.37%,92.94%,100.05%,95.64%,94.20%
SLB,Solomon Islands,48.93%,45.60%,44.71%,47.84%,53.58%,54.89%,54.49%,44.30%,56.06%,48.21%,43.41%,44.36%,61.31%,55.77%,50.04%,53.91%,52.53%,56.69%,48.34%,46.11%,32.46%,28.75%,28.37%,36.68%,46.24%,49.40%,55.17%,74.32%,72.13%,56.30%,71.15%,92.64%,98.62%,90.68%,87.97%,84.60%,73.30%,84.89%,88.13%,71.09%,58.64%
SOM,Somalia,,,,,,,,,,,,,,,,,,,,,,,,,,,,,,,,13.19%,17.48%,23.86%,23.92%,21.77%,21.54%,22.51%,22.78%,25.55%,32.51%
ZAF,South Africa,20.92%,18.51%,14.71%,12.84%,12.85%,10.65%,11.44%,11.57%,12.92%,11.96%,11.60%,12.19%,12.99%,12.49%,13.90%,17.71%,17.47%,17.66%,17.05%,16.14%,20.08%,19.24%,18.92%,21.76%,25.78%,27.09%,29.25%,32.26%,36.28%,27.83%,32.77%,42.26%,42.55%,39.48%,36.93%,28.17%,26.52%,28.21%,30.00%,28.82%,26.82%
SSD,South Sudan,,,,,,,,,,,,,,,,,,,,,,,,,,,,,,,,0.86%,1.66%,15.47%,26.12%,17.49%,14.60%,17.75%,20.41%,21.35%,15.70%
ESP,Spain,16.36%,16.36%,14.47%,13.20%,12.77%,12.93%,14.43%,17.44%,19.04%,19.67%,22.64%,23.19%,24.38%,19.96%,22.72%,27.04%,27.72%,27.07%,27.98%,28.20%,27.70%,25.81%,26.68%,32.11%,36.24%,37.67%,39.53%,43.59%,45.48%,34.67%,38.47%,43.01%,40.61%,40.82%,41.51%,35.48%,33.56%,34.82%,36.35%,34.34%,34.17%
LKA,Sri Lanka,16.15%,15.41%,13.89%,20.48%,17.34%,13.76%,10.89%,11.65%,12.31%,11.97%,13.27%,11.92%,13.86%,13.96%,15.21%,15.78%,13.78%,13.78%,14.07%,13.76%,14.69%,12.60%,11.91%,12.82%,13.92%,14.34%,14.72%,14.47%,15.36%,11.32%,13.42%,16.47%,13.68%,13.20%,14.25%,13.13%,10.92%,11.45%,11.59%,10.30%,8.88%
KNA,St. Kitts and Nevis,14.76%,11.19%,12.12%,8.11%,7.48%,13.85%,11.73%,105.33%,36.73%,42.54%,33.88%,29.83%,138.02%,41.32%,34.77%,96.02%,31.64%,35.66%,36.09%,31.10%,36.61%,28.04%,29.90%,36.71%,49.49%,35.72%,42.56%,44.84%,43.62%,39.75%,39.66%,91.09%,38.77%,56.57%,53.13%,41.88%,35.44%,39.94%,33.40%,30.24%,30.04%
LCA,St. Lucia,19.86%,20.91%,18.19%,16.99%,15.98%,19.17%,29.21%,25.20%,43.82%,37.39%,35.98%,33.50%,32.50%,29.39%,30.72%,36.57%,40.01%,26.50%,24.78%,25.66%,28.86%,39.21%,39.83%,22.76%,22.81%,43.64%,54.99%,83.68%,205.95%,141.95%,166.11%,158.23%,92.51%,50.21%,105.73%,72.60%,48.26%,66.97%,78.15%,72.94%,54.93%
VCT,St. Vincent and the Grenadines,18.95%,22.05%,16.72%,17.02%,15.65%,21.66%,22.97%,28.96%,54.00%,61.46%,58.45%,59.14%,55.94%,55.54%,60.35%,61.66%,47.07%,67.44%,93.59%,92.42%,77.55%,75.28%,78.71%,77.56%,95.68%,114.42%,74.80%,63.02%,91.36%,74.81%,65.25%,61.65%,46.48%,51.98%,58.01%,41.47%,46.52%,42.47%,38.73%,37.65%,27.29%
SDN,Sudan,12.10%,10.70%,9.60%,8.64%,7.75%,7.10%,5.28%,5.19%,6.09%,4.89%,4.59%,3.97%,3.27%,2.98%,3.10%,3.08%,2.84%,2.95%,2.83%,2.88%,2.97%,3.08%,3.24%,3.94%,5.71%,7.48%,12.95%,8.16%,11.33%,7.79%,9.50%,12.35%,11.76%,11.38%,8.87%,7.70%,5.66%,7.49%,6.53%,7.22%,7.21%
SUR,Suriname,49.63%,42.84%,38.39%,35.27%,30.90%,26.96%,24.75%,28.02%,28.41%,33.02%,37.12%,33.96%,33.00%,31.13%,67.28%,51.63%,38.19%,32.83%,35.92%,31.08%,27.59%,29.81%,25.98%,28.49%,33.04%,37.03%,40.35%,40.38%,48.73%,40.59%,45.84%,49.36%,55.20%,49.76%,42.61%,39.41%,31.20%,35.71%,37.44%,41.73%,43.65%
SWE,Sweden,68.48%,55.37%,48.52%,45.27%,44.12%,44.43%,50.04%,57.33%,59.35%,59.09%,63.50%,58.11%,58.30%,51.36%,57.37%,66.53%,67.62%,65.35%,63.69%,62.79%,61.92%,53.83%,54.16%,63.26%,71.20%,73.22%,74.47%,83.87%,90.07%,66.48%,73.36%,82.61%,75.79%,72.83%,71.28%,57.97%,55.34%,57.33%,59.83%,55.12%,53.63%
CHE,Switzerland,67.85%,55.76%,48.56%,46.65%,43.61%,41.87%,54.45%,62.56%,66.13%,64.00%,69.91%,65.40%,65.97%,62.30%,66.03%,75.61%,73.99%,69.24%,68.88%,68.76%,66.11%,62.93%,63.64%,72.54%,81.00%,86.27%,88.61%,97.30%,109.71%,95.98%,106.19%,132.48%,124.70%,131.34%,111.70%,95.19%,99.38%,98.19%,97.67%,94.15%,96.99%
SYR,Syria,29.26%,31.87%,23.84%,23.40%,23.84%,19.92%,15.41%,14.35%,11.15%,15.63%,17.57%,15.09%,13.67%,13.26%,13.36%,13.00%,13.51%,12.52%,11.01%,11.69%,12.81%,15.29%,15.89%,16.62%,19.33%,16.52%,17.36%,22.92%,33.07%,26.82%,28.28%,,,,,,,,,,
TWN,Taiwan Province of China,60.88%,56.66%,49.01%,48.43%,49.94%,46.26%,50.62%,60.11%,65.54%,61.45%,59.75%,61.26%,61.96%,61.38%,61.20%,66.13%,62.41%,61.63%,54.95%,54.93%,61.70%,51.95%,51.92%,54.86%,62.92%,62.80%,64.81%,64.13%,65.37%,51.92%,63.22%,66.39%,63.99%,64.54%,62.54%,55.45%,52.43%,56.41%,60.31%,57.88%,59.23%
TJK,Tajikistan,,,,,,,,,,,,,1.68%,5.64%,13.03%,23.24%,22.71%,22.17%,17.75%,22.42%,11.97%,10.04%,10.31%,13.63%,14.26%,16.95%,20.55%,24.32%,31.73%,24.17%,26.30%,29.16%,25.20%,22.75%,22.69%,18.93%,16.68%,16.86%,17.91%,16.33%,16.41%
TZA,Tanzania,16.62%,13.85%,11.55%,9.43%,9.52%,8.82%,7.62%,7.40%,6.81%,6.60%,7.13%,6.56%,7.47%,6.86%,7.09%,8.36%,7.76%,7.65%,6.80%,5.90%,8.50%,7.87%,8.07%,9.00%,9.76%,9.83%,10.30%,11.73%,14.42%,11.22%,13.05%,16.51%,18.33%,20.17%,19.76%,15.03%,12.96%,14.01%,13.80%,12.03%,11.92%
THA,Thailand,20.19%,18.82%,15.78%,15.11%,14.61%,12.50%,12.89%,15.63%,18.89%,20.71%,22.38%,22.56%,23.10%,23.13%,25.36%,29.55%,28.76%,27.76%,24.64%,25.61%,29.12%,26.29%,25.55%,27.31%,31.28%,33.86%,36.01%,37.75%,43.19%,34.72%,41.97%,47.67%,46.16%,44.16%,42.45%,38.84%,36.37%,38.06%,38.91%,36.05%,35.36%
TLS,Timor-Leste,,,,,,,,,,,,,,,,,,,,,,0.75%,1.35%,6.40%,9.04%,7.36%,6.36%,7.07%,25.08%,24.15%,45.65%,32.79%,66.10%,40.23%,20.82%,26.21%,10.64%,13.00%,9.99%,14.20%,21.86%
TGO,Togo,32.15%,26.93%,28.46%,30.16%,21.59%,19.81%,23.67%,23.64%,23.31%,20.87%,20.76%,20.53%,21.58%,16.44%,17.09%,17.35%,15.93%,16.97%,16.30%,15.78%,17.38%,19.39%,25.18%,30.86%,35.14%,40.07%,44.94%,64.89%,62.37%,50.44%,49.50%,109.02%,110.94%,109.26%,123.93%,98.01%,67.97%,79.76%,87.58%,77.04%,66.96%
TON,Tonga,61.10%,62.76%,37.74%,33.70%,24.43%,22.08%,15.89%,24.14%,27.34%,34.93%,23.39%,26.67%,29.81%,25.74%,28.87%,31.25%,29.51%,27.47%,23.55%,25.10%,25.22%,23.65%,26.49%,28.67%,29.87%,28.55%,29.25%,32.11%,35.56%,27.10%,37.18%,40.71%,41.61%,43.30%,41.19%,36.52%,38.79%,26.30%,38.04%,38.17%,32.70%
TTO,Trinidad and Tobago,76.52%,71.98%,58.62%,54.01%,51.58%,40.43%,31.62%,26.95%,25.38%,29.30%,31.16%,31.95%,29.29%,27.24%,29.72%,31.87%,31.10%,34.24%,30.79%,28.55%,37.80%,36.63%,33.49%,41.07%,48.19%,55.77%,54.81%,55.25%,70.33%,46.57%,48.64%,64.96%,65.73%,65.58%,63.05%,51.12%,40.23%,44.09%,50.86%,43.77%,37.93%
TUN,Tunisia,37.41%,32.05%,28.23%,23.69%,23.33%,19.33%,20.49%,21.29%,22.78%,25.98%,30.61%,27.84%,28.77%,24.96%,26.74%,30.36%,28.67%,27.90%,28.04%,26.81%,25.17%,25.50%,25.24%,27.11%,30.22%,29.55%,31.30%,35.46%,42.02%,32.23%,36.80%,38.39%,37.47%,38.14%,35.59%,29.36%,27.70%,29.68%,31.66%,29.43%,27.76%
TUR,Turkey,5.29%,7.03%,6.94%,6.54%,6.91%,7.29%,6.54%,7.64%,7.72%,7.97%,8.97%,8.64%,8.49%,8.84%,8.33%,10.26%,10.79%,10.94%,10.52%,10.14%,11.46%,10.40%,11.51%,14.21%,17.46%,17.64%,19.09%,22.22%,25.88%,19.21%,22.64%,24.07%,24.23%,22.99%,21.07%,16.83%,15.44%,16.39%,16.05%,15.44%,14.73%
TKM,Turkmenistan,,,,,,,,,,,,,2.60%,10.43%,22.41%,29.81%,42.92%,36.58%,15.07%,21.70%,26.66%,25.85%,23.55%,22.53%,23.80%,24.65%,23.05%,23.69%,33.96%,17.79%,14.34%,23.24%,28.28%,28.47%,27.42%,21.12%,17.22%,14.65%,14.09%,14.53%,11.43%
TUV,Tuvalu,,,,,,,,,,,,,,,,,,,,,31.27%,36.77%,78.10%,82.30%,69.88%,118.60%,174.88%,161.65%,336.87%,343.53%,263.46%,242.83%,758.81%,346.79%,391.51%,215.75%,152.80%,191.96%,233.83%,207.79%,162.04%
UGA,Uganda,15.46%,8.62%,8.98%,7.76%,8.10%,7.98%,9.07%,8.58%,7.53%,6.11%,5.72%,4.23%,3.86%,3.60%,5.56%,7.17%,6.58%,6.33%,5.10%,4.40%,4.54%,4.16%,4.27%,4.60%,5.13%,5.23%,5.61%,6.38%,6.97%,5.77%,5.88%,6.83%,7.25%,6.86%,6.63%,6.47%,6.64%,8.16%,8.51%,8.17%,8.34%
UKR,Ukraine,,,,,,,,,,,,,1.33%,2.79%,9.58%,14.57%,16.29%,16.28%,14.88%,12.20%,14.11%,14.54%,14.99%,16.69%,21.28%,23.28%,26.01%,31.26%,41.24%,26.25%,30.63%,36.50%,37.69%,30.90%,25.91%,18.95%,16.55%,19.12%,20.70%,20.27%,19.91%
ARE,United Arab Emirates,33.79%,29.08%,26.42%,23.69%,20.60%,20.89%,20.54%,21.42%,22.92%,23.75%,22.90%,23.57%,23.42%,23.17%,22.17%,23.27%,24.09%,24.13%,21.48%,21.87%,26.25%,25.66%,26.42%,30.45%,35.50%,44.01%,46.02%,51.39%,69.72%,49.59%,65.26%,73.85%,82.81%,82.05%,76.12%,69.65%,67.08%,67.01%,67.41%,64.61%,55.67%
GBR,United Kingdom,40.41%,37.07%,32.64%,29.21%,29.21%,28.02%,29.82%,32.84%,34.56%,34.53%,37.78%,35.94%,37.70%,34.12%,36.20%,40.62%,41.39%,40.99%,39.71%,39.53%,39.52%,36.57%,35.97%,38.26%,42.35%,42.26%,44.16%,47.78%,50.50%,39.49%,43.11%,48.27%,47.17%,46.57%,44.04%,38.66%,35.99%,35.72%,36.99%,35.14%,34.37%
USA,United States,16.23%,15.76%,13.77%,13.07%,13.67%,12.90%,12.90%,13.73%,14.60%,14.84%,15.09%,15.35%,15.60%,15.83%,16.93%,18.25%,18.47%,18.94%,18.26%,18.49%,19.63%,17.63%,17.05%,17.26%,18.63%,19.32%,20.27%,20.89%,22.39%,17.40%,20.36%,22.82%,22.60%,21.92%,21.80%,19.62%,18.53%,19.16%,19.87%,18.78%,17.86%
URY,Uruguay,17.75%,18.12%,15.76%,13.00%,14.67%,13.54%,13.97%,14.27%,14.69%,16.06%,16.24%,15.17%,15.90%,19.12%,19.76%,19.14%,20.00%,20.55%,21.08%,17.90%,19.61%,16.88%,13.82%,15.65%,19.36%,20.62%,22.03%,23.03%,30.52%,25.22%,30.14%,33.86%,37.04%,36.56%,34.67%,32.10%,27.98%,29.58%,30.60%,26.88%,24.50%
UZB,Uzbekistan,,,,,,,,,,,,,1.25%,3.58%,10.02%,13.06%,15.41%,14.66%,9.49%,7.61%,7.37%,7.22%,6.16%,6.95%,7.95%,8.40%,10.28%,12.33%,14.65%,10.93%,10.95%,10.78%,10.47%,12.25%,11.37%,9.04%,9.08%,10.51%,11.81%,13.29%,12.81%
VUT,Vanuatu,53.72%,44.22%,35.97%,39.41%,51.46%,44.87%,39.51%,54.56%,122.90%,152.94%,132.58%,54.89%,57.93%,91.35%,60.48%,59.83%,66.83%,73.59%,66.60%,83.80%,64.72%,53.80%,50.00%,72.10%,104.10%,121.12%,99.75%,140.93%,183.23%,116.09%,272.21%,208.96%,181.39%,217.62%,205.58%,194.16%,144.10%,95.96%,63.23%,56.07%,75.99%
VEN,Venezuela,24.60%,25.33%,20.43%,16.58%,16.22%,13.98%,10.74%,11.12%,11.03%,11.84%,13.44%,12.51%,11.92%,11.16%,10.66%,12.06%,13.78%,14.74%,12.57%,12.76%,16.73%,15.41%,14.37%,13.36%,16.95%,20.43%,22.17%,23.11%,27.97%,17.92%,20.64%,25.17%,26.59%,22.46%,20.06%,12.78%,10.16%,11.42%,15.10%,11.24%,8.27%
VNM,Vietnam,3.41%,2.22%,1.63%,1.48%,1.55%,1.80%,1.63%,1.74%,2.04%,4.63%,3.41%,4.24%,6.69%,8.40%,10.28%,12.39%,13.21%,13.28%,12.27%,12.59%,14.49%,13.94%,15.03%,17.70%,20.56%,21.89%,24.38%,29.25%,34.50%,30.27%,35.65%,41.89%,45.00%,49.53%,52.08%,54.03%,53.64%,58.00%,58.54%,57.70%,58.34%
WBG,West Bank and Gaza,,,,,,,,,,,,,,,,0.35%,0.81%,1.01%,1.43%,1.38%,1.43%,0.95%,1.11%,1.08%,1.45%,1.54%,2.10%,1.91%,2.97%,2.58%,3.38%,3.16%,2.91%,3.39%,3.63%,3.49%,3.26%,3.82%,3.62%,3.70%,4.15%
YEM,Yemen,,,,,,,,,,,15.61%,12.55%,12.50%,12.19%,10.73%,10.96%,12.87%,12.15%,9.08%,10.15%,11.99%,10.92%,11.29%,12.57%,14.20%,15.90%,18.75%,20.13%,24.33%,15.90%,18.26%,21.32%,23.98%,25.65%,22.58%,13.86%,13.14%,15.74%,15.81%,19.40%,19.61%
ZMB,Zambia,33.41%,21.53%,18.60%,14.25%,13.77%,13.29%,11.39%,12.71%,14.19%,16.98%,17.68%,14.21%,16.73%,14.62%,15.12%,16.83%,14.57%,13.62%,11.97%,9.52%,14.16%,11.81%,13.38%,11.77%,15.82%,19.31%,23.14%,25.82%,27.74%,20.70%,25.77%,31.80%,30.37%,29.12%,27.87%,23.28%,22.29%,23.29%,26.14%,24.61%,21.59%
ZWE,Zimbabwe,,,,,,,,,,,,,,,,,,,13.75%,12.64%,11.68%,10.21%,10.86%,14.93%,16.65%,19.00%,21.94%,23.90%,29.07%,19.38%,21.64%,26.09%,23.32%,20.67%,19.21%,17.05%,14.84%,14.42%,16.15%,15.14%,17.44%
