"ISO","Country.x","Region","Subregion","Econ_Level","Year","GDP_Growth_percent","Rem_Ratio_percent","Trade_GDP_Ratio_percent","Investment_Rate_percent","Savings_Rate_percent","FDI_Ratio_percent","Financial_Development","Econ_Freedom_Index","Administration","Migrant_Stock","Remittance_million","Remittance_per_capita","GDP_Mil","FDI","Population_million"
"AGO","Angola","Africa","Southern Africa","EM",1981,4.64,NA,26,17.288,15.105,NA,0,NA,0.365020947445981,NA,NA,NA,11408,NA,8.640478
"AGO","Angola","Africa","Southern Africa","EM",1982,6.18,NA,19.06,19.613,12.419,NA,0,NA,0.356816676124831,NA,NA,NA,12113,NA,8.952971
"AGO","Angola","Africa","Southern Africa","EM",1983,8.28,NA,20.33,16.279,11.463,NA,0,NA,0.352772515610818,NA,NA,NA,13116,NA,9.278104
"AGO","Angola","Africa","Southern Africa","EM",1984,9.83,NA,21.13,16.234,14.437,NA,0,NA,0.364036314598495,NA,NA,NA,14405,NA,9.614756
"AGO","Angola","Africa","Southern Africa","EM",1985,6.78,NA,24.1,12.426,11.788,1.81,0,NA,0.367242027204434,NA,NA,NA,15381,-278,9.961993
"AGO","Angola","Africa","Southern Africa","EM",1986,4.97,NA,16.63,12.475,5.41,1.45,0,NA,0.368124155974554,NA,NA,NA,16146,-234,10.320116
"AGO","Angola","Africa","Southern Africa","EM",1987,6.65,NA,20.56,12.37,14.15,0.69,0,NA,0.364201364900689,NA,NA,NA,17220,-119,10.689247
"AGO","Angola","Africa","Southern Africa","EM",1988,9.87,NA,21.32,9.638,2.68,0.69,0,NA,0.33372682400998,NA,NA,NA,18920,-131,11.068051
"AGO","Angola","Africa","Southern Africa","EM",1989,3.96,NA,22.91,9.588,9.089,1.02,0,NA,0.334452443447354,NA,NA,NA,19670,-200,11.454784
"AGO","Angola","Africa","Southern Africa","EM",1990,0.16,NA,29.02,5.725,32.396,-1.7,0,NA,0.341762363230996,0.8249,NA,NA,19702,335.7,11.848385
"AGO","Angola","Africa","Southern Africa","EM",1991,15.88,NA,22.62,12.492,37.694,2.91,0,NA,0.350798641883155,NA,NA,NA,22830,-664.5,12.248901
"AGO","Angola","Africa","Southern Africa","EM",1992,13.94,NA,24.23,21.071,42.412,1.11,0,NA,0.294888820618698,NA,NA,NA,26013,-287.956,12.657361
"AGO","Angola","Africa","Southern Africa","EM",1993,13.6,NA,15.22,21.619,45.441,1.02,0,NA,0.288354996469719,NA,NA,NA,29550,-302.1,13.075044
"AGO","Angola","Africa","Southern Africa","EM",1994,12.87,NA,13.62,21.016,47.822,0.51,0,NA,0.287795568699091,NA,NA,NA,33353,-170.3,13.503753
"AGO","Angola","Africa","Southern Africa","EM",1995,12.68,NA,14.56,22.826,52.231,1.26,0.17,NA,0.287528140816004,0.6886,NA,NA,37582,-472.427,13.945205
"AGO","Angola","Africa","Southern Africa","EM",1996,13.24,0.01,16.2,28.368,75.766,0.42,0.17,NA,0.293361139403758,NA,5.14,0.36,42559,-180.559,14.400722
"AGO","Angola","Africa","Southern Africa","EM",1997,9.12,NA,15.22,20.822,39.511,0.89,0.19,NA,0.283039120062381,NA,NA,NA,46442,-411.66,14.871572
"AGO","Angola","Africa","Southern Africa","EM",1998,5.87,NA,11.9,28.778,35.624,2.27,0.19,NA,0.27845872192283,NA,NA,NA,49168,-1113.97,15.3596
"AGO","Angola","Africa","Southern Africa","EM",1999,3.66,NA,13.47,22.568,36.319,4.85,0.12,NA,0.284227630559125,NA,NA,NA,50966,-2471.46,15.866871
"AGO","Angola","Africa","Southern Africa","EM",2000,5.36,NA,19.03,30.493,37.618,1.64,0.11,NA,0.284974929595481,0.9132,NA,NA,53697,-878.62,16.395477
"AGO","Angola","Africa","Southern Africa","EM",2001,6.49,NA,17.45,30.493,17.401,3.75,0.11,NA,0.285111804330959,NA,NA,NA,57183,-2145.47,16.945753
"AGO","Angola","Africa","Southern Africa","EM",2002,15.46,NA,16.66,30.493,27.422,2.49,0.1,NA,0.249877616435564,NA,NA,NA,66026,-1643.393,17.519418
"AGO","Angola","Africa","Southern Africa","EM",2003,4.9,NA,19.93,30.451,26.017,5.03,0.11,NA,0.219594191597138,NA,NA,NA,69263,-3481.07178,18.121477
"AGO","Angola","Africa","Southern Africa","EM",2004,13.94,NA,25.86,30.894,33.543,1.79,0.11,NA,0.220110246902443,NA,NA,NA,78918,-1413.99182,18.758138
"AGO","Angola","Africa","Southern Africa","EM",2005,18.61,NA,33.03,27.557,41.158,-1.63,0.11,4.36,0.221897152531128,0.7168,NA,NA,93606,1523.198987,19.433604
"AGO","Angola","Africa","Southern Africa","EM",2006,14.92,NA,40.65,23.301,43.429,-0.21,0.12,4.8,0.222609463233984,NA,NA,NA,107575,228.2999459,20.149905
"AGO","Angola","Africa","Southern Africa","EM",2007,17.07,NA,44.59,25.731,39.743,-1.43,0.13,4.87,0.217931472384144,NA,NA,NA,125941,1805.123607,20.90536
"AGO","Angola","Africa","Southern Africa","EM",2008,13.33,0.06,62.9,30.804,37.691,-0.62,0.14,4.89,0.220352530190185,NA,82.08,3.78,142727,890.6729639,21.695636
"AGO","Angola","Africa","Southern Africa","EM",2009,1.63,0,40.61,42.821,26.329,1.52,0.15,5.32,0.223782519405493,NA,0.2,0.01,145050,-2198.545055,22.514275
"AGO","Angola","Africa","Southern Africa","EM",2010,6.08,0.01,45.38,28.197,34.833,-2.97,0.15,5.39,0.226309585482114,0.6514,17.97,0.77,153871,4567.640566,23.356247
"AGO","Angola","Africa","Southern Africa","EM",2011,5.63,0,52.24,26.424,37.876,-3.15,0.14,5.25,0.227746600761859,NA,0.2,0.01,162539,5116.413414,24.22066
"AGO","Angola","Africa","Southern Africa","EM",2012,14.51,0.02,51.87,26.668,37.228,-1.26,0.13,5.45,0.223213108521978,NA,40.35,1.61,186124,2351.103731,25.107925
"AGO","Angola","Africa","Southern Africa","EM",2013,7.38,0.02,48.2,26.143,32.007,-4.02,0.14,5.11,0.217728503831655,NA,36.64,1.41,199866,8041.583617,26.015786
"AGO","Angola","Africa","Southern Africa","EM",2014,10.26,0.01,42.71,27.5,29.807,1.26,0.13,5.02,0.217308859815997,NA,30.97,1.15,220365,-2770.722211,26.941773
"AGO","Angola","Africa","Southern Africa","EM",2015,-7.15,0.01,27.57,34.202,28.491,5.28,0.14,5.64,0.216729778317997,0.6183,11.11,0.4,204604,-10813.08538,27.88438
"AGO","Angola","Africa","Southern Africa","EM",2016,0.13,0,19.51,27.215,24.487,-0.22,0.15,5.39,0.218266598147299,NA,3.99,0.14,204875,452.5226189,28.842482
"AGO","Angola","Africa","Southern Africa","EM",2017,6.4,0,21.55,24.13,23.351,-4.01,0.15,4.86,0.32649506935796,NA,1.42,0.05,217987,8749.300466,29.816769
"AGO","Angola","Africa","Southern Africa","EM",2018,0.35,0,24.63,20.303,27.342,-2.95,0.14,4.75,0.403980533601926,NA,1.58,0.05,218757,6461.790581,30.809787
"AGO","Angola","Africa","Southern Africa","EM",2019,1.17,0,21.14,19.638,25.384,-0.79,0.14,NA,0.40026808950679,NA,3.45,0.11,221326,1749.052912,31.825299
"AGO","Angola","Africa","Southern Africa","EM",2020,-2.81,0,14.65,23.006,22.399,-0.91,NA,NA,0.40130343253778,0.6681,8.05,0.24,215105,1956.982582,32.866268
"BWA","Botswana","Africa","Southern Africa","EM",1981,18.38,3.4,14.65,45.152,24.173,4.03,0.21,NA,0.642660091085414,NA,74.58,80.16,2196,-88.5581515,0.930412
"BWA","Botswana","Africa","Southern Africa","EM",1982,23.04,2.09,8.43,31.795,28.737,0.78,0.18,NA,0.642610117192546,NA,56.43,58.61,2702,-21.07490089,0.962859
"BWA","Botswana","Africa","Southern Africa","EM",1983,15.14,1.8,9.07,27.372,26.715,0.81,0.19,NA,0.641860751480211,NA,55.88,56.1,3111,-25.07006325,0.996124
"BWA","Botswana","Africa","Southern Africa","EM",1984,10.35,1.46,8.27,31.033,27.182,1.82,0.17,NA,0.640007532533966,NA,49.99,48.47,3433,-62.3857545,1.031439
"BWA","Botswana","Africa","Southern Africa","EM",1985,11.13,0.82,6.02,16.936,36.632,1.37,0.12,5.62,0.641008217143737,NA,31.27,29.24,3815,-52.14009146,1.069585
"BWA","Botswana","Africa","Southern Africa","EM",1986,10.8,0.88,5.85,25.395,35.909,1.67,0.13,NA,0.645098113019073,NA,37.25,33.53,4227,-70.40439066,1.110948
"BWA","Botswana","Africa","Southern Africa","EM",1987,17.72,1.09,6.26,8.142,42.063,2.28,0.12,NA,0.654651130033989,NA,54.32,47.03,4976,-113.5835142,1.154904
"BWA","Botswana","Africa","Southern Africa","EM",1988,27.77,0.86,6.96,33.511,53.215,0.63,0.1,NA,0.651768318908553,NA,54.69,45.57,6358,-39.92152413,1.200073
"BWA","Botswana","Africa","Southern Africa","EM",1989,8.78,0.71,7.02,38.447,43.284,0.61,0.14,NA,0.652870285356046,NA,49.38,39.68,6916,-42.18601302,1.244484
"BWA","Botswana","Africa","Southern Africa","EM",1990,12.85,1.04,7.88,39.082,46.369,1.13,0.17,6.14,0.658368952318037,0.026,81.27,63.16,7805,-88.52621588,1.286756
"BWA","Botswana","Africa","Southern Africa","EM",1991,9.83,0.92,7.31,31.841,45.642,-0.2,0.19,NA,0.657225332412466,NA,78.95,59.53,8572,16.71978855,1.326321
"BWA","Botswana","Africa","Southern Africa","EM",1992,2.06,0.99,6.37,31.826,43.323,-0.13,0.21,NA,0.643928878779528,NA,86.84,63.69,8749,11.42328977,1.363541
"BWA","Botswana","Africa","Southern Africa","EM",1993,6.49,0.69,5.66,29.941,42.74,-3.18,0.23,NA,0.644253546432544,NA,64.55,46.14,9317,296.4415051,1.39911
"BWA","Botswana","Africa","Southern Africa","EM",1994,1.33,0.67,6.01,25.982,29.629,-0.25,0.24,NA,0.646817924651066,NA,63.4,44.21,9441,23.61578093,1.434061
"BWA","Botswana","Africa","Southern Africa","EM",1995,9.28,0.54,5.94,27.129,32.701,0.29,0.23,6.38,0.644964046488171,0.0233,55.33,37.66,10317,-29.5071796,1.469173
"BWA","Botswana","Africa","Southern Africa","EM",1996,7.76,0.39,7.44,23.443,38.614,0.65,0.22,NA,0.646359432177765,NA,43.26,28.75,11118,-72.2354975,1.504724
"BWA","Botswana","Africa","Southern Africa","EM",1997,9.89,0.33,7.44,24.052,38.335,0.79,0.26,NA,0.644697520720531,NA,40.93,26.57,12218,-96.00649727,1.540424
"BWA","Botswana","Africa","Southern Africa","EM",1998,1.85,0.29,5.66,37.937,42.185,0.74,0.29,NA,0.643632240643661,NA,36.26,23.01,12444,-91.82063854,1.575827
"BWA","Botswana","Africa","Southern Africa","EM",1999,11.26,0.19,6.42,25.626,36.901,0.25,0.28,NA,0.6540715721523,NA,26.36,16.37,13845,-35.16135434,1.61026
"BWA","Botswana","Africa","Southern Africa","EM",2000,4.26,0.13,7.12,29.551,38.972,0.38,0.28,7.28,0.657563639619582,0.0267,18.54,11.28,14435,-54.91860604,1.643333
"BWA","Botswana","Africa","Southern Africa","EM",2001,2.45,0.12,11.37,29.888,40.707,-2.36,0.29,7.22,0.658181348151043,NA,17.91,10.69,14789,348.9706549,1.674674
"BWA","Botswana","Africa","Southern Africa","EM",2002,7.75,0.12,12.04,30.193,35.012,2.29,0.29,7.2,0.656021018021408,NA,19.07,11.19,15935,-365.1141854,1.704637
"BWA","Botswana","Africa","Southern Africa","EM",2003,6.56,0.16,14.18,30.144,39.686,1.25,0.3,7.15,0.656054104781046,NA,27.31,15.75,16981,-211.9730622,1.734387
"BWA","Botswana","Africa","Southern Africa","EM",2004,5.47,0.44,18.93,31.48,35.113,2.4,0.3,7.25,0.656690043120491,NA,78.66,44.55,17910,-429.6422256,1.765533
"BWA","Botswana","Africa","Southern Africa","EM",2005,7.82,0.61,21.95,27.15,43.194,1.88,0.32,7.14,0.656617398783364,0.0333,117.74,65.44,19310,-363.6077197,1.799077
"BWA","Botswana","Africa","Southern Africa","EM",2006,11.64,0.48,17.09,25.905,45.155,2.03,0.31,7.11,0.656570741033624,NA,103.86,56.57,21558,-437.1050032,1.835911
"BWA","Botswana","Africa","Southern Africa","EM",2007,11.19,0.38,12.63,30.793,46.143,1.93,0.33,7.2,0.653800530437743,NA,92.19,49.16,23970,-462.9899716,1.875458
"BWA","Botswana","Africa","Southern Africa","EM",2008,8.31,0.18,11.54,36.187,33.454,2.36,0.34,6.95,0.643008099835015,NA,46.82,24.44,25962,-612.3170452,1.915636
"BWA","Botswana","Africa","Southern Africa","EM",2009,-6.95,0.06,9.57,38.93,26.832,0.83,0.35,6.8,0.642954106217127,NA,15.21,7.79,24158,-200.8785843,1.953495
"BWA","Botswana","Africa","Southern Africa","EM",2010,9.83,0.08,29.98,41.412,37.536,0.82,0.36,7.03,0.650142410580618,0.0442,22.3,11.22,26532,-217.4834774,1.987106
"BWA","Botswana","Africa","Southern Africa","EM",2011,8.27,0.07,42.03,38.575,40.41,1.05,0.34,7.24,0.64912522106075,NA,20.41,10.13,28725,-302.9167355,2.015406
"BWA","Botswana","Africa","Southern Africa","EM",2012,-3.51,0.07,47.11,38.84,38.824,0.5,0.35,7.33,0.631207626316215,NA,20.23,9.92,27718,-138.1284172,2.039551
"BWA","Botswana","Africa","Southern Africa","EM",2013,9.44,0.12,47.4,29.409,37.136,-0.06,0.34,7.39,0.62599663108377,NA,36,17.45,30335,17.49621402,2.062551
"BWA","Botswana","Africa","Southern Africa","EM",2014,12.23,0.14,40.01,28.199,42.579,1.19,0.34,7.43,0.625080039309628,NA,46.12,22.08,34046,-403.8174419,2.088619
"BWA","Botswana","Africa","Southern Africa","EM",2015,-3.16,0.09,34.18,32.603,39.538,0.59,0.34,7.47,0.630599412316378,0.0553,30.05,14.17,32971,-195.308867,2.120716
"BWA","Botswana","Africa","Southern Africa","EM",2016,13.07,0.07,34.64,27.032,34.718,-0.07,0.34,7.5,0.628594769889725,NA,24.62,11.4,37281,27.17111815,2.159925
"BWA","Botswana","Africa","Southern Africa","EM",2017,2.05,0.1,33.94,27.632,32.958,0.69,0.33,7.55,0.623487566219599,NA,38.96,17.67,38046,-261.4409392,2.205076
"BWA","Botswana","Africa","Southern Africa","EM",2018,6.99,0.11,29.05,29.433,30.059,0.5,0.34,7.6,0.62596069966062,NA,44.31,19.66,40704,-203.8762664,2.254067
"BWA","Botswana","Africa","Southern Africa","EM",2019,4.87,0.13,26.19,33.297,25.699,0.51,0.35,NA,0.637745414690962,NA,53.69,23.31,42685,-217.4760975,2.303703
"BWA","Botswana","Africa","Southern Africa","EM",2020,-7.14,0.12,24.82,36.12,25.775,NA,NA,NA,0.68235467393951,0.0636,46.11,19.61,39638,NA,2.351625
"SWZ","Eswatini","Africa","Southern Africa","EM",1981,17.01,3.38,23.53,59.179,12.025,3.18,0.15,NA,0.362314368145594,NA,39.93,65.63,1183,-37.60345468,0.608374
"SWZ","Eswatini","Africa","Southern Africa","EM",1982,7.69,2.92,23.01,59.134,6.787,-1.05,0.14,NA,0.36140588968907,NA,37.21,59.08,1274,13.35401415,0.629812
"SWZ","Eswatini","Africa","Southern Africa","EM",1983,3.38,4.03,14.42,71.833,10.216,-0.44,0.14,NA,0.348333716261539,NA,53.05,81.35,1317,5.744547169,0.652112
"SWZ","Eswatini","Africa","Southern Africa","EM",1984,6.15,3.77,15.13,64.144,10.263,0.13,0.14,NA,0.348592671284608,NA,52.67,78,1398,-1.762380298,0.67524
"SWZ","Eswatini","Africa","Southern Africa","EM",1985,5.15,3.23,12.84,52.003,11.293,0.67,0.13,NA,0.347674725752396,NA,47.55,68.02,1470,-9.91620582,0.699077
"SWZ","Eswatini","Africa","Southern Africa","EM",1986,21.02,3.09,13.03,34.939,15.805,1.62,0.12,NA,0.349798475944828,NA,55.01,76.02,1779,-28.83986291,0.723599
"SWZ","Eswatini","Africa","Southern Africa","EM",1987,12.7,3.93,13.05,31.864,18.35,2.47,0.12,NA,0.348464686903888,NA,78.88,105.37,2005,-49.60626054,0.748634
"SWZ","Eswatini","Africa","Southern Africa","EM",1988,11.37,4.24,16.21,45.398,26.162,1.72,0.12,NA,0.349685188610826,NA,94.79,122.5,2233,-38.31152194,0.773774
"SWZ","Eswatini","Africa","Southern Africa","EM",1989,13.7,4.32,12.84,45.694,24.242,2.03,0.14,NA,0.346238760163833,NA,109.72,137.41,2539,-51.55037171,0.798498
"SWZ","Eswatini","Africa","Southern Africa","EM",1990,13.98,3.82,14.77,37.323,41.426,0.78,0.14,NA,0.344437358575946,0.0352,110.54,134.41,2894,-22.4943112,0.822423
"SWZ","Eswatini","Africa","Southern Africa","EM",1991,5.18,3.56,14.64,37.885,41.559,1.88,0.15,NA,0.344393229664783,NA,108.32,128.15,3044,-57.11047092,0.845267
"SWZ","Eswatini","Africa","Southern Africa","EM",1992,5.58,3.43,16.86,37.932,35.085,1.68,0.14,NA,0.347804770713922,NA,110.31,127.23,3214,-54.13717849,0.866995
"SWZ","Eswatini","Africa","Southern Africa","EM",1993,5.54,2.43,12.12,33.877,29.622,1.3,0.12,NA,0.344057797035752,NA,82.4,92.82,3392,-44.13965925,0.887706
"SWZ","Eswatini","Africa","Southern Africa","EM",1994,4.6,2.17,12.06,33.078,33.192,-0.04,0.09,NA,0.346563999853165,NA,76.93,84.76,3548,1.429537677,0.907622
"SWZ","Eswatini","Africa","Southern Africa","EM",1995,7.02,2.17,10.62,27.698,26.159,0.82,0.09,NA,0.346876926161415,0.0303,82.22,88.71,3797,-31.16193858,0.926836
"SWZ","Eswatini","Africa","Southern Africa","EM",1996,5.74,1.88,9.16,28.242,25.4,0.7,0.29,NA,0.34529993875358,NA,75.4,79.75,4015,-28.16263469,0.945506
"SWZ","Eswatini","Africa","Southern Africa","EM",1997,4.88,1.99,9.07,27.375,27.235,-0.08,0.28,NA,0.346946261397081,NA,83.75,86.93,4211,3.327067608,0.963416
"SWZ","Eswatini","Africa","Southern Africa","EM",1998,3.78,1.79,6.86,39.192,34.001,2.95,0.27,NA,0.349659603523878,NA,78.37,79.98,4370,-128.801447,0.979922
"SWZ","Eswatini","Africa","Southern Africa","EM",1999,4.42,1.53,8.47,28.33,26.463,1.86,0.1,NA,0.349523124249244,NA,70.01,70.43,4563,-85.03189235,0.994105
"SWZ","Eswatini","Africa","Southern Africa","EM",2000,4.05,1.2,9.57,23.54,20.901,1.55,0.1,NA,0.350562824920531,0.0341,56.8,56.49,4748,-73.58380863,1.005432
"SWZ","Eswatini","Africa","Southern Africa","EM",2001,3.26,1.08,10.04,23.692,24.276,0.96,0.12,NA,0.348520357943062,NA,52.72,52.01,4903,-47.02863232,1.013608
"SWZ","Eswatini","Africa","Southern Africa","EM",2002,6.04,0.85,12.59,21.411,23.73,1.78,0.1,NA,0.349249197221054,NA,44.13,43.3,5199,-92.61848623,1.019054
"SWZ","Eswatini","Africa","Southern Africa","EM",2003,5.81,1.19,15.3,19.289,23.357,-1.4,0.1,NA,0.34922615750378,NA,65.23,63.78,5501,77.26342105,1.022796
"SWZ","Eswatini","Africa","Southern Africa","EM",2004,6.4,1.41,17.34,19.371,21.945,1.21,0.11,NA,0.348423534025361,NA,82.8,80.68,5853,-71.02882993,1.026287
"SWZ","Eswatini","Africa","Southern Africa","EM",2005,9.31,1.49,17.34,17.352,14.122,-0.37,0.12,NA,0.341988875634963,0.0449,95.42,92.59,6398,23.82097418,1.030575
"SWZ","Eswatini","Africa","Southern Africa","EM",2006,9.19,1.37,17.02,16.474,10.5,1.74,0.13,NA,0.341650479393418,NA,95.66,92.33,6986,-121.6457188,1.036095
"SWZ","Eswatini","Africa","Southern Africa","EM",2007,7.24,1.27,15.83,16.039,14.15,0.19,0.14,NA,0.341228631472026,NA,95.12,91.23,7492,-14.32911311,1.042651
"SWZ","Eswatini","Africa","Southern Africa","EM",2008,2.79,1.16,17.17,15.698,8.678,1.48,0.15,NA,0.341559528280739,NA,89.64,85.38,7701,-113.6703124,1.049948
"SWZ","Eswatini","Africa","Southern Africa","EM",2009,2.34,1.19,14.73,15.381,3.809,0.74,0.15,NA,0.340353245408426,NA,93.46,88.38,7881,-58.68938568,1.057462
"SWZ","Eswatini","Africa","Southern Africa","EM",2010,5,0.66,48.88,14.482,5.734,1.59,0.15,6.33,0.341489546561212,0.069,54.69,51.36,8275,-131.753962,1.064841
"SWZ","Eswatini","Africa","Southern Africa","EM",2011,4.39,0.74,43.15,12.896,7.056,1.14,0.16,6.44,0.340721314714303,NA,63.5,59.23,8638,-98.31078181,1.072029
"SWZ","Eswatini","Africa","Southern Africa","EM",2012,3.29,0.99,44.25,11.824,16.85,0.39,0.16,6.33,0.341268752386871,NA,88.55,82.05,8922,-34.74078704,1.079285
"SWZ","Eswatini","Africa","Southern Africa","EM",2013,6.09,0.79,42.46,12.221,23.061,0.92,0.16,6.48,0.339921499244779,NA,75.12,69.12,9465,-86.6753745,1.086843
"SWZ","Eswatini","Africa","Southern Africa","EM",2014,1.77,0.99,42.64,12.597,24.168,0.26,0.17,6.46,0.340430012948273,NA,95.82,87.51,9633,-25.25369183,1.095022
"SWZ","Eswatini","Africa","Southern Africa","EM",2015,0.99,0.98,37.03,12.516,25.485,0.34,0.17,6.19,0.343835508137225,0.0462,95.77,86.75,9728,-32.71960121,1.104038
"SWZ","Eswatini","Africa","Southern Africa","EM",2016,-0.31,1.01,34.74,12.84,20.713,0.35,0.17,6.21,0.346222787297821,NA,98.42,88.35,9698,-34.16017803,1.113994
"SWZ","Eswatini","Africa","Southern Africa","EM",2017,-2.49,1.53,42.55,12.831,19.076,-1.28,0.16,6.31,0.366435283649784,NA,144.42,128.4,9457,121.487677,1.124808
"SWZ","Eswatini","Africa","Southern Africa","EM",2018,4.83,1.27,42.29,13.249,14.594,0.4,0.17,6.27,0.361323821661411,NA,125.74,110.66,9914,-39.18677195,1.136274
"SWZ","Eswatini","Africa","Southern Africa","EM",2019,4.08,1.15,42.11,13.472,17.819,1.04,0.17,NA,0.357061468243001,NA,118.7,103.39,10318,-107.0612283,1.148133
"SWZ","Eswatini","Africa","Southern Africa","EM",2020,-2.17,1.11,36.08,12.944,19.897,0.58,NA,NA,0.352468997827234,0.05,112.5,96.97,10094,-58.14240168,1.160164
"GAB","Gabon","Africa","Central Africa","EM",1981,5.08,0,40.46,41.533,48.905,0.68,0.04,NA,0.291105197083095,NA,0.18,0.24,6975,-47.47334134,0.744695
"GAB","Gabon","Africa","Central Africa","EM",1982,10.54,0,35.25,40.596,45.47,1.65,0.04,NA,0.292033177062457,NA,0.06,0.08,7710,-126.9300254,0.763932
"GAB","Gabon","Africa","Central Africa","EM",1983,5.99,0,31.29,44.375,44.527,1.3,0.05,NA,0.291472538725312,NA,0.29,0.37,8172,-106.1233387,0.784056
"GAB","Gabon","Africa","Central Africa","EM",1984,8.69,0,32.77,41.263,50.638,0.05,0.05,NA,0.291639903044048,NA,0.09,0.11,8882,-4.760197436,0.805117
"GAB","Gabon","Africa","Central Africa","EM",1985,9.14,0,31.56,47.534,46.385,0.11,0.05,4.96,0.299248169248159,NA,0.13,0.16,9694,-11.0403047,0.827107
"GAB","Gabon","Africa","Central Africa","EM",1986,-0.13,0,22.42,42.426,16.427,1.07,0.06,NA,0.298041808454048,NA,0.23,0.27,9681,-103.6655732,0.850052
"GAB","Gabon","Africa","Central Africa","EM",1987,-13.3,0,24.83,36.203,20.822,0.98,0.08,NA,0.298637145147579,NA,0.3,0.34,8393,-82.11979202,0.873871
"GAB","Gabon","Africa","Central Africa","EM",1988,7.15,0,23.95,40.364,18.929,1.37,0.08,NA,0.297022535211241,NA,0.13,0.14,8993,-122.8142312,0.898472
"GAB","Gabon","Africa","Central Africa","EM",1989,19.96,0,22.25,27.922,20.724,-0.36,0.07,NA,0.300029440404998,NA,0.16,0.17,10788,38.55699059,0.923714
"GAB","Gabon","Africa","Central Africa","EM",1990,9.08,NA,29.53,23.011,22.723,0.38,0.05,5.46,0.328628772707996,0.0153,NA,NA,11768,-44.66240417,0.949493
"GAB","Gabon","Africa","Central Africa","EM",1991,9.7,NA,28.92,28.923,27.174,-0.54,0.06,NA,0.325862566398916,NA,NA,NA,12910,69.47720665,0.975785
"GAB","Gabon","Africa","Central Africa","EM",1992,-0.88,NA,26.25,23.976,17.433,0.79,0.05,NA,0.323718847252144,NA,NA,NA,12797,-101.2498306,1.002573
"GAB","Gabon","Africa","Central Africa","EM",1993,6.41,NA,23.54,23.514,19.722,-0.85,0.05,NA,0.326124686278134,NA,NA,NA,13617,116.1876688,1.029769
"GAB","Gabon","Africa","Central Africa","EM",1994,5.93,NA,21.91,22.817,27.769,-0.69,0.07,NA,0.323889225227337,NA,NA,NA,14424,99.602904,1.057252
"GAB","Gabon","Africa","Central Africa","EM",1995,7.18,0.03,22.73,24.7,30.689,-2.26,0.06,5.18,0.325749157438727,0.0166,4.47,4.12,15459,349.5593514,1.084951
"GAB","Gabon","Africa","Central Africa","EM",1996,5.52,0.04,25.03,21.035,33.392,-3.01,0.07,NA,0.32387368780269,NA,5.73,5.15,16313,491.3846267,1.112944
"GAB","Gabon","Africa","Central Africa","EM",1997,7.56,0.04,26.98,33.373,38.921,-1.89,0.08,NA,0.319107405087567,NA,6.15,5.39,17547,332.2548847,1.141332
"GAB","Gabon","Africa","Central Africa","EM",1998,4.64,0.03,19.21,41.402,23.707,0.62,0.08,NA,0.316050224505438,NA,5.56,4.75,18361,-113.4279154,1.170061
"GAB","Gabon","Africa","Central Africa","EM",1999,-7.62,0.03,28.86,25.443,30.342,-1.36,0.08,NA,0.317622486904882,NA,4.25,3.54,16961,230.5005686,1.199058
"GAB","Gabon","Africa","Central Africa","EM",2000,0.31,0.04,30.58,21.585,37.621,-0.4,0.09,5.69,0.317289730760083,0.018,6.05,4.93,17013,67.95732068,1.228359
"GAB","Gabon","Africa","Central Africa","EM",2001,4.39,0.03,27.38,29.227,39.536,-0.52,0.09,5.66,0.317752260392015,NA,5.36,4.26,17760,92.84641849,1.258008
"GAB","Gabon","Africa","Central Africa","EM",2002,1.77,0.02,22.52,31.94,38.305,0.34,0.09,5.64,0.316815103296842,NA,2.85,2.21,18075,-61.99244087,1.28831
"GAB","Gabon","Africa","Central Africa","EM",2003,3.59,0.03,26.28,28.661,37.5,0.96,0.07,5.6,0.317400883881895,NA,5.99,4.54,18724,-178.8729247,1.319946
"GAB","Gabon","Africa","Central Africa","EM",2004,3.84,0.04,29.54,26.516,36.836,1.77,0.08,5.64,0.311466962361594,NA,6.85,5.06,19443,-344.2802004,1.353788
"GAB","Gabon","Africa","Central Africa","EM",2005,2.3,0.06,33.19,24.958,45.922,0.84,0.09,5.61,0.313168414059266,0.0414,11.03,7.93,19891,-166.9276168,1.39055
"GAB","Gabon","Africa","Central Africa","EM",2006,1.06,NA,31.16,26.607,41.233,NA,0.09,5.65,0.318157138339617,NA,NA,NA,20102,NA,1.430144
"GAB","Gabon","Africa","Central Africa","EM",2007,9.19,0.07,40.72,26.258,39.911,2.72,0.09,5.68,0.319289091016315,NA,14.41,9.79,21949,-595.952005,1.472565
"GAB","Gabon","Africa","Central Africa","EM",2008,3.71,0.09,50.62,22.82,44.449,3.61,0.08,5.74,0.319777880929568,NA,20.65,13.6,22764,-821.6093836,1.518538
"GAB","Gabon","Africa","Central Africa","EM",2009,-1.54,0.06,32.58,29.091,33.513,1.75,0.09,5.72,0.323572668908648,NA,13.85,8.83,22414,-392.1757231,1.568925
"GAB","Gabon","Africa","Central Africa","EM",2010,7.51,0.16,42.26,26.105,41.009,0.61,0.09,5.37,0.342991517932188,0.0369,38.43,23.66,24097,-146.8006728,1.624146
"GAB","Gabon","Africa","Central Africa","EM",2011,9.33,0.08,58.64,23.832,47.847,4.17,0.08,5.29,0.339368659853174,NA,21.79,12.93,26345,-1098.127169,1.684629
"GAB","Gabon","Africa","Central Africa","EM",2012,1.99,0.08,57.35,29.115,47.004,-0.87,0.1,5.29,0.334369766486537,NA,22.59,12.91,26868,233.4097281,1.749677
"GAB","Gabon","Africa","Central Africa","EM",2013,2.22,0.06,60.38,33.26,40.548,0.32,0.11,5.32,0.433914945954195,NA,16.53,9.1,27464,-87.7418766,1.81707
"GAB","Gabon","Africa","Central Africa","EM",2014,5.43,0.1,52.8,35.926,43.483,2.7,0.11,5.54,0.432388846942615,NA,29.47,15.64,28956,-782.969847,1.883801
"GAB","Gabon","Africa","Central Africa","EM",2015,-1.13,0.06,35.6,34.817,29.246,0.09,0.11,5.66,0.433151880134316,0.0431,18.46,9.48,28630,-25.25321234,1.94769
"GAB","Gabon","Africa","Central Africa","EM",2016,0.19,0.06,29.83,34.448,24.059,NA,0.12,5.75,0.434229649673479,NA,18.46,9.19,28685,NA,2.007882
"GAB","Gabon","Africa","Central Africa","EM",2017,8.03,0.06,28.61,31.878,24.781,NA,0.11,5.85,0.38619002320907,NA,18.46,8.94,30987,NA,2.064812
"GAB","Gabon","Africa","Central Africa","EM",2018,3.26,0.06,29.91,30.523,27.215,NA,0.1,5.86,0.402127247393768,NA,18.46,8.71,31998,NA,2.119275
"GAB","Gabon","Africa","Central Africa","EM",2019,5.8,0.05,28.38,31.429,29.594,NA,0.1,NA,0.366163059257889,NA,18.46,8.5,33853,NA,2.172578
"GAB","Gabon","Africa","Central Africa","EM",2020,-0.57,0.05,22.35,29.718,24.591,NA,NA,NA,0.391859215120139,0.0484,17.73,7.97,33661,NA,2.225728
"MUS","Mauritius","Africa","Southern Africa","EM",1981,15.91,NA,32.78,23.85,7.488,0.03,0.3,NA,0.529829270683245,NA,NA,NA,2237,-0.671400663,0.980462
"MUS","Mauritius","Africa","Southern Africa","EM",1982,12.03,NA,29.42,22.015,14.324,0.07,0.32,NA,0.529891714830235,NA,NA,NA,2506,-1.747520131,0.992521
"MUS","Mauritius","Africa","Southern Africa","EM",1983,4.31,NA,26.46,17.806,11.273,0.06,0.3,NA,0.530684640534832,NA,NA,NA,2614,-1.623071535,1.001691
"MUS","Mauritius","Africa","Southern Africa","EM",1984,8.57,NA,26.13,20.293,15.539,0.17,0.31,NA,0.528156203030302,NA,NA,NA,2838,-4.927417212,1.012221
"MUS","Mauritius","Africa","Southern Africa","EM",1985,10.25,NA,25.76,23.565,17.259,0.25,0.3,6.34,0.528910817034809,NA,NA,NA,3129,-7.965040165,1.020528
"MUS","Mauritius","Africa","Southern Africa","EM",1986,11.95,NA,36,23.322,21.362,0.21,0.29,NA,0.530282186792464,NA,NA,NA,3503,-7.425912598,1.02836
"MUS","Mauritius","Africa","Southern Africa","EM",1987,12.87,NA,43.33,24.545,28.03,0.43,0.3,NA,0.531285121611411,NA,NA,NA,3954,-17.16076113,1.036082
"MUS","Mauritius","Africa","Southern Africa","EM",1988,10.55,NA,46.78,29.089,22.479,0.54,0.31,NA,0.527578353804777,NA,NA,NA,4371,-23.59030267,1.043239
"MUS","Mauritius","Africa","Southern Africa","EM",1989,8.58,NA,42.24,31.822,27.902,0.74,0.31,NA,0.529251931273669,NA,NA,NA,4746,-35.21365354,1.05126
"MUS","Mauritius","Africa","Southern Africa","EM",1990,11.19,NA,45.26,31.713,23.2,0.77,0.3,6.15,0.527823261394593,0.1107,NA,NA,5277,-40.4347124,1.058775
"MUS","Mauritius","Africa","Southern Africa","EM",1991,7.96,NA,43.76,30.145,25.316,0.11,0.31,NA,0.531455961113651,NA,NA,NA,5697,-6.516610702,1.070266
"MUS","Mauritius","Africa","Southern Africa","EM",1992,8.95,NA,42.52,29.599,25.195,-0.46,0.29,NA,0.531341791213016,NA,NA,NA,6207,28.59307608,1.084441
"MUS","Mauritius","Africa","Southern Africa","EM",1993,7.57,NA,39.88,29.549,15.486,-0.28,0.29,NA,0.529236946506472,NA,NA,NA,6677,18.47232197,1.097374
"MUS","Mauritius","Africa","Southern Africa","EM",1994,6.35,1.66,42.71,30.807,16.974,0.27,0.31,NA,0.530208160373969,NA,118,106.03,7101,-18.9305712,1.112846
"MUS","Mauritius","Africa","Southern Africa","EM",1995,6.48,1.75,43.59,28.366,12.94,0.2,0.32,7.23,0.528695328873534,0.1141,132,117.6,7561,-15.06932176,1.122457
"MUS","Mauritius","Africa","Southern Africa","EM",1996,7.53,1.97,43.65,26.373,14.807,0.42,0.32,NA,0.528946593482887,NA,160,141.09,8130,-33.98694753,1.133996
"MUS","Mauritius","Africa","Southern Africa","EM",1997,7.5,1.92,41.42,29.22,17.528,0.6,0.34,NA,0.530053570878822,NA,168,146.31,8740,-52.09605081,1.148284
"MUS","Mauritius","Africa","Southern Africa","EM",1998,7.28,1.92,37.67,28.684,15.16,-0.02,0.34,NA,0.531386748350759,NA,180,155.12,9376,1.542138947,1.160421
"MUS","Mauritius","Africa","Southern Africa","EM",1999,4.08,1.82,42.52,29.287,27.766,0.44,0.34,NA,0.531617532100354,NA,178,151.45,9759,-42.92099684,1.175267
"MUS","Mauritius","Africa","Southern Africa","EM",2000,10.62,1.64,35.68,28.584,29.413,2.34,0.33,7.35,0.529005816966746,0.119,177,149.13,10795,-252.6892688,1.186873
"MUS","Mauritius","Africa","Southern Africa","EM",2001,5.47,1.89,33.51,19.854,31.166,-0.27,0.33,7.27,0.528376735798377,NA,215,179.72,11386,30.5435676,1.196287
"MUS","Mauritius","Africa","Southern Africa","EM",2002,3.23,1.83,32.62,21.119,30.127,0.2,0.3,7.28,0.527332613451272,NA,215,178.48,11754,-23.37534354,1.204621
"MUS","Mauritius","Africa","Southern Africa","EM",2003,7.95,1.69,37.29,22.678,28.559,0.54,0.33,7.2,0.531696205070553,NA,215,177.19,12689,-68.64831748,1.21337
"MUS","Mauritius","Africa","Southern Africa","EM",2004,7.11,1.58,33.09,23.361,25.805,-0.13,0.34,7.25,0.530573748582199,NA,215,176.08,13591,17.89179201,1.221003
"MUS","Mauritius","Africa","Southern Africa","EM",2005,4.61,1.51,34.28,21.709,21.142,-0.04,0.36,7.52,0.530161912251378,0.1306,215,175.05,14218,5.187356496,1.228254
"MUS","Mauritius","Africa","Southern Africa","EM",2006,7.67,1.4,35,25.573,20.877,0.63,0.36,7.48,0.529385954295462,NA,215,174.23,15309,-97.16737802,1.233996
"MUS","Mauritius","Africa","Southern Africa","EM",2007,8.57,1.29,36.02,25.985,25.413,1.69,0.4,7.82,0.530620047318607,NA,215,173.44,16621,-281.1892786,1.23963
"MUS","Mauritius","Africa","Southern Africa","EM",2008,7.44,1.2,38.3,25.346,19.255,1.82,0.37,7.92,0.53025454564703,NA,215,172.81,17857,-325.2982185,1.244121
"MUS","Mauritius","Africa","Southern Africa","EM",2009,4.1,1.14,28.37,23.766,15.882,1.18,0.38,7.89,0.530052873816763,NA,211,169.15,18590,-218.8420815,1.247429
"MUS","Mauritius","Africa","Southern Africa","EM",2010,5.59,1.15,31.21,27.105,14.723,70.52,0.39,7.92,0.531807956934109,0.1482,226,180.74,19629,-13843.29255,1.2504
"MUS","Mauritius","Africa","Southern Africa","EM",2011,6.26,1.19,37.75,23.946,13.174,-4.74,0.39,7.92,0.530214480701633,NA,249,198.82,20857,988.7953036,1.252404
"MUS","Mauritius","Africa","Southern Africa","EM",2012,2.14,1.17,36.64,24.381,18.079,26.62,0.37,7.97,0.528427121940395,NA,249,198.27,21304,-5670.164539,1.255882
"MUS","Mauritius","Africa","Southern Africa","EM",2013,5.55,1.11,33.5,22.032,19.009,5.35,0.39,7.88,0.524099024340861,NA,249,197.83,22487,-1203.800951,1.258653
"MUS","Mauritius","Africa","Southern Africa","EM",2014,3.67,1.4,35.24,19.676,16.778,87.38,0.42,7.82,0.517658444279971,NA,327.04,259.36,23312,-20368.99469,1.260934
"MUS","Mauritius","Africa","Southern Africa","EM",2015,4.15,0.92,31.33,18.091,16.807,18.56,0.42,7.99,0.526369135342014,0.1659,223.58,177.08,24280,-4506.901282,1.262605
"MUS","Mauritius","Africa","Southern Africa","EM",2016,7.72,0.74,26.14,17.901,17.265,30.91,0.41,7.98,0.526902908040737,NA,194.07,153.6,26155,-8085.686656,1.263473
"MUS","Mauritius","Africa","Southern Africa","EM",2017,3.54,0.92,26.41,18.275,18.795,92.7,0.48,7.99,0.510530065817998,NA,250.24,197.88,27082,-25105.18939,1.264613
"MUS","Mauritius","Africa","Southern Africa","EM",2018,6.25,0.85,26.94,19.405,18.721,5.06,0.42,8.21,0.509139913076121,NA,244.62,193.33,28775,-1455.993448,1.265303
"MUS","Mauritius","Africa","Southern Africa","EM",2019,4.85,1.06,26.2,19.835,19.347,6.67,0.5,NA,0.504113066549309,NA,318.51,251.65,30171,-2012.073658,1.265711
"MUS","Mauritius","Africa","Southern Africa","EM",2020,-14.78,1.06,23.26,18.516,12.571,NA,NA,NA,0.485185030719375,0.183,271.58,214.56,25712,NA,1.26574
"NAM","Namibia","Africa","Southern Africa","EM",1991,8.91,0.22,9.38,16.344,20.026,1.91,0.18,NA,0.580532601840086,NA,13.07,8.85,5980,-114.0760833,1.476399
"NAM","Namibia","Africa","Southern Africa","EM",1992,11.76,0.23,6.68,20.57,22.221,1.79,0.25,NA,0.589472436790112,NA,15.36,10.13,6683,-119.8100641,1.516951
"NAM","Namibia","Africa","Southern Africa","EM",1993,0.72,0.22,6.38,15.613,19.424,0.69,0.25,NA,0.591304818132788,NA,14.54,9.35,6731,-46.60711262,1.555098
"NAM","Namibia","Africa","Southern Africa","EM",1994,5.2,0.21,10.14,20.735,23.358,1.47,0.26,NA,0.589863567274546,NA,14.9,9.36,7081,-104.0892682,1.591826
"NAM","Namibia","Africa","Southern Africa","EM",1995,6.3,0.21,8.66,21.636,26.658,2.08,0.27,5.78,0.591176872152609,0.0282,15.6,9.58,7527,-156.5444427,1.627866
"NAM","Namibia","Africa","Southern Africa","EM",1996,5.09,0.17,7.66,23.31,26.624,1.9,0.29,NA,0.58730748099983,NA,13.51,8.12,7910,-150.3715969,1.663378
"NAM","Namibia","Africa","Southern Africa","EM",1997,6.01,0.16,7.29,19.351,21.836,1.08,0.28,NA,0.584101659019736,NA,13.3,7.83,8385,-90.32193193,1.698029
"NAM","Namibia","Africa","Southern Africa","EM",1998,4.46,0.13,8.55,24.695,29.728,1.12,0.29,NA,0.582248576255511,NA,11.22,6.48,8759,-98.40304579,1.731635
"NAM","Namibia","Africa","Southern Africa","EM",1999,4.85,0.11,12.76,25.909,25.093,0.22,0.32,NA,0.58230116985547,NA,9.9,5.61,9184,-20.27788361,1.763861
"NAM","Namibia","Africa","Southern Africa","EM",2000,5.81,0.09,10.48,20.076,24.972,1.9,0.32,6.42,0.581814377283952,0.0493,9.16,5.1,9718,-184.2820569,1.794583
"NAM","Namibia","Africa","Southern Africa","EM",2001,4.64,0.08,15.07,23.702,23.999,3.75,0.32,6.36,0.576500553515811,NA,8.45,4.63,10169,-381.6534535,1.823667
"NAM","Namibia","Africa","Southern Africa","EM",2002,8.37,0.07,11.79,19.386,21.934,1.63,0.32,6.48,0.574314237099612,NA,7.56,4.08,11020,-179.4436465,1.851519
"NAM","Namibia","Africa","Southern Africa","EM",2003,5.4,0.1,12.75,20.064,25.452,1.36,0.3,6.52,0.576454652315674,NA,11.79,6.27,11615,-157.5996774,1.879113
"NAM","Namibia","Africa","Southern Africa","EM",2004,9.5,0.11,17.74,19.3,26.045,1.93,0.34,6.42,0.577262974013735,NA,14.59,7.65,12719,-246.1017412,1.907737
"NAM","Namibia","Africa","Southern Africa","EM",2005,7.93,0.13,17.38,19.842,24.435,2.92,0.31,6.59,0.577375702100424,0.0656,17.5,9.03,13727,-400.2399733,1.938316
"NAM","Namibia","Africa","Southern Africa","EM",2006,7.1,0.11,22.2,22.544,36.101,2.75,0.32,6.55,0.575700540342391,NA,16.44,8.34,14701,-403.7853237,1.971318
"NAM","Namibia","Africa","Southern Africa","EM",2007,6.43,0.1,22.38,24.419,32.997,4.59,0.33,6.8,0.575294512609042,NA,15.68,7.81,15646,-717.8298273,2.006516
"NAM","Namibia","Africa","Southern Africa","EM",2008,4.65,0.08,24.56,32.297,32.185,4.54,0.39,6.75,0.578831069504959,NA,13.56,6.64,16373,-743.2677,2.043382
"NAM","Namibia","Africa","Southern Africa","EM",2009,1.06,0.46,28.19,24.695,23.223,4.62,0.51,6.75,0.580234578883122,NA,76.5,36.76,16547,-765.103324,2.081039
"NAM","Namibia","Africa","Southern Africa","EM",2010,7.28,0.39,52.42,22.872,20.691,1.59,0.51,6.69,0.579085656415048,0.0996,69.21,32.66,17751,-282.6236207,2.118877
"NAM","Namibia","Africa","Southern Africa","EM",2011,7.28,0.41,57.61,18.909,15.686,4.15,0.52,6.58,0.581967190200376,NA,78.76,36.52,19044,-790.1206625,2.156698
"NAM","Namibia","Africa","Southern Africa","EM",2012,7.66,0.39,55.15,25.624,19.952,5.03,0.52,6.66,0.58714008191393,NA,80.11,36.5,20502,-1030.405591,2.194777
"NAM","Namibia","Africa","Southern Africa","EM",2013,6.06,0.29,59.14,25.565,21.319,3.55,0.52,6.63,0.589136465587934,NA,64.1,28.7,21744,-771.8179468,2.233506
"NAM","Namibia","Africa","Southern Africa","EM",2014,9.44,0.34,53.55,36.021,25.31,1.78,0.54,6.63,0.586317121460252,NA,80.72,35.51,23796,-423.3545988,2.273426
"NAM","Namibia","Africa","Southern Africa","EM",2015,3.44,0.19,46.16,28.895,17.087,2.98,0.55,6.63,0.588910514210961,0.0504,46.67,20.16,24615,-734.5592438,2.314901
"NAM","Namibia","Africa","Southern Africa","EM",2016,-0.11,0.27,39.5,21.962,5.927,1.49,0.56,6.43,0.587805236007776,NA,66.48,28.19,24588,-366.5505021,2.358044
"NAM","Namibia","Africa","Southern Africa","EM",2017,-0.61,0.2,41.33,17.708,13.491,1.42,0.55,6.4,0.58842287080283,NA,48.29,20.1,24438,-346.9595468,2.402623
"NAM","Namibia","Africa","Southern Africa","EM",2018,3.52,0.21,45.63,14.94,11.644,0.54,0.56,6.52,0.585152020189027,NA,53.67,21.92,25299,-137.5527266,2.4483
"NAM","Namibia","Africa","Southern Africa","EM",2019,0.11,0.24,40.94,14.678,12.999,-0.73,0.53,NA,0.551569189203817,NA,60.7,24.33,25326,185.4637462,2.494524
"NAM","Namibia","Africa","Southern Africa","EM",2020,-6.12,0.24,35.54,17.098,16.428,-0.52,NA,NA,0.544900782294429,0.0478,55.99,22.04,23776,124.6030152,2.540916
"NGA","Nigeria","Africa","West Africa","EM",1991,2.81,0.04,11.91,12.234,14.234,0.4,0.12,NA,0.182372913010852,NA,65.54,0.67,179051,-712.3733625,97.667632
"NGA","Nigeria","Africa","West Africa","EM",1992,4.52,0.03,11.86,13.36,17.698,0.48,0.15,NA,0.182165035724767,NA,56.45,0.56,187148,-896.6412825,100.161708
"NGA","Nigeria","Africa","West Africa","EM",1993,3.98,0.41,10.13,13.153,11.779,0.69,0.14,NA,0.182208746311601,NA,793.15,7.72,194588,-1345.368587,102.700751
"NGA","Nigeria","Africa","West Africa","EM",1994,2.4,0.28,8.69,10.654,7.998,0.98,0.14,NA,0.174342897551669,NA,549.87,5.22,199253,-1959.219858,105.293701
"NGA","Nigeria","Africa","West Africa","EM",1995,4.01,0.12,8.99,11.601,9.651,0.16,0.14,3.59,0.173801961885982,0.5245,250.04,2.32,207240,-335.842165,107.948339
"NGA","Nigeria","Africa","West Africa","EM",1996,5.96,0.14,10.86,11.878,13.909,0.23,0.16,NA,0.173619682886787,NA,296.59,2.68,219586,-499.2768095,110.668784
"NGA","Nigeria","Africa","West Africa","EM",1997,4.66,0.25,10.64,13.25,13.544,0.2,0.18,NA,0.175893621365661,NA,585.74,5.16,229818,-469.5770198,113.457661
"NGA","Nigeria","Africa","West Africa","EM",1998,3.65,0.19,8.1,16.042,14.018,0.13,0.18,NA,0.170010515210228,NA,448.55,3.86,238205,-299.5666583,116.319763
"NGA","Nigeria","Africa","West Africa","EM",1999,1.97,0.54,8.82,17.915,18.795,0.41,0.18,NA,0.221634446863779,NA,1301.06,10.91,242906,-1004.915631,119.260055
"NGA","Nigeria","Africa","West Africa","EM",2000,7.88,0.53,11.82,14.361,25.311,0.44,0.17,5.1,0.225521407180176,0.6101,1391.83,11.38,262040,-1140.167556,122.283853
"NGA","Nigeria","Africa","West Africa","EM",2001,9.01,0.41,11.09,15.14,18.528,0.42,0.16,5.1,0.225751243698832,NA,1166.61,9.3,285640,-1190.618644,125.394046
"NGA","Nigeria","Africa","West Africa","EM",2002,16.42,0.36,8.81,20.072,21.225,0.56,0.17,5.49,0.227745913665997,NA,1208.96,9.4,332535,-1874.070753,128.596079
"NGA","Nigeria","Africa","West Africa","EM",2003,11.54,0.29,10.57,17.546,20.84,0.54,0.17,5.56,0.225766716846142,NA,1062.82,8.06,370896,-2005.353563,131.900634
"NGA","Nigeria","Africa","West Africa","EM",2004,13.42,0.54,12.23,16.553,29.473,0.45,0.19,5.68,0.226701010520113,NA,2272.73,16.8,420653,-1874.060887,135.32042
"NGA","Nigeria","Africa","West Africa","EM",2005,10.34,3.15,14.36,15.576,37.109,1.07,0.19,6.26,0.226564322139585,0.8174,14640.08,105.43,464154,-4967.898853,138.865014
"NGA","Nigeria","Africa","West Africa","EM",2006,9.96,3.32,16.56,16.268,32.659,0.89,0.2,6.47,0.226045580184617,NA,16932.14,118.79,510365,-4534.735267,142.538305
"NGA","Nigeria","Africa","West Africa","EM",2007,10.2,3.2,17.96,18.654,29.198,0.92,0.25,6.38,0.229276178412571,NA,18014.43,123.1,562428,-5168.340726,146.339971
"NGA","Nigeria","Africa","West Africa","EM",2008,9.28,3.12,21.87,15.611,24.436,1.16,0.27,6.14,0.230676382815156,NA,19199.97,127.77,614645,-7142.80662,150.269622
"NGA","Nigeria","Africa","West Africa","EM",2009,9.18,2.74,13.11,19.418,24.08,1.05,0.22,6.03,0.230282218607687,NA,18370.8,119.04,671066,-7030.645512,154.324939
"NGA","Nigeria","Africa","West Africa","EM",2010,12.56,2.61,15.79,17.291,20.843,0.68,0.21,6.17,0.231035124633989,0.9969,19744.76,124.57,755321,-5114.533233,158.503203
"NGA","Nigeria","Africa","West Africa","EM",2011,7.08,2.55,20.2,16.212,18.788,0.99,0.2,6.49,0.235039552109901,NA,20616.77,126.63,808786,-8024.302188,162.80508
"NGA","Nigeria","Africa","West Africa","EM",2012,3.38,2.46,18.84,14.908,18.677,0.66,0.22,6.42,0.237984349066631,NA,20542.88,122.84,836150,-5539.784716,167.228803
"NGA","Nigeria","Africa","West Africa","EM",2013,7.34,2.32,16.91,14.904,18.603,0.48,0.23,6.65,0.238114145466054,NA,20797.07,121.08,897506,-4335.423789,171.765819
"NGA","Nigeria","Africa","West Africa","EM",2014,8.24,2.16,15.77,15.803,15.962,0.32,0.22,6.65,0.252953788419687,NA,20999.1,119.04,971492,-3079.534132,176.404931
"NGA","Nigeria","Africa","West Africa","EM",2015,1.18,2.1,9.86,15.49,12.355,0.17,0.22,6.63,0.268142140330167,1.3065,20626.05,113.87,982912,-1628.965268,181.137454
"NGA","Nigeria","Africa","West Africa","EM",2016,-0.96,2.02,7.16,15.367,16.039,0.32,0.22,6.87,0.298169123244209,NA,19697.94,105.93,973442,-3117.793414,185.960244
"NGA","Nigeria","Africa","West Africa","EM",2017,1.77,2.22,8.71,15.474,18.242,0.21,0.22,6.83,0.322666793021382,NA,22037.02,115.45,990700,-2102.144197,190.873247
"NGA","Nigeria","Africa","West Africa","EM",2018,4.37,2.35,10.49,19.814,20.733,0.02,0.23,6.93,0.293058420378113,NA,24311.02,124.12,1033990,-209.6782884,195.874685
"NGA","Nigeria","Africa","West Africa","EM",2019,4.03,2.21,10.06,25.416,21.619,0.19,0.23,NA,0.295333763335512,NA,23809.28,118.48,1075690,-2019.780966,200.963603
"NGA","Nigeria","Africa","West Africa","EM",2020,-0.6,1.61,8.01,25.124,21.45,0.25,NA,NA,0.289166199671411,1.6705,17207.55,83.48,1069200,-2723.146964,206.139587
"SYC","Seychelles","Africa",NA,"EM",1981,5.04,NA,20.52,-8.629,9.584,0.97,0.33,NA,NA,NA,NA,NA,292,-2.843012847,0.064035
"SYC","Seychelles","Africa",NA,"EM",1982,4.11,NA,33.64,44.989,1.208,1.67,0.32,NA,NA,NA,NA,NA,304,-5.078315411,0.064413
"SYC","Seychelles","Africa",NA,"EM",1983,3.29,NA,21.45,14.201,-3.555,1.87,0.32,NA,NA,NA,NA,NA,314,-5.878860593,0.064335
"SYC","Seychelles","Africa",NA,"EM",1984,7.96,NA,17.67,15.907,7.124,1.73,0.3,NA,NA,NA,NA,NA,339,-5.856449748,0.064717
"SYC","Seychelles","Africa",NA,"EM",1985,13.86,NA,24.77,16.375,5.006,0.28,0.26,NA,NA,NA,NA,NA,386,-1.085136341,0.065244
"SYC","Seychelles","Africa",NA,"EM",1986,2.85,NA,29.97,18.624,2.605,2.12,0.22,NA,NA,NA,NA,NA,397,-8.421127244,0.065652
"SYC","Seychelles","Africa",NA,"EM",1987,7.3,NA,35.41,29.744,21.274,3.29,0.2,NA,NA,NA,NA,NA,426,-14.01519539,0.068499
"SYC","Seychelles","Africa",NA,"EM",1988,9.15,NA,48.49,30.262,20.252,4.07,0.2,NA,NA,NA,NA,NA,465,-18.9172393,0.068755
"SYC","Seychelles","Africa",NA,"EM",1989,14.62,0.8,59.39,29.635,16.627,4.04,0.23,NA,NA,NA,4.26,61.59,533,-21.50781412,0.069167
"SYC","Seychelles","Africa",NA,"EM",1990,11.44,1.26,40.47,30.467,26.947,3.22,0.22,NA,NA,0.0356,7.5,107.9,594,-19.11419042,0.069507
"SYC","Seychelles","Africa",NA,"EM",1991,6.23,1.16,45.76,17.829,15.647,2.92,0.22,NA,NA,NA,7.32,103.92,631,-18.44788118,0.070439
"SYC","Seychelles","Africa",NA,"EM",1992,9.51,1.56,40.02,21.538,19.946,1.13,0.22,NA,NA,NA,10.76,152.06,691,-7.84194646,0.070763
"SYC","Seychelles","Africa",NA,"EM",1993,9.84,0.04,36.98,26.208,28.028,2.35,0.22,NA,NA,NA,0.29,4.01,759,-17.83255922,0.072253
"SYC","Seychelles","Africa",NA,"EM",1994,-0.26,0.04,31.46,35.487,41.939,2.3,0.25,NA,NA,NA,0.3,4.04,757,-17.40555099,0.074205
"SYC","Seychelles","Africa",NA,"EM",1995,2.51,0.06,33.15,30.325,30.604,3.73,0.28,NA,NA,0.0278,0.5,6.64,776,-28.91657348,0.075304
"SYC","Seychelles","Africa",NA,"EM",1996,12.11,0.08,42.99,39.845,29.425,1.88,0.26,NA,NA,NA,0.7,9.16,870,-16.33808296,0.076417
"SYC","Seychelles","Africa",NA,"EM",1997,14.14,0.02,39.81,28.053,16.313,4.38,0.27,NA,NA,NA,0.22,2.85,993,-43.51077076,0.077319
"SYC","Seychelles","Africa",NA,"EM",1998,3.52,0.01,39.92,33.996,16.526,4.88,0.28,NA,NA,NA,0.11,1.4,1028,-50.20721721,0.078846
"SYC","Seychelles","Africa",NA,"EM",1999,3.4,0.02,46.17,30.772,12.03,4.35,0.28,NA,NA,NA,0.19,2.36,1063,-46.23231583,0.08041
"SYC","Seychelles","Africa",NA,"EM",2000,6.59,0.28,41.7,27.565,20.584,1.22,0.29,NA,NA,0.0192,3.16,38.95,1133,-13.8261349,0.081131
"SYC","Seychelles","Africa",NA,"EM",2001,-0.18,0.16,58.89,21.454,-3.143,4.97,0.29,NA,NA,NA,1.79,22.04,1131,-56.20254515,0.081202
"SYC","Seychelles","Africa",NA,"EM",2002,2.83,0.17,57.21,27.62,13.101,3.35,0.33,NA,NA,NA,1.98,23.65,1163,-38.98603345,0.083723
"SYC","Seychelles","Africa",NA,"EM",2003,-4.13,0.44,64.53,10.902,9.576,4.51,0.34,NA,NA,NA,4.86,58.71,1115,-50.27847382,0.082781
"SYC","Seychelles","Africa",NA,"EM",2004,-0.27,0.61,68.47,21.079,13.892,2.74,0.32,NA,NA,NA,6.81,82.57,1112,-30.4148521,0.082475
"SYC","Seychelles","Africa",NA,"EM",2005,12.41,0.97,78.13,35.745,16.806,6.26,0.32,NA,NA,0.0235,12.1,146.03,1250,-78.18969364,0.082858
"SYC","Seychelles","Africa",NA,"EM",2006,12.72,0.94,69.31,30.445,17.285,9.79,0.32,NA,NA,NA,13.27,156.86,1409,-137.8849112,0.0846
"SYC","Seychelles","Africa",NA,"EM",2007,13.41,0.3,69.53,29.015,18.242,9.89,0.32,NA,NA,NA,4.8,56.45,1598,-158.0967205,0.085033
"SYC","Seychelles","Africa",NA,"EM",2008,-0.25,0.2,113.7,26.904,8.421,10.47,0.34,NA,NA,NA,3.16,36.34,1594,-166.8654442,0.086956
"SYC","Seychelles","Africa",NA,"EM",2009,-0.31,1.01,79,27.275,12.438,10.25,0.32,NA,NA,NA,16.12,184.65,1589,-162.9163078,0.087298
"SYC","Seychelles","Africa",NA,"EM",2010,7.17,1.02,89.58,36.622,17.241,9.02,0.32,NA,NA,0.0259,17.38,193.61,1703,-153.6438675,0.08977
"SYC","Seychelles","Africa",NA,"EM",2011,7.57,1.38,98.28,35.407,12.449,7.39,0.33,NA,NA,NA,25.26,288.88,1832,-135.3221266,0.087441
"SYC","Seychelles","Africa",NA,"EM",2012,3.93,0.93,78.15,38.106,16.969,22.35,0.33,NA,NA,NA,17.67,200.11,1904,-425.56766,0.088303
"SYC","Seychelles","Africa",NA,"EM",2013,5.67,0.64,80.94,38.457,26.512,6.23,0.33,7.29,NA,NA,12.87,143.08,2012,-125.2939148,0.089949
"SYC","Seychelles","Africa",NA,"EM",2014,8.5,0.69,71.16,37.693,14.582,8.49,0.34,7.48,NA,NA,15.08,165.06,2183,-185.2276659,0.091359
"SYC","Seychelles","Africa",NA,"EM",2015,2.98,0.82,69.78,33.788,15.187,8.58,0.34,7.43,NA,0.0275,18.42,197.18,2248,-192.9592764,0.093419
"SYC","Seychelles","Africa",NA,"EM",2016,8.1,0.91,63.87,30.227,9.642,4.91,0.34,7.44,NA,NA,22.09,233.32,2430,-119.2850299,0.094677
"SYC","Seychelles","Africa",NA,"EM",2017,7.7,0.83,68.42,28.859,8.808,7.22,0.35,7.37,NA,NA,21.66,225.99,2617,-188.9377385,0.095843
"SYC","Seychelles","Africa",NA,"EM",2018,3.78,0.84,74.23,26.697,8.314,11.71,0.35,7.49,NA,NA,22.71,234.7,2716,-317.9370945,0.096762
"SYC","Seychelles","Africa",NA,"EM",2019,3.72,0.84,63.05,26.383,9.356,9.3,0.36,NA,NA,NA,23.65,242.25,2817,-262.0284466,0.097625
"SYC","Seychelles","Africa",NA,"EM",2020,-12.28,0.4,69.27,22.351,-6.72,6.74,NA,NA,NA,0.0293,9.98,101.36,2471,-166.4949663,0.098462
"ZAF","South Africa","Africa","Southern Africa","EM",1981,15.33,0.06,18.51,34.115,28.097,NA,0.32,NA,0.434381640379283,NA,86.86,2.96,155689,NA,29.333095
"ZAF","South Africa","Africa","Southern Africa","EM",1982,5.77,0.05,14.71,26.529,22.165,NA,0.32,NA,0.43904987635547,NA,80.45,2.67,164675,NA,30.150448
"ZAF","South Africa","Africa","Southern Africa","EM",1983,2,0.04,12.84,27.173,26.711,NA,0.33,NA,0.437073685416005,NA,73.58,2.37,167965,NA,30.993762
"ZAF","South Africa","Africa","Southern Africa","EM",1984,8.89,0.04,12.85,25.543,23.121,NA,0.3,NA,0.449482776104017,NA,64.8,2.04,182899,NA,31.841588
"ZAF","South Africa","Africa","Southern Africa","EM",1985,1.91,0.02,10.65,22.05,25.977,-0.27,0.31,5.25,0.450627456445257,NA,38.71,1.18,186398,500.0004384,32.678876
"ZAF","South Africa","Africa","Southern Africa","EM",1986,2.03,0.02,11.44,21.021,25.128,-0.06,0.35,NA,0.452227839842233,NA,35.51,1.06,190185,121.4674097,33.495956
"ZAF","South Africa","Africa","Southern Africa","EM",1987,4.63,0.02,11.57,17.784,23.548,-0.15,0.34,NA,0.451294692955831,NA,45.23,1.32,198983,303.7926867,34.297727
"ZAF","South Africa","Africa","Southern Africa","EM",1988,7.87,0.02,12.92,21.228,23.924,0.04,0.33,NA,0.452513726723693,NA,49.7,1.42,214652,-93.87105993,35.100905
"ZAF","South Africa","Africa","Southern Africa","EM",1989,6.41,0.04,11.96,22.746,24.274,-0.16,0.34,NA,0.451938890111915,NA,88.55,2.46,228410,363.9079855,35.930056
"ZAF","South Africa","Africa","Southern Africa","EM",1990,3.41,0.05,11.6,19.413,20.75,-0.04,0.32,5.57,0.464479052697073,0.3081,108.14,2.94,236205,103.6966334,36.800507
"ZAF","South Africa","Africa","Southern Africa","EM",1991,2.33,0.04,12.19,19.025,20.167,0.02,0.32,NA,0.465762568610718,NA,104.04,2.76,241708,-47.69582416,37.718952
"ZAF","South Africa","Africa","Southern Africa","EM",1992,0.09,0.04,12.99,16.769,18.228,-0.8,0.32,NA,0.467302568765959,NA,91.19,2.36,241933,1935.66947,38.672611
"ZAF","South Africa","Africa","Southern Africa","EM",1993,3.63,0.03,12.49,15.162,17.23,-0.11,0.32,NA,0.464708600112217,NA,83.29,2.1,250720,280.6237025,39.633754
"ZAF","South Africa","Africa","Southern Africa","EM",1994,5.44,0.03,13.9,17.72,17.731,-0.34,0.33,NA,0.520842066136243,NA,78.79,1.94,264356,886.096104,40.564061
"ZAF","South Africa","Africa","Southern Africa","EM",1995,5.28,0.03,17.71,19.167,17.563,-0.45,0.34,6.28,0.528367158019305,0.386,82.69,2,278308,1245.489079,41.435761
"ZAF","South Africa","Africa","Southern Africa","EM",1996,6.22,0.03,17.47,18.04,16.919,-0.08,0.37,NA,0.535451581963623,NA,74.89,1.77,295609,231.5852023,42.241007
"ZAF","South Africa","Africa","Southern Africa","EM",1997,4.42,0.06,17.66,17.715,16.26,0.48,0.41,NA,0.532655686326417,NA,176,4.09,308666,-1486.940325,42.987456
"ZAF","South Africa","Africa","Southern Africa","EM",1998,1.65,0.08,17.05,17.992,16.272,-0.35,0.46,NA,0.527368558459515,NA,258.61,5.92,313755,1083.666643,43.682259
"ZAF","South Africa","Africa","Southern Africa","EM",1999,3.84,0.09,16.14,17.035,16.537,-0.02,0.48,NA,0.526227397812647,NA,306.86,6.92,325791,80.85062599,44.338551
"ZAF","South Africa","Africa","Southern Africa","EM",2000,6.48,0.09,20.08,16.365,16.239,0.2,0.49,6.99,0.527526671889515,0.5016,324.66,7.22,346911,-691.6527386,44.967713
"ZAF","South Africa","Africa","Southern Africa","EM",2001,4.99,0.08,19.24,15.745,16.019,2.96,0.47,6.98,0.521753542676181,NA,281.61,6.18,364217,-10785.07772,45.571272
"ZAF","South Africa","Africa","Southern Africa","EM",2002,5.31,0.07,18.92,16.278,17.18,0.49,0.5,6.93,0.522752543750347,NA,268.2,5.81,383550,-1882.06701,46.150913
"ZAF","South Africa","Africa","Southern Africa","EM",2003,4.86,0.1,21.76,17.106,16.28,0.06,0.45,6.95,0.516860189175559,NA,390.8,8.36,402193,-230.59246,46.719203
"ZAF","South Africa","Africa","Southern Africa","EM",2004,7.37,0.11,25.78,18.467,15.701,-0.14,0.48,6.92,0.515538415349551,NA,468.12,9.9,431832,604.0023186,47.29161
"ZAF","South Africa","Africa","Southern Africa","EM",2005,8.56,0.13,27.09,18.315,15.186,1.2,0.5,6.95,0.51658607747309,0.6018,613.58,12.81,468781,-5612.683803,47.880595
"ZAF","South Africa","Africa","Southern Africa","EM",2006,8.8,0.14,29.25,20.183,15.706,-1.04,0.53,6.89,0.519831922885446,NA,691.93,14.27,510032,5305.504771,48.489464
"ZAF","South Africa","Africa","Southern Africa","EM",2007,8.19,0.14,32.26,20.986,15.602,0.65,0.55,6.88,0.515304967231325,NA,792.35,16.13,551808,-3604.679769,49.119766
"ZAF","South Africa","Africa","Southern Africa","EM",2008,5.2,0.14,36.28,23.15,17.613,2.07,0.57,6.74,0.514384757994777,NA,783.69,15.74,580491,-12004.58414,49.779472
"ZAF","South Africa","Africa","Southern Africa","EM",2009,-0.79,0.15,27.83,20.705,17.977,1.1,0.59,6.73,0.49099589675143,NA,862.05,17.08,575921,-6313.190334,50.477013
"ZAF","South Africa","Africa","Southern Africa","EM",2010,4.24,0.18,32.77,19.513,18.012,0.64,0.6,6.86,0.483294093486445,0.7438,1069.57,20.88,600342,-3854.564952,51.216967
"ZAF","South Africa","Africa","Southern Africa","EM",2011,5.44,0.18,42.26,19.721,17.503,0.68,0.56,6.91,0.485498696887427,NA,1158.42,22.28,633011,-4292.687424,52.003759
"ZAF","South Africa","Africa","Southern Africa","EM",2012,0.64,0.17,42.55,19.966,14.835,0.27,0.57,6.87,0.481157760376627,NA,1084.53,20.53,637034,-1727.159492,52.832659
"ZAF","South Africa","Africa","Southern Africa","EM",2013,4.93,0.15,39.48,21.164,15.377,0.26,0.58,6.92,0.474461416675305,NA,970.66,18.08,668458,-1712.645458,53.687125
"ZAF","South Africa","Africa","Southern Africa","EM",2014,2.17,0.13,36.93,20.499,15.429,-0.28,0.59,6.81,0.469520689075998,NA,913.4,16.75,682955,1900.417869,54.544184
"ZAF","South Africa","Africa","Southern Africa","EM",2015,1.8,0.12,28.17,20.918,16.3,-0.57,0.61,6.77,0.462460171647415,0.7866,825.25,14.9,695228,3993.788901,55.386369
"ZAF","South Africa","Africa","Southern Africa","EM",2016,1.8,0.11,26.52,19.161,16.291,-0.32,0.63,6.67,0.462513829045006,NA,755.43,13.44,707744,2275.171115,56.207649
"ZAF","South Africa","Africa","Southern Africa","EM",2017,2.31,0.12,28.21,18.806,16.266,-0.74,0.64,6.68,0.44011432388786,NA,873.86,15.33,724101,5390.643573,57.009751
"ZAF","South Africa","Africa","Southern Africa","EM",2018,3.21,0.12,30,17.94,14.392,0.21,0.65,6.73,0.433186464636844,NA,929.04,16.08,747322,-1542.500842,57.79252
"ZAF","South Africa","Africa","Southern Africa","EM",2019,1.94,0.12,28.82,17.589,14.572,0.26,0.64,NA,0.4471572562194,NA,890.06,15.2,761824,-1975.160486,58.558267
"ZAF","South Africa","Africa","Southern Africa","EM",2020,-5.83,0.11,26.82,12.426,14.602,0.72,NA,NA,0.49522363520828,0.9149,810.88,13.67,717396,-5159.916455,59.30869
