"0","knitr::opts_chunk$set("
"0","	echo = TRUE,"
"0","	message = TRUE,"
"0","	warning = TRUE"
"0",")"
"0",""
"0","#Notes"
"0","#change the current year withoout 'e'"
"0",""
"0","library(tidyverse)"
"0","library(readr)"
"0",""
"0","Remittances <- read_csv(""RemittancesNew.csv"") %>% "
"0","  rename(""Country"" = ""Migrant remittance inflows (US$ million)"") %>%"
"0","  pivot_longer(3:42,names_to = ""Year"",values_to = ""Remittance_million"")"
"1","
[36m──[39m [1m[1mColumn specification[1m[22m [36m─────────────────────────────────────────────────────────────────────[39m
cols(
  .default = col_double(),
  ISO = [31mcol_character()[39m,
  `Migrant remittance inflows (US$ million)` = [31mcol_character()[39m
)
[36mℹ[39m Use [38;5;235m[48;5;253m[38;5;235m[48;5;253m`spec()`[48;5;253m[38;5;235m[49m[39m for the full column specifications.

"
"0","#View(Remittances)"
"0",""
"0","(Population_1981 <- read_csv(""Population.csv"")%>%"
"0","  rename(""Country"" = ""Country Name"", ""ISO"" = ""Country Code"") %>%"
"0","  pivot_longer(3:42,names_to = ""Year"",values_to = ""Population"") %>%"
"0","  mutate(Population_million = Population/1000000) %>%"
"0","  select(-Population))"
"1","
[36m──[39m [1m[1mColumn specification[1m[22m [36m─────────────────────────────────────────────────────────────────────[39m
cols(
  .default = col_double(),
  `Country Name` = [31mcol_character()[39m,
  `Country Code` = [31mcol_character()[39m
)
[36mℹ[39m Use [38;5;235m[48;5;253m[38;5;235m[48;5;253m`spec()`[48;5;253m[38;5;235m[49m[39m for the full column specifications.

"
