"0",""
"0",""
"0","(Trade_Ratio <- read_csv(""TradeRatio.csv"")%>%"
"0","  rename(""Yearoff"" = ""1980"") %>%"
"0","  select(-Yearoff) %>%"
"0","  pivot_longer(3:42,names_to = ""Year"",values_to = ""Trade_GDP_Ratio_percent"") %>%"
"0","  mutate(Trade_GDP_Ratio_percent = parse_number(Trade_GDP_Ratio_percent)))"
"1","
[36m──[39m [1m[1mColumn specification[1m[22m [36m─────────────────────────────────────────────────────────────────────[39m
cols(
  .default = col_character()
)
[36mℹ[39m Use [38;5;235m[48;5;253m[38;5;235m[48;5;253m`spec()`[48;5;253m[38;5;235m[49m[39m for the full column specifications.

"
