"0","#View(Trade_Ratio)"
"0",""
"0","(GDP_Growth <- read_csv(""GDPGrowth.csv"") %>%"
"0","  pivot_longer(5:44,names_to = ""Year"",values_to = ""GDP_Growth_percent"") %>%"
"0","  mutate(GDP_Growth_percent = parse_number(GDP_Growth_percent)))"
"1","
[36m──[39m [1m[1mColumn specification[1m[22m [36m─────────────────────────────────────────────────────────────────────[39m
cols(
  .default = col_character(),
  `WEO Country Code` = [32mcol_double()[39m
)
[36mℹ[39m Use [38;5;235m[48;5;253m[38;5;235m[48;5;253m`spec()`[48;5;253m[38;5;235m[49m[39m for the full column specifications.

"
